Flow Duration,Total Fwd Packets,Total Backward Packets,Total Length of Fwd Packets,Total Length of Bwd Packets,Fwd Packet Length Max,Fwd Packet Length Min,Fwd Packet Length Mean,Fwd Packet Length Std,Bwd Packet Length Max,Bwd Packet Length Min,Bwd Packet Length Mean,Bwd Packet Length Std,Flow Bytes/s,Flow Packets/s,Flow IAT Mean,Flow IAT Std,Flow IAT Max,Flow IAT Min,Fwd IAT Total,Fwd IAT Mean,Fwd IAT Std,Fwd IAT Max,Fwd IAT Min,Bwd IAT Total,Bwd IAT Mean,Bwd IAT Std,Bwd IAT Max,Bwd IAT Min,Fwd PSH Flags,Bwd PSH Flags,Fwd URG Flags,Bwd URG Flags,Fwd Header Length,Bwd Header Length,Fwd Packets/s,Bwd Packets/s,Min Packet Length,Max Packet Length,Packet Length Mean,Packet Length Std,Packet Length Variance,FIN Flag Count,SYN Flag Count,RST Flag Count,PSH Flag Count,ACK Flag Count,URG Flag Count,CWE Flag Count,ECE Flag Count,Down/Up Ratio,Average Packet Size,Avg Fwd Segment Size,Avg Bwd Segment Size,Fwd Header Length.1,Fwd Avg Bytes/Bulk,Fwd Avg Packets/Bulk,Fwd Avg Bulk Rate,Bwd Avg Bytes/Bulk,Bwd Avg Packets/Bulk,Bwd Avg Bulk Rate,Subflow Fwd Packets,Subflow Fwd Bytes,Subflow Bwd Packets,Subflow Bwd Bytes,Init_Win_bytes_forward,Init_Win_bytes_backward,act_data_pkt_fwd,min_seg_size_forward,Active Mean,Active Std,Active Max,Active Min,Idle Mean,Idle Std,Idle Max,Idle Min,Label
60,1,1,0,0,0,0,0.0,0.0,0,0,0.0,0.0,0.0,33333.33333,60.0,0.0,60,60,0,0.0,0.0,0,0,0,0.0,0.0,0,0,0,0,0,0,32,32,16666.66667,16666.66667,0,0,0.0,0.0,0.0,0,0,0,0,1,1,0,0,1,0.0,0.0,0.0,32,0,0,0,0,0,0,1,0,1,0,1039,262,0,32,0.0,0.0,0,0,0.0,0.0,0,0,BENIGN
82,1,1,0,0,0,0,0.0,0.0,0,0,0.0,0.0,0.0,24390.2439,82.0,0.0,82,82,0,0.0,0.0,0,0,0,0.0,0.0,0,0,0,0,0,0,32,32,12195.12195,12195.12195,0,0,0.0,0.0,0.0,0,0,0,0,1,1,0,0,1,0.0,0.0,0.0,32,0,0,0,0,0,0,1,0,1,0,349,310,0,32,0.0,0.0,0,0,0.0,0.0,0,0,BENIGN
31065,2,2,70,102,35,35,35.0,0.0,51,51,51.0,0.0,5536.7777240000005,128.76227269999998,10355.0,17930.18996,31059,3,3,3.0,0.0,3,3,3,3.0,0.0,3,3,0,0,0,0,40,40,64.38113633,64.38113633,35,51,41.4,8.76356092,76.8,0,0,0,0,0,0,0,0,1,51.75,35.0,51.0,40,0,0,0,0,0,0,2,70,2,102,-1,-1,1,20,0.0,0.0,0,0,0.0,0.0,0,0,BENIGN
255954,25,37,1791,46276,1368,0,71.64,273.9354973,2235,0,1250.702703,508.63351050000006,187795.4632,242.2310259,4195.967213,10067.22843,37098,0,255954,10664.75,14836.92195,40145,0,191559,5321.083333,12703.30598,44865,2,0,0,0,0,812,1192,97.67380076,144.55722509999995,0,2235,762.968254,723.4181401000003,523333.8054,0,0,0,1,0,0,0,0,1,775.2741934999997,71.64,1250.702703,812,0,0,0,0,0,0,25,1791,37,46276,65535,383,6,32,0.0,0.0,0,0,0.0,0.0,0,0,BENIGN
175,2,2,90,146,45,45,45.0,0.0,73,73,73.0,0.0,1348571.429,22857.14286,58.33333333,60.79747802,124,4,4,4.0,0.0,4,4,47,47.0,0.0,47,47,0,0,0,0,40,40,11428.57143,11428.57143,45,73,56.2,15.33623161,235.2,0,0,0,0,0,0,0,0,1,70.25,45.0,73.0,40,0,0,0,0,0,0,2,90,2,146,-1,-1,1,20,0.0,0.0,0,0,0.0,0.0,0,0,BENIGN
207,2,2,62,94,31,31,31.0,0.0,47,47,47.0,0.0,753623.188405797,19323.6714975845,69.0,35.5105618091,110,48,48,48.0,0.0,48,48,49,49.0,0.0,49,49,0,0,0,0,64,64,9661.8357487923,9661.8357487923,31,47,37.4,8.7635609201,76.8,0,0,0,0,0,0,0,0,1,46.75,31.0,47.0,64,0,0,0,0,0,0,2,62,2,94,-1,-1,1,32,0.0,0.0,0,0,0.0,0.0,0,0,BENIGN
3,2,0,12,0,6,6,6.0,0.0,0,0,0.0,0.0,4000000.0,666666.6667,3.0,0.0,3,3,3,3.0,0.0,3,3,0,0.0,0.0,0,0,0,0,0,0,40,0,666666.6667,0.0,6,6,6.0,0.0,0.0,0,0,0,0,1,0,0,0,0,9.0,6.0,0.0,40,0,0,0,0,0,0,2,12,0,0,705,-1,1,20,0.0,0.0,0,0,0.0,0.0,0,0,BENIGN
48283,1,1,49,137,49,49,49.0,0.0,137,137,137.0,0.0,3852.287555,41.42244682,48283.0,0.0,48283,48283,0,0.0,0.0,0,0,0,0.0,0.0,0,0,0,0,0,0,32,32,20.71122341,20.71122341,49,137,78.33333333,50.80682369,2581.333333,0,0,0,0,0,0,0,0,1,117.5,49.0,137.0,32,0,0,0,0,0,0,1,49,1,137,-1,-1,0,32,0.0,0.0,0,0,0.0,0.0,0,0,BENIGN
20277,2,0,12,0,6,6,6.0,0.0,0,0,0.0,0.0,591.8035212,98.63392021,20277.0,0.0,20277,20277,20277,20277.0,0.0,20277,20277,0,0.0,0.0,0,0,0,0,0,0,40,0,98.63392021,0.0,6,6,6.0,0.0,0.0,0,0,0,0,1,0,0,0,0,9.0,6.0,0.0,40,0,0,0,0,0,0,2,12,0,0,253,-1,1,20,0.0,0.0,0,0,0.0,0.0,0,0,BENIGN
48,2,0,4,0,2,2,2.0,0.0,0,0,0.0,0.0,83333.33333,41666.66667,48.0,0.0,48,48,48,48.0,0.0,48,48,0,0.0,0.0,0,0,0,0,0,0,48,0,41666.66667,0.0,2,2,2.0,0.0,0.0,0,0,0,1,0,0,0,0,0,3.0,2.0,0.0,48,0,0,0,0,0,0,2,4,0,0,1024,-1,1,24,0.0,0.0,0,0,0.0,0.0,0,0,BENIGN
116100464,24,24,2759,8350,1205,0,114.9583333333,339.0623232652,2959,0,347.9166666667,748.3102075119998,95.6843721141,0.4134350402,2470222.63829787,4259760.6103235,10020025,1,116100464,5047846.26086957,4991022.65829904,10079989,49,111766726,4859422.86956522,5108475.13436148,10080224,2,0,0,0,0,776,776,0.2067175201,0.2067175201,0,2959,226.7142857143,581.433716486,338065.166666667,0,0,0,1,0,0,0,0,1,231.4375,114.9583333333,347.9166666667,776,0,0,0,0,0,0,24,2759,24,8350,29200,7086,5,32,146897.909090909,287941.78683353803,1015075,59943,10013725.2727273,17981.1288026693,10020025,9959977,BENIGN
191,2,2,82,114,41,41,41.0,0.0,57,57,57.0,0.0,1026178.01,20942.40838,63.66666667,68.85007867,139,4,48,48.0,0.0,48,48,4,4.0,0.0,4,4,0,0,0,0,40,40,10471.20419,10471.20419,41,57,47.4,8.76356092,76.8,0,0,0,0,0,0,0,0,1,59.25,41.0,57.0,40,0,0,0,0,0,0,2,82,2,114,-1,-1,1,20,0.0,0.0,0,0,0.0,0.0,0,0,BENIGN
551003,2,2,12,31,6,6,6.0,0.0,31,0,15.5,21.92031022,78.03950251,7.259488605,183667.6667,249042.0169,467156,118,551003,551003.0,0.0,551003,551003,467156,467156.0,0.0,467156,467156,0,0,0,0,40,52,3.629744303,3.629744303,0,31,9.8,12.13260071,147.2,0,0,0,0,1,0,0,0,1,12.25,6.0,15.5,40,0,0,0,0,0,0,2,12,2,31,16334,179,1,20,0.0,0.0,0,0,0.0,0.0,0,0,BENIGN
315,2,0,12,0,6,6,6.0,0.0,0,0,0.0,0.0,38095.2381,6349.206349,315.0,0.0,315,315,315,315.0,0.0,315,315,0,0.0,0.0,0,0,0,0,0,0,40,0,6349.206349,0.0,6,6,6.0,0.0,0.0,0,0,0,0,1,0,0,0,0,9.0,6.0,0.0,40,0,0,0,0,0,0,2,12,0,0,118,-1,1,20,0.0,0.0,0,0,0.0,0.0,0,0,BENIGN
138987,4,2,120,172,30,30,30.0,0.0,86,86,86.0,0.0,2100.915913,43.16950506,27797.4,51031.8998,117578,4,21405,7135.0,12312.30372,21352,4,4,4.0,0.0,4,4,0,0,0,0,144,64,28.77967004,14.38983502,30,86,46.0,27.32520204,746.6666667000003,0,0,0,0,0,0,0,0,0,53.66666667,30.0,86.0,144,0,0,0,0,0,0,4,120,2,172,-1,-1,3,32,0.0,0.0,0,0,0.0,0.0,0,0,BENIGN
30684,1,1,56,72,56,56,56.0,0.0,72,72,72.0,0.0,4171.555208,65.18055012,30684.0,0.0,30684,30684,0,0.0,0.0,0,0,0,0.0,0.0,0,0,0,0,0,0,20,20,32.59027506,32.59027506,56,72,61.33333333,9.237604307,85.33333333,0,0,0,0,0,0,0,0,1,92.0,56.0,72.0,20,0,0,0,0,0,0,1,56,1,72,-1,-1,0,20,0.0,0.0,0,0,0.0,0.0,0,0,BENIGN
258002,23,16,921,20812,437,0,40.04347826,105.3636466,3424,0,1300.75,959.2094314,84235.78112,151.1616189,6789.526316,16099.7768,59130,1,258002,11727.36364,20047.1046,59197,1,197009,13133.93333,26374.67353,79996,1,0,0,0,0,748,520,89.14659576,62.01502314,0,3424,543.325,867.4377355,752448.225,0,0,0,1,0,0,0,0,0,557.2564103,40.04347826,1300.75,748,0,0,0,0,0,0,23,921,16,20812,65535,349,6,32,0.0,0.0,0,0,0.0,0.0,0,0,BENIGN
34,1,1,0,0,0,0,0.0,0.0,0,0,0.0,0.0,0.0,58823.52941,34.0,0.0,34,34,0,0.0,0.0,0,0,0,0.0,0.0,0,0,0,0,0,0,32,32,29411.764710000003,29411.764710000003,0,0,0.0,0.0,0.0,0,0,0,0,1,1,0,0,1,0.0,0.0,0.0,32,0,0,0,0,0,0,1,0,1,0,972,284,0,32,0.0,0.0,0,0,0.0,0.0,0,0,BENIGN
28,1,1,0,0,0,0,0.0,0.0,0,0,0.0,0.0,0.0,71428.57143,28.0,0.0,28,28,0,0.0,0.0,0,0,0,0.0,0.0,0,0,0,0,0,0,32,32,35714.285710000004,35714.285710000004,0,0,0.0,0.0,0.0,0,0,0,0,1,0,0,0,1,0.0,0.0,0.0,32,0,0,0,0,0,0,1,0,1,0,353,32832,0,32,0.0,0.0,0,0,0.0,0.0,0,0,BENIGN
60,1,1,0,0,0,0,0.0,0.0,0,0,0.0,0.0,0.0,33333.33333,60.0,0.0,60,60,0,0.0,0.0,0,0,0,0.0,0.0,0,0,0,0,0,0,32,32,16666.66667,16666.66667,0,0,0.0,0.0,0.0,0,0,0,0,1,1,0,0,1,0.0,0.0,0.0,32,0,0,0,0,0,0,1,0,1,0,122,33304,0,32,0.0,0.0,0,0,0.0,0.0,0,0,BENIGN
3,2,0,4,0,2,2,2.0,0.0,0,0,0.0,0.0,1333333.333,666666.6667,3.0,0.0,3,3,3,3.0,0.0,3,3,0,0.0,0.0,0,0,0,0,0,0,48,0,666666.6667,0.0,2,2,2.0,0.0,0.0,0,0,0,1,0,0,0,0,0,3.0,2.0,0.0,48,0,0,0,0,0,0,2,4,0,0,1024,-1,1,24,0.0,0.0,0,0,0.0,0.0,0,0,BENIGN
65117809,10,10,774,765,768,0,77.4,242.6525637,765,0,76.5,241.914241,23.63408757,0.307135641,3427253.105,4683669.728999998,9999750,64,60400000,6707872.333,4952705.306,10100000,1240,65100000,7228908.778,4442026.416,10100000,996,0,0,0,0,212,284,0.15356782,0.15356782,0,768,73.28571429,230.4634771,53113.41429,0,0,0,1,0,0,0,0,1,76.95,77.4,76.5,212,0,0,0,0,0,0,10,774,10,765,8192,223,7,20,96028.66667,108390.7854,317269,50855,9965779.833,80940.81422,9999750,9800575,BENIGN
260343,2,2,94,238,47,47,47.0,0.0,119,119,119.0,0.0,1275.24074,15.36434627,86781.0,150305.637,260339,1,1,1.0,0.0,1,1,3,3.0,0.0,3,3,0,0,0,0,64,40,7.682173132999999,7.682173132999999,47,119,75.8,39.43602414,1555.2,0,0,0,0,0,0,0,0,1,94.75,47.0,119.0,64,0,0,0,0,0,0,2,94,2,238,-1,-1,1,32,0.0,0.0,0,0,0.0,0.0,0,0,BENIGN
30880,2,2,92,300,46,46,46.0,0.0,150,150,150.0,0.0,12694.30052,129.5336788,10293.33333,17822.51414,30873,3,3,3.0,0.0,3,3,4,4.0,0.0,4,4,0,0,0,0,64,64,64.76683938,64.76683938,46,150,87.6,56.96314598,3244.8,0,0,0,0,0,0,0,0,1,109.5,46.0,150.0,64,0,0,0,0,0,0,2,92,2,300,-1,-1,1,32,0.0,0.0,0,0,0.0,0.0,0,0,BENIGN
116211080,23,19,824,5889,447,0,35.82608696,102.5469525,1752,0,309.9473684,577.8725805,57.76557623,0.361411322,2834416.585,4479792.859,10000000,1,116000000,5282321.818,4991155.577,10000000,4,111000000,6166744.167,5004928.477,10000000,192,0,0,0,0,744,616,0.197915724,0.163495598,0,1752,156.1162791,409.674738,167833.3909,0,0,0,1,0,0,0,0,0,159.83333330000005,35.82608696,309.9473684,744,0,0,0,0,0,0,23,824,19,5889,29200,290,4,32,64456.33333,143118.08,518917,22988,9619800.0,1396121.494,10000000,5186568,BENIGN
3951,1,1,6,6,6,6,6.0,0.0,6,6,6.0,0.0,3037.205771,506.2009618,3951.0,0.0,3951,3951,0,0.0,0.0,0,0,0,0.0,0.0,0,0,0,0,0,0,20,20,253.1004809,253.1004809,6,6,6.0,0.0,0.0,1,0,0,0,1,0,0,0,1,9.0,6.0,6.0,20,0,0,0,0,0,0,1,6,1,6,0,0,0,20,0.0,0.0,0,0,0.0,0.0,0,0,BENIGN
51,1,1,0,0,0,0,0.0,0.0,0,0,0.0,0.0,0.0,39215.6862745098,51.0,0.0,51,51,0,0.0,0.0,0,0,0,0.0,0.0,0,0,0,0,0,0,32,32,19607.8431372549,19607.8431372549,0,0,0.0,0.0,0.0,0,0,0,0,1,1,0,0,1,0.0,0.0,0.0,32,0,0,0,0,0,0,1,0,1,0,349,252,0,32,0.0,0.0,0,0,0.0,0.0,0,0,BENIGN
48222,1,1,47,119,47,47,47.0,0.0,119,119,119.0,0.0,3442.4121770146003,41.4748455062,48222.0,0.0,48222,48222,0,0.0,0.0,0,0,0,0.0,0.0,0,0,0,0,0,0,32,32,20.7374227531,20.7374227531,47,119,71.0,41.5692193817,1728.0,0,0,0,0,0,0,0,0,1,106.5,47.0,119.0,32,0,0,0,0,0,0,1,47,1,119,-1,-1,0,32,0.0,0.0,0,0,0.0,0.0,0,0,BENIGN
108169,1,1,39,187,39,39,39.0,0.0,187,187,187.0,0.0,2089.323189,18.48958574,108169.0,0.0,108169,108169,0,0.0,0.0,0,0,0,0.0,0.0,0,0,0,0,0,0,32,32,9.24479287,9.24479287,39,187,88.33333333,85.44783984,7301.333333,0,0,0,0,0,0,0,0,1,132.5,39.0,187.0,32,0,0,0,0,0,0,1,39,1,187,-1,-1,0,32,0.0,0.0,0,0,0.0,0.0,0,0,BENIGN
115662174,16,14,649,518,565,0,40.5625,139.85800840000002,512,0,37.0,136.72375290000002,10.08972908,0.259376069,3988350.828,4856472.9860000005,9994678,112,116000000,7710811.6,4120218.505,10000000,10847,110000000,8493816.462000001,3748654.961,10000000,46732,0,0,0,0,332,424,0.138333903,0.121042165,0,565,37.64516129,133.91254569999998,17932.56989,0,0,0,1,0,0,0,0,0,38.9,40.5625,37.0,332,0,0,0,0,0,0,16,649,14,518,8192,344,15,20,63151.0,86582.06609,324198,36620,9974965.455,57912.05695,9994678,9800587,BENIGN
61382,2,2,68,250,34,34,34.0,0.0,125,125,125.0,0.0,5180.671858,65.16568375,20460.66667,35354.90976,61285,48,49,49.0,0.0,49,49,48,48.0,0.0,48,48,0,0,0,0,80,64,32.58284188,32.58284188,34,125,70.4,49.84275273,2484.3,0,0,0,0,0,0,0,0,1,88.0,34.0,125.0,80,0,0,0,0,0,0,2,68,2,250,-1,-1,1,40,0.0,0.0,0,0,0.0,0.0,0,0,BENIGN
1921,2,1,0,0,0,0,0.0,0.0,0,0,0.0,0.0,0.0,1561.6866215513,960.5,1352.6952724099,1917,4,4,4.0,0.0,4,4,0,0.0,0.0,0,0,0,0,0,0,64,32,1041.1244143675,520.5622071838,0,0,0.0,0.0,0.0,0,0,0,0,1,1,0,0,0,0.0,0.0,0.0,64,0,0,0,0,0,0,2,0,1,0,349,32832,0,32,0.0,0.0,0,0,0.0,0.0,0,0,BENIGN
5824344,3,1,12,0,6,0,4.0,3.464101615,0,0,0.0,0.0,2.060317866,0.686772622,1941448.0,3327866.484,5784067,20,5824344,2912172.0,4061472.859,5784067,40277,0,0.0,0.0,0,0,0,0,0,0,72,32,0.515079466,0.171693155,0,6,2.4,3.286335345,10.8,0,0,0,1,0,0,0,0,0,3.0,4.0,0.0,72,0,0,0,0,0,0,3,12,1,0,8192,29200,2,20,0.0,0.0,0,0,0.0,0.0,0,0,BENIGN
28449,2,2,78,302,39,39,39.0,0.0,151,151,151.0,0.0,13357.23576,140.60248159999998,9483.0,16418.1096,28441,4,4,4.0,0.0,4,4,4,4.0,0.0,4,4,0,0,0,0,40,40,70.30124082,70.30124082,39,151,83.8,61.34492644,3763.2,0,0,0,0,0,0,0,0,1,104.75,39.0,151.0,40,0,0,0,0,0,0,2,78,2,302,-1,-1,1,20,0.0,0.0,0,0,0.0,0.0,0,0,BENIGN
118967145,50,65,1029,88534,236,0,20.58,52.92624441,3498,0,1362.0615380000004,862.841959,752.8381049999998,0.96665344,1043571.447,7677048.317000003,58400000,1,119000000,2427900.918,11600000.0,58400000,49,119000000,1857739.328,10200000.0,58400000,1,0,0,0,0,1012,1312,0.420284104,0.546369336,0,3498,772.0948276,928.9724195,862989.7561,0,0,0,1,0,0,0,0,1,778.8086957,20.58,1362.0615380000004,1012,0,0,0,0,0,0,50,1029,65,88534,8192,123,9,20,1215275.5,1617083.205,2358726,71825,58200000.0,229027.6438,58400000,58100000,BENIGN
192,2,2,46,46,23,23,23.0,0.0,23,23,23.0,0.0,479166.66666666704,20833.3333333333,64.0,105.6550992617,186,3,3,3.0,0.0,3,3,3,3.0,0.0,3,3,0,0,0,0,64,64,10416.6666666667,10416.6666666667,23,23,23.0,0.0,0.0,0,0,0,0,0,0,0,0,1,28.75,23.0,23.0,64,0,0,0,0,0,0,2,46,2,46,-1,-1,1,32,0.0,0.0,0,0,0.0,0.0,0,0,BENIGN
174,2,2,64,96,32,32,32.0,0.0,48,48,48.0,0.0,919540.2299,22988.50575,58.0,49.0,97,3,74,74.0,0.0,74,74,3,3.0,0.0,3,3,0,0,0,0,40,40,11494.25287,11494.25287,32,48,38.4,8.76356092,76.8,0,0,0,0,0,0,0,0,1,48.0,32.0,48.0,40,0,0,0,0,0,0,2,64,2,96,-1,-1,1,20,0.0,0.0,0,0,0.0,0.0,0,0,BENIGN
69261378,73,79,2955,127248,406,0,40.47945205,112.9441983,4344,0,1610.734177,943.8546812,1879.878855,2.194585271,458684.6225,1979057.729,10000000,2,69300000,961963.5833,2828707.134,10100000,49,69100000,886131.0641,2735042.061,10100000,47,0,0,0,0,2344,2536,1.053978452,1.140606818,0,4344,851.0,1040.891685,1083455.5,0,0,0,1,0,0,0,0,1,856.5986842,40.47945205,1610.734177,2344,0,0,0,0,0,0,73,2955,79,127248,29200,1026,9,32,829757.8333,1682766.726,4264691,142576,10000000.0,987.6579199,10000000,10000000,BENIGN
187,2,2,88,188,44,44,44.0,0.0,94,94,94.0,0.0,1475935.829,21390.37433,62.33333333,66.66583333,135,4,4,4.0,0.0,4,4,48,48.0,0.0,48,48,0,0,0,0,64,64,10695.18717,10695.18717,44,94,64.0,27.38612788,750.0,0,0,0,0,0,0,0,0,1,80.0,44.0,94.0,64,0,0,0,0,0,0,2,88,2,188,-1,-1,1,32,0.0,0.0,0,0,0.0,0.0,0,0,BENIGN
33390917,9,9,454,1944,454,0,50.44444444,151.33333330000005,1448,0,216.0,476.1102813,71.81593725,0.539068753,1964171.588,3871716.713,10000000,1,31100000,3888910.0,5245524.105,10400000,13,33200000,4145942.75,5088746.682,10300000,5,0,0,0,0,296,280,0.269534377,0.269534377,0,1448,126.2105263,344.54601030000015,118711.9532,0,0,0,1,0,0,0,0,1,133.2222222,50.44444444,216.0,296,0,0,0,0,0,0,9,454,9,1944,29200,54,1,32,355132.3333,117019.3673,448270,223784,10000000.0,15705.74679,10000000,9999181,BENIGN
49,2,0,12,0,6,6,6.0,0.0,0,0,0.0,0.0,244897.9592,40816.32653,49.0,0.0,49,49,49,49.0,0.0,49,49,0,0.0,0.0,0,0,0,0,0,0,40,0,40816.32653,0.0,6,6,6.0,0.0,0.0,1,0,0,0,0,0,0,0,0,9.0,6.0,0.0,40,0,0,0,0,0,0,2,12,0,0,0,-1,1,20,0.0,0.0,0,0,0.0,0.0,0,0,BENIGN
111829,2,2,80,396,40,40,40.0,0.0,198,198,198.0,0.0,4256.498762,35.76889716,37276.33333,64558.44108,111822,3,4,4.0,0.0,4,4,3,3.0,0.0,3,3,0,0,0,0,64,64,17.88444858,17.88444858,40,198,103.2,86.54016409,7489.2,0,0,0,0,0,0,0,0,1,129.0,40.0,198.0,64,0,0,0,0,0,0,2,80,2,396,-1,-1,1,32,0.0,0.0,0,0,0.0,0.0,0,0,BENIGN
5,3,0,0,0,0,0,0.0,0.0,0,0,0.0,0.0,0.0,600000.0,2.5,2.121320344,4,1,5,2.5,2.121320344,4,1,0,0.0,0.0,0,0,0,0,0,0,96,0,600000.0,0.0,0,0,0.0,0.0,0.0,0,0,0,0,1,0,0,0,0,0.0,0.0,0.0,96,0,0,0,0,0,0,3,0,0,0,4754,-1,0,32,0.0,0.0,0,0,0.0,0.0,0,0,BENIGN
161431,7,9,504,3913,198,0,72.0,92.36882591,2796,0,434.7777777778,913.2569159029,27361.5352689384,99.1135531589,10762.0666666667,16372.815311043,43325,1,126390,21065.0,19180.976002278898,43325,210,126644,15830.5,29623.7812913882,78445,1,0,0,0,0,232,296,43.362179507,55.7513736519,0,2796,259.8235294118,676.0838737995,457089.404411765,0,0,0,1,0,0,0,0,1,276.0625,72.0,434.7777777778,232,0,0,0,0,0,0,7,504,9,3913,29200,118,3,32,0.0,0.0,0,0,0.0,0.0,0,0,BENIGN
205,2,2,70,134,35,35,35.0,0.0,67,67,67.0,0.0,995121.951219512,19512.1951219512,68.3333333333,76.8461666795,153,3,3,3.0,0.0,3,3,49,49.0,0.0,49,49,0,0,0,0,40,40,9756.0975609756,9756.0975609756,35,67,47.8,17.5271218402,307.2,0,0,0,0,0,0,0,0,1,59.75,35.0,67.0,40,0,0,0,0,0,0,2,70,2,134,-1,-1,1,20,0.0,0.0,0,0,0.0,0.0,0,0,BENIGN
118552911,33,51,629,67154,443,0,19.06060606,76.11173505,4380,0,1316.745098,935.0616631,571.7531474,0.70854439,1428348.325,3411594.5560000013,10000000,1,119000000,3704778.469,4797078.539,10200000,178,114000000,2280402.6,4226541.512,10100000,1,0,0,0,0,672,1164,0.278356725,0.430187665,0,4380,797.4470587999997,965.3874562,931972.9406,0,0,0,1,0,0,0,0,1,806.9404762,19.06060606,1316.745098,672,0,0,0,0,0,0,33,629,51,67154,8192,256,32,20,363681.2727,747720.0604,2618130,136337,10000000.0,4045.440106,10000000,9999773,BENIGN
66499594,18,18,1466,7767,566,0,81.44444444,173.0026257,1460,0,431.5,620.6509154,138.8429529,0.541356689,1899988.4,3858607.805,10000000,3,66500000,3911740.824,4857561.605,10100000,207,66400000,3902981.235,4878651.933,10100000,43,0,0,0,0,372,444,0.2706783439999999,0.2706783439999999,0,1460,249.5405405,477.9640616,228449.6441,0,0,0,1,0,0,0,0,1,256.47222220000003,81.44444444,431.5,372,0,0,0,0,0,0,18,1466,18,7767,8192,83,17,20,70556.85714,41464.16096,161464,50499,9388059.143,1610785.947,10000000,5735213,BENIGN
30,1,1,6,6,6,6,6.0,0.0,6,6,6.0,0.0,400000.0,66666.66667,30.0,0.0,30,30,0,0.0,0.0,0,0,0,0.0,0.0,0,0,0,0,0,0,20,20,33333.33333,33333.33333,6,6,6.0,0.0,0.0,0,0,0,0,1,1,0,0,1,9.0,6.0,6.0,20,0,0,0,0,0,0,1,6,1,6,33950,63232,0,20,0.0,0.0,0,0,0.0,0.0,0,0,BENIGN
115730854,24,22,2219,9307,613,0,92.45833333,206.0787058,1418,0,423.0454545,615.1501154,99.59314739,0.397473953,2571796.756,4339079.771000002,10000000,2,116000000,5031776.261,5007054.4860000005,10100000,2,111000000,5274600.524,5130818.018999998,10100000,2,0,0,0,0,776,712,0.207377715,0.190096238,0,1418,245.2340426,471.7971751,222592.5745,0,0,0,1,0,0,0,0,0,250.5652174,92.45833333,423.0454545,776,0,0,0,0,0,0,24,2219,22,9307,29200,377,6,32,61753.45455,81170.03581,306490,37125,10000000.0,17005.18317,10000000,9959996,BENIGN
5303305,3,1,12,0,6,0,4.0,3.4641016151,0,0,0.0,0.0,2.2627399329,0.7542466443000001,1767768.33333333,3047724.53658337,5286965,48,5303305,2651652.5,3726894.67859135,5286965,16340,0,0.0,0.0,0,0,0,0,0,0,72,32,0.5656849832,0.1885616611,0,6,2.4,3.286335345,10.8,0,0,0,1,0,0,0,0,0,3.0,4.0,0.0,72,0,0,0,0,0,0,3,12,1,0,8192,65535,2,20,0.0,0.0,0,0,0.0,0.0,0,0,BENIGN
174,2,2,72,104,36,36,36.0,0.0,52,52,52.0,0.0,1011494.253,22988.50575,58.0,95.26279442,168,3,3,3.0,0.0,3,3,3,3.0,0.0,3,3,0,0,0,0,40,40,11494.25287,11494.25287,36,52,42.4,8.76356092,76.8,0,0,0,0,0,0,0,0,1,53.0,36.0,52.0,40,0,0,0,0,0,0,2,72,2,104,-1,-1,1,20,0.0,0.0,0,0,0.0,0.0,0,0,BENIGN
141583,19,25,206,480,43,0,10.84210526,11.90360897,51,0,19.2,14.20387271,4845.214468,310.7717734,3292.627907,12913.80484,70894,0,141566,7864.777778,27178.680460000003,114501,3,141473,5894.708333,16995.59971,70894,0,0,0,0,0,404,524,134.1969022,176.5748713,0,51,15.24444444,13.8040764,190.5525253,0,0,0,1,0,0,0,0,1,15.59090909,10.84210526,19.2,404,0,0,0,0,0,0,19,206,25,480,8192,229,17,20,0.0,0.0,0,0,0.0,0.0,0,0,BENIGN
152,2,2,66,98,33,33,33.0,0.0,49,49,49.0,0.0,1078947.368,26315.78947,50.66666667,48.52147291,100,3,3,3.0,0.0,3,3,49,49.0,0.0,49,49,0,0,0,0,40,40,13157.89474,13157.89474,33,49,39.4,8.76356092,76.8,0,0,0,0,0,0,0,0,1,49.25,33.0,49.0,40,0,0,0,0,0,0,2,66,2,98,-1,-1,1,20,0.0,0.0,0,0,0.0,0.0,0,0,BENIGN
18,3,0,37,0,37,0,12.3333333333,21.36195996,0,0,0.0,0.0,2055555.55555556,166666.666666667,9.0,7.071067811900001,14,4,18,9.0,7.071067811900001,14,4,0,0.0,0.0,0,0,0,0,0,0,96,0,166666.666666667,0.0,0,37,9.25,18.5,342.25,0,0,0,0,1,0,0,0,0,12.3333333333,12.3333333333,0.0,96,0,0,0,0,0,0,3,37,0,0,114,-1,1,32,0.0,0.0,0,0,0.0,0.0,0,0,BENIGN
147,2,2,62,158,31,31,31.0,0.0,79,79,79.0,0.0,1496598.63945578,27210.884353741498,49.0,78.8098978555,140,3,3,3.0,0.0,3,3,4,4.0,0.0,4,4,0,0,0,0,64,64,13605.442176870703,13605.442176870703,31,79,50.2,26.2906827602,691.2,0,0,0,0,0,0,0,0,1,62.75,31.0,79.0,64,0,0,0,0,0,0,2,62,2,158,-1,-1,1,32,0.0,0.0,0,0,0.0,0.0,0,0,BENIGN
183,2,2,84,204,42,42,42.0,0.0,102,102,102.0,0.0,1573770.492,21857.9235,61.0,98.72689603,175,4,4,4.0,0.0,4,4,4,4.0,0.0,4,4,0,0,0,0,64,64,10928.96175,10928.96175,42,102,66.0,32.86335345,1080.0,0,0,0,0,0,0,0,0,1,82.5,42.0,102.0,64,0,0,0,0,0,0,2,84,2,204,-1,-1,1,32,0.0,0.0,0,0,0.0,0.0,0,0,BENIGN
72,1,1,0,0,0,0,0.0,0.0,0,0,0.0,0.0,0.0,27777.7777777778,72.0,0.0,72,72,0,0.0,0.0,0,0,0,0.0,0.0,0,0,0,0,0,0,32,32,13888.8888888889,13888.8888888889,0,0,0.0,0.0,0.0,0,0,0,0,1,1,0,0,1,0.0,0.0,0.0,32,0,0,0,0,0,0,1,0,1,0,57,33304,0,32,0.0,0.0,0,0,0.0,0.0,0,0,BENIGN
168,2,2,88,120,44,44,44.0,0.0,60,60,60.0,0.0,1238095.238,23809.52381,56.0,57.41950888,117,3,3,3.0,0.0,3,3,48,48.0,0.0,48,48,0,0,0,0,64,64,11904.7619,11904.7619,44,60,50.4,8.76356092,76.8,0,0,0,0,0,0,0,0,1,63.0,44.0,60.0,64,0,0,0,0,0,0,2,88,2,120,-1,-1,1,32,0.0,0.0,0,0,0.0,0.0,0,0,BENIGN
118737410,22,18,2034,1298,575,0,92.45454545,190.162018,322,0,72.11111111,137.1820983,28.06192252,0.336877821,3044548.974,4490018.2760000015,10000000,100,119000000,5654162.381,4817738.39,10000000,338,114000000,6686788.824,4690727.228999998,10000000,7565,0,0,0,0,452,504,0.185282802,0.15159502,0,575,81.26829268,165.0895249,27254.55122,0,0,0,1,0,0,0,0,0,83.3,92.45454545,72.11111111,452,0,0,0,0,0,0,22,2034,18,1298,8192,1049,21,20,335270.9091,986746.3216,3310423,37620,9998878.455,16798.78509,10000000,9950035,BENIGN
63035079,2,2,96,96,48,48,48.0,0.0,48,48,48.0,0.0,3.045923049,0.06345673,21000000.0,36300000.0,63000000,28045,63000000,63000000.0,0.0,63000000,63000000,63000000,63000000.0,0.0,63000000,63000000,0,0,0,0,52,40,0.031728365,0.031728365,48,48,48.0,0.0,0.0,0,0,0,0,0,0,0,0,1,60.0,48.0,48.0,52,0,0,0,0,0,0,2,96,2,96,-1,-1,1,20,28045.0,0.0,28045,28045,63000000.0,0.0,63000000,63000000,BENIGN
10,1,3,6,43,6,6,6.0,0.0,31,6,14.33333333,14.43375673,4900000.0,400000.0,3.333333333,2.516611478,6,1,0,0.0,0.0,0,0,4,2.0,1.4142135619999998,3,1,0,0,0,0,20,60,100000.0,300000.0,6,31,11.0,11.18033989,125.0,1,0,0,0,1,0,0,0,3,13.75,6.0,14.33333333,20,0,0,0,0,0,0,1,6,3,43,0,1129,0,20,0.0,0.0,0,0,0.0,0.0,0,0,BENIGN
280,2,0,12,0,6,6,6.0,0.0,0,0,0.0,0.0,42857.14286,7142.857143000001,280.0,0.0,280,280,280,280.0,0.0,280,280,0,0.0,0.0,0,0,0,0,0,0,40,0,7142.857143000001,0.0,6,6,6.0,0.0,0.0,0,0,0,0,1,0,0,0,0,9.0,6.0,0.0,40,0,0,0,0,0,0,2,12,0,0,1452,-1,1,20,0.0,0.0,0,0,0.0,0.0,0,0,BENIGN
24750,2,2,58,232,29,29,29.0,0.0,116,116,116.0,0.0,11717.17172,161.6161616,8250.0,14286.82116,24747,0,0,0.0,0.0,0,0,3,3.0,0.0,3,3,0,0,0,0,64,40,80.80808081,80.80808081,29,116,63.8,47.6518625,2270.7,0,0,0,0,0,0,0,0,1,79.75,29.0,116.0,64,0,0,0,0,0,0,2,58,2,232,-1,-1,1,32,0.0,0.0,0,0,0.0,0.0,0,0,BENIGN
23692,2,2,78,134,39,39,39.0,0.0,67,67,67.0,0.0,8948.168158,168.8333615,7897.333333,13633.56701,23640,4,48,48.0,0.0,48,48,4,4.0,0.0,4,4,0,0,0,0,64,40,84.41668074,84.41668074,39,67,50.2,15.33623161,235.2,0,0,0,0,0,0,0,0,1,62.75,39.0,67.0,64,0,0,0,0,0,0,2,78,2,134,-1,-1,1,32,0.0,0.0,0,0,0.0,0.0,0,0,BENIGN
41890,4,4,212,340,53,53,53.0,0.0,85,85,85.0,0.0,13177.3693,190.9763667,5984.285714,15667.74457,41515,1,41696,13898.66667,24069.73274,41692,1,41758,13919.33333,24065.70226,41708,2,0,0,0,0,80,80,95.48818334,95.48818334,53,85,67.22222222,16.86548085,284.44444439999995,0,0,0,0,0,0,0,0,1,75.625,53.0,85.0,80,0,0,0,0,0,0,4,212,4,340,-1,-1,3,20,0.0,0.0,0,0,0.0,0.0,0,0,BENIGN
227414,10,7,543,4408,210,0,54.3,76.67398516,1430,0,629.7142857000001,679.1938147999998,21770.86723,74.7535332,14213.375,22397.29536,76602,4,227414,25268.22222,27637.08867,76602,4,113979,18996.5,25674.47958000001,62376,46,0,0,0,0,212,152,43.97266659,30.78086661,0,1430,275.05555560000005,500.834653,250835.3497,0,0,0,1,0,0,0,0,0,291.2352941000001,54.3,629.7142857000001,212,0,0,0,0,0,0,10,543,7,4408,8192,343,5,20,0.0,0.0,0,0,0.0,0.0,0,0,BENIGN
178,2,2,104,178,52,52,52.0,0.0,89,89,89.0,0.0,1584269.6630000004,22471.91011,59.33333333,96.70746266,171,3,3,3.0,0.0,3,3,4,4.0,0.0,4,4,0,0,0,0,80,40,11235.95506,11235.95506,52,89,66.8,20.26573463,410.7,0,0,0,0,0,0,0,0,1,83.5,52.0,89.0,80,0,0,0,0,0,0,2,104,2,178,-1,-1,1,40,0.0,0.0,0,0,0.0,0.0,0,0,BENIGN
176,2,2,84,310,42,42,42.0,0.0,155,155,155.0,0.0,2238636.36363636,22727.2727272727,58.6666666667,95.5527777374,169,3,4,4.0,0.0,4,4,3,3.0,0.0,3,3,0,0,0,0,40,40,11363.6363636364,11363.6363636364,42,155,87.2,61.89264899810001,3830.7,0,0,0,0,0,0,0,0,1,109.0,42.0,155.0,40,0,0,0,0,0,0,2,84,2,310,-1,-1,1,20,0.0,0.0,0,0,0.0,0.0,0,0,BENIGN
114,2,2,78,110,39,39,39.0,0.0,55,55,55.0,0.0,1649122.80701754,35087.7192982456,38.0,62.3618473107,110,1,1,1.0,0.0,1,1,3,3.0,0.0,3,3,0,0,0,0,40,40,17543.8596491228,17543.8596491228,39,55,45.4,8.7635609201,76.8,0,0,0,0,0,0,0,0,1,56.75,39.0,55.0,40,0,0,0,0,0,0,2,78,2,110,-1,-1,1,20,0.0,0.0,0,0,0.0,0.0,0,0,BENIGN
3,2,0,31,0,31,0,15.5,21.92031022,0,0,0.0,0.0,10300000.0,666666.6667,3.0,0.0,3,3,3,3.0,0.0,3,3,0,0.0,0.0,0,0,1,0,0,0,64,0,666666.6667,0.0,0,31,20.66666667,17.89785834,320.3333333,0,1,0,0,1,0,0,0,0,31.0,15.5,0.0,64,0,0,0,0,0,0,2,31,0,0,287,-1,0,32,0.0,0.0,0,0,0.0,0.0,0,0,BENIGN
244799,13,8,1001,3776,469,0,77.0,143.45382532370002,1418,0,472.0,613.2305555708,19513.9686028129,85.78466415300001,12239.95,19058.8525431235,53358,3,244799,20399.9166666667,21488.6865432967,53430,3,175636,25090.8571428571,33746.5673386621,82519,3,0,0,0,0,428,264,53.1047920947,32.6798720583,0,1418,217.1363636364,419.8298176137,176257.075757576,0,0,0,1,0,0,0,0,0,227.4761904762,77.0,472.0,428,0,0,0,0,0,0,13,1001,8,3776,65535,357,6,32,0.0,0.0,0,0,0.0,0.0,0,0,BENIGN
50865,1,1,0,0,0,0,0.0,0.0,0,0,0.0,0.0,0.0,39.31976801,50865.0,0.0,50865,50865,0,0.0,0.0,0,0,0,0.0,0.0,0,0,0,0,0,0,32,32,19.65988401,19.65988401,0,0,0.0,0.0,0.0,0,0,0,0,1,1,0,0,1,0.0,0.0,0.0,32,0,0,0,0,0,0,1,0,1,0,229,140,0,32,0.0,0.0,0,0,0.0,0.0,0,0,BENIGN
59978,3,1,12,0,6,0,4.0,3.464101615,0,0,0.0,0.0,200.0733602,66.69112008,19992.66667,17968.02633,34913,47,59978,29989.0,6963.5875810000025,34913,25065,0,0.0,0.0,0,0,0,0,0,0,72,32,50.01834006,16.67278002,0,6,2.4,3.286335345,10.8,0,0,0,1,0,0,0,0,0,3.0,4.0,0.0,72,0,0,0,0,0,0,3,12,1,0,8192,29200,2,20,0.0,0.0,0,0,0.0,0.0,0,0,BENIGN
3,2,0,31,0,31,0,15.5,21.92031022,0,0,0.0,0.0,10300000.0,666666.6667,3.0,0.0,3,3,3,3.0,0.0,3,3,0,0.0,0.0,0,0,1,0,0,0,64,0,666666.6667,0.0,0,31,20.66666667,17.89785834,320.3333333,0,1,0,0,1,0,0,0,0,31.0,15.5,0.0,64,0,0,0,0,0,0,2,31,0,0,61,-1,0,32,0.0,0.0,0,0,0.0,0.0,0,0,BENIGN
55511,4,2,136,160,34,34,34.0,0.0,80,80,80.0,0.0,5332.276486,108.0866855,11102.2,15307.02392,30550,4,24912,8304.0,14376.0217,24904,4,49,49.0,0.0,49,49,0,0,0,0,104,40,72.05779035,36.02889517,34,80,47.14285714,22.44570168,503.8095238,0,0,0,0,0,0,0,0,0,55.0,34.0,80.0,104,0,0,0,0,0,0,4,136,2,160,-1,-1,3,20,0.0,0.0,0,0,0.0,0.0,0,0,BENIGN
221,2,2,62,254,31,31,31.0,0.0,127,127,127.0,0.0,1429864.253,18099.54751,73.66666667,44.45597073,125,48,48,48.0,0.0,48,48,48,48.0,0.0,48,48,0,0,0,0,40,40,9049.773756,9049.773756,31,127,69.4,52.58136552,2764.8,0,0,0,0,0,0,0,0,1,86.75,31.0,127.0,40,0,0,0,0,0,0,2,62,2,254,-1,-1,1,20,0.0,0.0,0,0,0.0,0.0,0,0,BENIGN
118287507,14,15,1317,8681,674,0,94.07142857,178.46890019999995,1460,0,578.7333332999998,678.9172542,84.52287358,0.245165366,4224553.821,15200000.0,58400000,1,118000000,9099039.0,21800000.0,58400000,10401,118000000,8423419.429,21200000.0,58800000,1,0,0,0,0,292,312,0.118355694,0.1268096719999999,0,1460,333.2666667,547.1853328999998,299411.7885,0,0,0,1,0,0,0,0,1,344.7586207,94.07142857,578.7333332999998,292,0,0,0,0,0,0,14,1317,15,8681,8192,142,13,20,826039.5,652337.8254,1287312,364767,58100000.0,379354.3028,58400000,57900000,BENIGN
132131,9,12,1104,4047,645,0,122.6666667,215.7614423,1348,0,337.25,527.6304018000002,38984.03857,158.93318,6606.55,11662.16967,29250,1,99699,12462.375,15187.73935,33112,1,103137,9376.090909,14558.58079,35632,1,0,0,0,0,300,392,68.11421998,90.81895997,0,1348,234.1363636,421.3919446,177571.171,0,0,0,1,0,0,0,0,1,245.2857143,122.6666667,337.25,300,0,0,0,0,0,0,9,1104,12,4047,65535,5184,5,32,0.0,0.0,0,0,0.0,0.0,0,0,BENIGN
5955231,3,1,0,0,0,0,0.0,0.0,0,0,0.0,0.0,0.0,0.671678395,1985077.0,3365317.419,5870705,42,5955231,2977615.5,4091446.408,5870705,84526,0,0.0,0.0,0,0,0,0,0,0,104,40,0.5037587960000001,0.1679195989999999,0,0,0.0,0.0,0.0,0,0,0,1,0,0,0,0,0,0.0,0.0,0.0,104,0,0,0,0,0,0,3,0,1,0,29200,26847,0,32,0.0,0.0,0,0,0.0,0.0,0,0,BENIGN
110475303,19,18,5512,1028,2999,0,290.1052631579,797.4910584477002,438,0,57.1111111111,143.09227335120002,59.1987514169,0.3349164836,3068758.41666667,4681186.301051,10221724,4,110452178,6136232.11111111,5043124.88140799,10240022,347,110452155,6497185.58823529,4963848.14291474,10244631,4,0,0,0,0,616,584,0.1719841402,0.1629323433,0,2999,172.1052631579,577.2286908957,333192.961593172,0,0,0,1,0,0,0,0,0,176.7567567568,290.1052631579,57.1111111111,616,0,0,0,0,0,0,19,5512,18,1028,29200,1301,4,32,31172.3636363636,26868.8593999549,112177,22850,10009934.7272727,616353.774240426,10221724,8163200,BENIGN
3,2,0,0,0,0,0,0.0,0.0,0,0,0.0,0.0,0.0,666666.6667,3.0,0.0,3,3,3,3.0,0.0,3,3,0,0.0,0.0,0,0,0,0,0,0,64,0,666666.6667,0.0,0,0,0.0,0.0,0.0,0,0,0,0,1,0,0,0,0,0.0,0.0,0.0,64,0,0,0,0,0,0,2,0,0,0,32,-1,0,32,0.0,0.0,0,0,0.0,0.0,0,0,BENIGN
8158045,1,6,6,36,6,6,6.0,0.0,6,6,6.0,0.0,5.148292269,0.8580487109999999,1359674.167,3312742.805,8121763,3,0,0.0,0.0,0,0,8151777,1630355.4,3628817.802,8121763,3,0,0,0,0,20,120,0.122578387,0.735470324,6,6,6.0,0.0,0.0,0,0,0,0,1,1,0,0,6,6.857142857,6.0,6.0,20,0,0,0,0,0,0,1,6,6,36,229,0,0,20,36282.0,0.0,36282,36282,8121763.0,0.0,8121763,8121763,BENIGN
115990820,16,14,1123,919,1039,0,70.1875,258.3543352,847,0,65.64285714,224.895739,17.60484149,0.258641158,3999683.448,4859520.282,10000000,109,116000000,7732721.333,4146068.989,10100000,59347,111000000,8522295.537999999,3753774.042,10100000,654,0,0,0,0,332,288,0.137941951,0.1206992069999999,0,1039,65.87096774,235.4681496,55445.24946,0,0,0,1,0,0,0,0,0,68.06666667,70.1875,65.64285714,332,0,0,0,0,0,0,16,1123,14,919,8192,5419,15,20,77993.09091,62652.57084,266897,58849,9993835.182,26050.11806,10000000,9916621,BENIGN
166,2,2,150,310,75,75,75.0,0.0,155,155,155.0,0.0,2771084.3373494,24096.3855421687,55.3333333333,88.91194145520002,158,4,4,4.0,0.0,4,4,4,4.0,0.0,4,4,0,0,0,0,64,64,12048.1927710843,12048.1927710843,75,155,107.0,43.8178046004,1920.0,0,0,0,0,0,0,0,0,1,133.75,75.0,155.0,64,0,0,0,0,0,0,2,150,2,310,-1,-1,1,32,0.0,0.0,0,0,0.0,0.0,0,0,BENIGN
168,2,2,86,142,43,43,43.0,0.0,71,71,71.0,0.0,1357142.8569999998,23809.52381,56.0,58.02585631,118,3,3,3.0,0.0,3,3,47,47.0,0.0,47,47,0,0,0,0,64,64,11904.7619,11904.7619,43,71,54.2,15.33623161,235.2,0,0,0,0,0,0,0,0,1,67.75,43.0,71.0,64,0,0,0,0,0,0,2,86,2,142,-1,-1,1,32,0.0,0.0,0,0,0.0,0.0,0,0,BENIGN
117635527,17,16,1186,5797,261,0,69.76470588,85.35259912,1460,0,362.3125,495.6316803,59.36131863,0.280527497,3676110.219,14400000.0,58900000,4,118000000,7352220.437999999,20000000.0,58900000,52,118000000,7834175.8670000015,20600000.0,59000000,4,0,0,0,0,352,332,0.144514165,0.136013332,0,1460,205.3823529,371.3286558,137884.9706,0,0,0,1,0,0,0,0,0,211.6060606,69.76470588,362.3125,352,0,0,0,0,0,0,17,1186,16,5797,8192,23,16,20,269747.5,205241.2788,414875,124620,58500000.0,579113.3827,58900000,58100000,BENIGN
40581732,4,5,0,0,0,0,0.0,0.0,0,0,0.0,0.0,0.0,0.221774665,5072716.5,5370154.158,10200000,50616,30700000,10200000.0,2.645751311,10200000,10200000,40500000,10100000.0,214592.361,10200000,9810881,0,0,0,0,128,160,0.098566518,0.1232081469999999,0,0,0.0,0.0,0.0,0,0,0,0,1,0,0,0,1,0.0,0.0,0.0,128,0,0,0,0,0,0,4,0,5,0,270,136,0,32,50698.66667,111.8987638,50826,50616,10200000.0,113.9575945,10200000,10200000,BENIGN
51047,2,2,90,164,45,45,45.0,0.0,82,82,82.0,0.0,4975.806610000001,78.35915921,17015.66667,29427.83975,50996,4,47,47.0,0.0,47,47,4,4.0,0.0,4,4,0,0,0,0,64,80,39.1795796,39.1795796,45,82,59.8,20.26573463,410.7,0,0,0,0,0,0,0,0,1,74.75,45.0,82.0,64,0,0,0,0,0,0,2,90,2,164,-1,-1,1,32,0.0,0.0,0,0,0.0,0.0,0,0,BENIGN
1912559,9,11,703,3950,267,0,78.11111111,103.3022803,1448,0,359.0909091,569.9183195,2432.866123,10.45719374,100661.0,175866.1576,669873,3,1367209,170901.125,259345.5201,765207,187,1816889,181688.9,218849.582,669873,3,0,0,0,0,296,360,4.705737182,5.751456556,0,1448,221.5714286,434.4990876,188789.4571,0,0,0,1,0,0,0,0,1,232.65,78.11111111,359.0909091,296,0,0,0,0,0,0,9,703,11,3950,29200,252,4,32,0.0,0.0,0,0,0.0,0.0,0,0,BENIGN
102165835,15,13,585,3059,425,0,39.0,108.3018269,651,0,235.3076923,287.31555960000014,35.66750078,0.274064221,3783919.815,6112741.86,17800000,13,102000000,7287104.071,6925907.8560000025,18000000,57,90100000,7512283.083,7006120.613,17800000,146532,1,0,0,0,480,416,0.146820118,0.127244103,0,651,140.3103448,232.004942,53826.2931,0,1,0,0,1,0,0,0,0,145.3214286,39.0,235.3076923,480,0,0,0,0,0,0,15,585,13,3059,255,255,4,32,894581.5714,1463987.665,3036942,13,13700000.0,2304401.375,17800000,12000000,BENIGN
152246,8,5,521,3559,201,0,65.125,79.20396365,1430,0,711.8,713.5805491,26798.73363,85.38812186,12687.16667,22252.67896,68260,3,152246,21749.42857,26512.90955,68260,3,38702,9675.5,18091.77567,36793,49,0,0,0,0,172,112,52.54653653,32.84158533,0,1430,291.4285713999999,515.8189477,266069.1868,0,0,0,1,0,0,0,0,0,313.8461538,65.125,711.8,172,0,0,0,0,0,0,8,521,5,3559,8192,343,7,20,0.0,0.0,0,0,0.0,0.0,0,0,BENIGN
53434735,2,2,104,297,58,46,52.0,8.485281374,186,111,148.5,53.03300859,7.504481869,0.074857675,17800000.0,30800000.0,53400000,30659,53400000,53400000.0,0.0,53400000,53400000,53400000,53400000.0,0.0,53400000,53400000,0,0,0,0,72,72,0.037428837,0.037428837,46,186,91.8,58.3626593,3406.2,0,0,0,0,0,0,0,0,1,114.75,52.0,148.5,72,0,0,0,0,0,0,2,104,2,297,-1,-1,1,32,30660.0,0.0,30660,30660,53400000.0,0.0,53400000,53400000,BENIGN
340388,11,9,523,6296,186,0,47.54545455,76.78979572,1551,0,699.5555555999997,747.3928202999997,20033.02114,58.7564779,17915.157890000002,25535.53162,86088,41,340388,34038.8,31572.38769,86088,48,197470,24683.75,39795.33554,110716,70,0,0,0,0,232,192,32.31606285,26.44041506,0,1551,324.7142857,580.6365595,337138.8143,0,0,0,1,0,0,0,0,0,340.95,47.54545455,699.5555555999997,232,0,0,0,0,0,0,11,523,9,6296,8192,62,4,20,0.0,0.0,0,0,0.0,0.0,0,0,BENIGN
4,2,0,31,0,31,0,15.5,21.9203102168,0,0,0.0,0.0,7750000.0,500000.0,4.0,0.0,4,4,4,4.0,0.0,4,4,0,0.0,0.0,0,0,1,0,0,0,64,0,500000.0,0.0,0,31,20.6666666667,17.8978583449,320.3333333333,0,1,0,0,1,0,0,0,0,31.0,15.5,0.0,64,0,0,0,0,0,0,2,31,0,0,61,-1,0,32,0.0,0.0,0,0,0.0,0.0,0,0,BENIGN
231891,9,9,526,4078,198,0,58.44444444,79.54261611,1430,0,453.1111111000001,605.3148859,19854.15562,77.62267617,13640.64706,19634.25092,61189,1,231891,28986.375,23026.76562,61189,3,183032,22879.0,35609.25512,98088,1,0,0,0,0,192,192,38.81133809,38.81133809,0,1430,242.3157895,456.11719410000006,208042.8947,0,0,0,1,0,0,0,0,1,255.7777778,58.44444444,453.1111111000001,192,0,0,0,0,0,0,9,526,9,4078,8192,351,8,20,0.0,0.0,0,0,0.0,0.0,0,0,BENIGN
5650,3,0,43,0,31,6,14.33333333,14.43375673,0,0,0.0,0.0,7610.619469,530.9734513000001,2825.0,3989.496459,5646,4,5650,2825.0,3989.496459,5646,4,0,0.0,0.0,0,0,0,0,0,0,60,0,530.9734513000002,0.0,6,31,12.25,12.5,156.25,0,0,0,0,1,0,0,0,0,16.33333333,14.33333333,0.0,60,0,0,0,0,0,0,3,43,0,0,1013,-1,2,20,0.0,0.0,0,0,0.0,0.0,0,0,BENIGN
33033,2,2,64,96,32,32,32.0,0.0,48,48,48.0,0.0,4843.641207,121.09103020000002,11011.0,19025.7254,32980,4,49,49.0,0.0,49,49,4,4.0,0.0,4,4,0,0,0,0,40,40,60.54551509,60.54551509,32,48,38.4,8.76356092,76.8,0,0,0,0,0,0,0,0,1,48.0,32.0,48.0,40,0,0,0,0,0,0,2,64,2,96,-1,-1,1,20,0.0,0.0,0,0,0.0,0.0,0,0,BENIGN
196,2,2,112,368,56,56,56.0,0.0,184,184,184.0,0.0,2448979.592,20408.16327,65.33333333,106.23244950000002,188,4,4,4.0,0.0,4,4,4,4.0,0.0,4,4,0,0,0,0,64,64,10204.08163,10204.08163,56,184,107.2,70.10848736,4915.2,0,0,0,0,0,0,0,0,1,134.0,56.0,184.0,64,0,0,0,0,0,0,2,112,2,368,-1,-1,1,32,0.0,0.0,0,0,0.0,0.0,0,0,BENIGN
30737,2,2,64,96,32,32,32.0,0.0,48,48,48.0,0.0,5205.452711999999,130.1363178,10245.66667,17739.95305,30730,3,3,3.0,0.0,3,3,4,4.0,0.0,4,4,0,0,0,0,64,64,65.0681589,65.0681589,32,48,38.4,8.76356092,76.8,0,0,0,0,0,0,0,0,1,48.0,32.0,48.0,64,0,0,0,0,0,0,2,64,2,96,-1,-1,1,32,0.0,0.0,0,0,0.0,0.0,0,0,BENIGN
72763884,2,2,92,153,51,41,46.0,7.071067812000001,86,67,76.5,13.43502884,3.367055008,0.054972327,24300000.0,41700000.0,72400000,30865,72400000,72400000.0,0.0,72400000,72400000,72700000,72700000.0,0.0,72700000,72700000,0,0,0,0,60,52,0.0274861629999999,0.0274861629999999,41,86,59.2,17.64086166,311.2,0,0,0,0,0,0,0,0,1,74.0,46.0,76.5,60,0,0,0,0,0,0,2,92,2,153,-1,-1,1,20,30865.0,0.0,30865,30865,72400000.0,0.0,72400000,72400000,BENIGN
2771806,4,5,442,872,436,0,110.5,217.0184324,860,0,174.4,383.2737925,474.05915130000005,3.246980489,346475.75,635973.7797,1563437,3,2747283,915761.0,798514.0218,1563437,23582,2748376,687094.0,811538.1587,1586709,3,0,0,0,0,104,124,1.443102439,1.803878049,0,860,131.4,290.04681610000006,84127.15556,0,0,0,1,0,0,0,0,1,146.0,110.5,174.4,104,0,0,0,0,0,0,4,442,5,872,8192,31,2,20,0.0,0.0,0,0,0.0,0.0,0,0,BENIGN
31018,2,2,60,320,30,30,30.0,0.0,160,160,160.0,0.0,12250.9510606744,128.957379586,10339.3333333333,17902.1884788797,31011,3,3,3.0,0.0,3,3,4,4.0,0.0,4,4,0,0,0,0,64,40,64.478689793,64.478689793,30,160,82.0,71.2039324757,5070.0,0,0,0,0,0,0,0,0,1,102.5,30.0,160.0,64,0,0,0,0,0,0,2,60,2,320,-1,-1,1,32,0.0,0.0,0,0,0.0,0.0,0,0,BENIGN
4,3,0,43,0,31,6,14.33333333,14.43375673,0,0,0.0,0.0,10800000.0,750000.0,2.0,1.4142135619999998,3,1,4,2.0,1.4142135619999998,3,1,0,0.0,0.0,0,0,0,0,0,0,60,0,750000.0,0.0,6,31,12.25,12.5,156.25,0,0,0,0,1,0,0,0,0,16.33333333,14.33333333,0.0,60,0,0,0,0,0,0,3,43,0,0,1013,-1,2,20,0.0,0.0,0,0,0.0,0.0,0,0,BENIGN
160,2,2,84,148,42,42,42.0,0.0,74,74,74.0,0.0,1450000.0,25000.0,53.33333333,52.20472520000001,108,4,4,4.0,0.0,4,4,48,48.0,0.0,48,48,0,0,0,0,64,64,12500.0,12500.0,42,74,54.8,17.52712184,307.2,0,0,0,0,0,0,0,0,1,68.5,42.0,74.0,64,0,0,0,0,0,0,2,84,2,148,-1,-1,1,32,0.0,0.0,0,0,0.0,0.0,0,0,BENIGN
118674889,517,916,7710,1360146,229,0,14.91295938,31.41344338,2933,0,1484.875546,399.4206348,11526.07777,12.07500603,82873.52584,2191870.483,58800000,0,119000000,229990.095,3649044.335,58800000,1,119000000,129614.329,2743376.9910000004,58900000,1,0,0,0,0,10352,18332,4.356439718,7.718566309,0,2933,953.874477,775.355304,601175.8475,0,0,0,1,0,0,0,0,1,954.5401256,14.91295938,1484.875546,10352,0,0,0,0,0,0,517,7710,916,1360146,8192,35,516,20,627890.0,795779.3858,1190591,65189,58700000.0,235692.1252,58800000,58500000,BENIGN
141,1,1,0,0,0,0,0.0,0.0,0,0,0.0,0.0,0.0,14184.39716,141.0,0.0,141,141,0,0.0,0.0,0,0,0,0.0,0.0,0,0,0,0,0,0,20,20,7092.198581999999,7092.198581999999,0,0,0.0,0.0,0.0,0,0,0,0,1,1,0,0,1,0.0,0.0,0.0,20,0,0,0,0,0,0,1,0,1,0,250,245,0,20,0.0,0.0,0,0,0.0,0.0,0,0,BENIGN
66587,3,5,433,2281,427,0,144.33333330000005,244.8148961,1460,2,456.2,659.9872726,40758.70665,120.1435716,9512.428571,15792.74706,32772,2,32781,16390.5,22949.15058,32618,163,34108,8527.0,16370.54758,33074,2,0,0,0,0,72,104,45.05383934,75.08973223,0,1460,301.55555560000005,518.0333268999998,268358.5278,0,0,0,1,0,0,0,0,1,339.25,144.33333330000005,456.2,72,0,0,0,0,0,0,3,433,5,2281,8192,30016,2,20,0.0,0.0,0,0,0.0,0.0,0,0,BENIGN
86325305,7,7,1011,8110,981,0,144.4285714286,368.9001026217,1460,2,1158.5714285714,564.9267967748,105.6584740708,0.1621772434,6640408.07692308,23911807.3868024,86223699,24,86325305,14387550.8333333,35192385.463357896,86223699,159,69169,11528.1666666667,17657.066069046297,36267,48,0,0,0,0,164,144,0.0810886217,0.0810886217,0,1460,608.0666666667,693.193074183,480516.638095238,0,0,0,1,0,0,0,0,1,651.5,144.4285714286,1158.5714285714,164,0,0,0,0,0,0,7,1011,7,8110,65535,16380,6,20,0.0,0.0,0,0,0.0,0.0,0,0,BENIGN
117355237,16,17,1234,5318,569,0,77.125,143.371719666,1430,0,312.8235294118,480.4858524575,55.83048671270001,0.2811975063,3667351.15625,14370228.900685998,58919457,1,117355237,7823682.46666667,20568346.2943087,58995368,42,117261872,7328867.0,19978006.1181755,58955292,1,0,0,0,0,332,352,0.1363381849,0.1448593214,0,1430,192.7058823529,369.207056091,136313.85026738,0,0,0,1,0,0,0,0,1,198.5454545455,77.125,312.8235294118,332,0,0,0,0,0,0,16,1234,17,5318,8192,360,15,20,186319.5,142065.53051497,286775,85864,58444499.5,671691.338050819,58919457,57969542,BENIGN
48,2,0,4,0,2,2,2.0,0.0,0,0,0.0,0.0,83333.33333,41666.66667,48.0,0.0,48,48,48,48.0,0.0,48,48,0,0.0,0.0,0,0,0,0,0,0,48,0,41666.66667,0.0,2,2,2.0,0.0,0.0,0,0,0,1,0,0,0,0,0,3.0,2.0,0.0,48,0,0,0,0,0,0,2,4,0,0,1024,-1,1,24,0.0,0.0,0,0,0.0,0.0,0,0,BENIGN
207,2,2,64,96,32,32,32.0,0.0,48,48,48.0,0.0,772946.8599,19323.6715,69.0,112.5833025,199,4,4,4.0,0.0,4,4,4,4.0,0.0,4,4,0,0,0,0,40,40,9661.835749,9661.835749,32,48,38.4,8.76356092,76.8,0,0,0,0,0,0,0,0,1,48.0,32.0,48.0,40,0,0,0,0,0,0,2,64,2,96,-1,-1,1,20,0.0,0.0,0,0,0.0,0.0,0,0,BENIGN
48,2,0,4,0,2,2,2.0,0.0,0,0,0.0,0.0,83333.33333,41666.66667,48.0,0.0,48,48,48,48.0,0.0,48,48,0,0.0,0.0,0,0,0,0,0,0,48,0,41666.66667,0.0,2,2,2.0,0.0,0.0,0,0,0,1,0,0,0,0,0,3.0,2.0,0.0,48,0,0,0,0,0,0,2,4,0,0,1024,-1,1,24,0.0,0.0,0,0,0.0,0.0,0,0,BENIGN
550,1,1,89,167,89,89,89.0,0.0,167,167,167.0,0.0,465454.5455,3636.363636,550.0,0.0,550,550,0,0.0,0.0,0,0,0,0.0,0.0,0,0,0,0,0,0,32,32,1818.181818,1818.181818,89,167,115.0,45.033321,2028.0,0,0,0,0,0,0,0,0,1,172.5,89.0,167.0,32,0,0,0,0,0,0,1,89,1,167,-1,-1,0,32,0.0,0.0,0,0,0.0,0.0,0,0,BENIGN
64060965,2,0,58,0,29,29,29.0,0.0,0,0,0.0,0.0,0.9053875476,0.0312202602999999,64060965.0,0.0,64060965,64060965,64060965,64060965.0,0.0,64060965,64060965,0,0.0,0.0,0,0,1,0,0,0,64,0,0.0312202602999999,0.0,29,29,29.0,0.0,0.0,0,1,0,0,1,1,0,0,0,43.5,29.0,0.0,64,0,0,0,0,0,0,2,58,0,0,33304,-1,1,32,0.0,0.0,0,0,0.0,0.0,0,0,BENIGN
136,2,2,70,102,35,35,35.0,0.0,51,51,51.0,0.0,1264705.88235294,29411.764705882404,45.3333333333,73.32348418710002,130,3,3,3.0,0.0,3,3,3,3.0,0.0,3,3,0,0,0,0,64,64,14705.882352941202,14705.882352941202,35,51,41.4,8.7635609201,76.8,0,0,0,0,0,0,0,0,1,51.75,35.0,51.0,64,0,0,0,0,0,0,2,70,2,102,-1,-1,1,32,0.0,0.0,0,0,0.0,0.0,0,0,BENIGN
4,2,0,12,0,6,6,6.0,0.0,0,0,0.0,0.0,3000000.0,500000.0,4.0,0.0,4,4,4,4.0,0.0,4,4,0,0.0,0.0,0,0,0,0,0,0,40,0,500000.0,0.0,6,6,6.0,0.0,0.0,0,0,0,0,1,0,0,0,0,9.0,6.0,0.0,40,0,0,0,0,0,0,2,12,0,0,368,-1,1,20,0.0,0.0,0,0,0.0,0.0,0,0,BENIGN
116342181,26,22,717,9676,333,0,27.57692308,78.6898586,1418,0,439.8181818,635.9760131,89.33131484,0.412576072,2475365.5530000003,4284121.652,10000000,1,116000000,4653687.24,4994364.427,10100000,1,111000000,5277700.3330000015,5126049.761,10100000,1,0,0,0,0,840,712,0.223478705,0.189097366,0,1418,212.10204080000003,472.5739468,223326.1352,0,0,0,1,0,0,0,0,0,216.5208333,27.57692308,439.8181818,840,0,0,0,0,0,0,26,717,22,9676,29200,357,4,32,62955.08333,90041.92052,348876,36666,9632226.417,1309606.21,10000000,5473686,BENIGN
44,1,1,6,6,6,6,6.0,0.0,6,6,6.0,0.0,272727.2727,45454.54545,44.0,0.0,44,44,0,0.0,0.0,0,0,0,0.0,0.0,0,0,0,0,0,0,20,20,22727.27273,22727.27273,6,6,6.0,0.0,0.0,0,0,0,0,1,1,0,0,1,9.0,6.0,6.0,20,0,0,0,0,0,0,1,6,1,6,115,256,0,20,0.0,0.0,0,0,0.0,0.0,0,0,BENIGN
60952855,18,15,912,6124,331,0,50.66666667,104.4745958,1448,0,408.2666667,567.1607818,115.4334772,0.541402039,1904776.719,3977533.492,10200000,2,61000000,3585462.059,4956465.98,10200000,403,60900000,4350156.643,5164360.463,10200000,192,0,0,0,0,584,488,0.295310203,0.246091836,0,1448,206.9411765,418.4874598,175131.754,0,0,0,1,0,0,0,0,0,213.2121212,50.66666667,408.2666667,584,0,0,0,0,0,0,18,912,15,6124,29200,118,4,32,106516.1667,137843.0262,387887,50123,10100000.0,215837.5219,10200000,9638213,BENIGN
10413406,10,10,3470,3834,2896,0,347.0,909.9848595,1448,0,383.4,608.3721813999998,701.4035561000001,1.920601194,548074.0,2289478.61,10000000,1,10400000,1153859.667,3318189.952,10000000,185,10400000,1153461.667,3329236.232,10000000,4,0,0,0,0,328,328,0.960300597,0.960300597,0,2896,347.8095238,738.8283711,545867.3619,0,0,0,1,0,0,0,0,1,365.2,347.0,383.4,328,0,0,0,0,0,0,10,3470,10,3834,29200,71,4,32,383224.0,0.0,383224,383224,10000000.0,0.0,10000000,10000000,BENIGN
107164,2,2,72,264,36,36,36.0,0.0,132,132,132.0,0.0,3135.381285,37.32596768,35721.33333,61865.10207000001,107157,3,4,4.0,0.0,4,4,3,3.0,0.0,3,3,0,0,0,0,80,64,18.66298384,18.66298384,36,132,74.4,52.58136552,2764.8,0,0,0,0,0,0,0,0,1,93.0,36.0,132.0,80,0,0,0,0,0,0,2,72,2,264,-1,-1,1,40,0.0,0.0,0,0,0.0,0.0,0,0,BENIGN
257,2,2,90,196,45,45,45.0,0.0,98,98,98.0,0.0,1112840.46692607,15564.2023346303,85.6666666667,107.7837340851,207,1,1,1.0,0.0,1,1,49,49.0,0.0,49,49,0,0,0,0,64,64,7782.1011673152,7782.1011673152,45,98,66.2,29.029295547800004,842.7,0,0,0,0,0,0,0,0,1,82.75,45.0,98.0,64,0,0,0,0,0,0,2,90,2,196,-1,-1,1,32,0.0,0.0,0,0,0.0,0.0,0,0,BENIGN
251,2,0,0,0,0,0,0.0,0.0,0,0,0.0,0.0,0.0,7968.127490000001,251.0,0.0,251,251,251,251.0,0.0,251,251,0,0.0,0.0,0,0,0,0,0,0,40,0,7968.127490000003,0.0,0,0,0.0,0.0,0.0,0,0,0,0,1,0,0,0,0,0.0,0.0,0.0,40,0,0,0,0,0,0,2,0,0,0,145,-1,0,20,0.0,0.0,0,0,0.0,0.0,0,0,BENIGN
132,1,3,0,18,0,0,0.0,0.0,6,6,6.0,0.0,136363.636363636,30303.030303030297,44.0,72.7530068107,128,1,0,0.0,0.0,0,0,4,2.0,1.4142135624,3,1,0,0,0,0,32,60,7575.7575757576,22727.2727272727,0,6,3.6,3.286335345,10.8,0,0,0,0,1,0,0,0,3,4.5,0.0,6.0,32,0,0,0,0,0,0,1,0,3,18,972,0,0,32,0.0,0.0,0,0,0.0,0.0,0,0,BENIGN
3,2,0,31,0,31,0,15.5,21.92031022,0,0,0.0,0.0,10300000.0,666666.6667,3.0,0.0,3,3,3,3.0,0.0,3,3,0,0.0,0.0,0,0,1,0,0,0,40,0,666666.6667,0.0,0,31,20.66666667,17.89785834,320.3333333,0,1,0,0,1,0,0,0,0,31.0,15.5,0.0,40,0,0,0,0,0,0,2,31,0,0,119,-1,0,20,0.0,0.0,0,0,0.0,0.0,0,0,BENIGN
4,2,0,12,0,6,6,6.0,0.0,0,0,0.0,0.0,3000000.0,500000.0,4.0,0.0,4,4,4,4.0,0.0,4,4,0,0.0,0.0,0,0,0,0,0,0,40,0,500000.0,0.0,6,6,6.0,0.0,0.0,0,0,0,0,1,0,0,0,0,9.0,6.0,0.0,40,0,0,0,0,0,0,2,12,0,0,360,-1,1,20,0.0,0.0,0,0,0.0,0.0,0,0,BENIGN
4078255,5,1,135,46,46,6,27.0,20.1246118,46,46,46.0,0.0,44.38172699,1.4712174690000002,815651.0,1700320.493,3853489,3,4078255,1019563.75,1891996.617,3853489,3,0,0.0,0.0,0,0,1,0,0,0,100,20,1.226014558,0.245202912,6,46,32.42857143,18.86670032,355.952381,0,1,0,0,1,0,0,0,0,37.83333333,27.0,46.0,100,0,0,0,0,0,0,5,135,1,46,16251,64,4,20,0.0,0.0,0,0,0.0,0.0,0,0,BENIGN
67944770,18,17,2654,2274,524,0,147.4444444,230.5237572,541,0,133.76470590000002,222.9359576,72.52949712,0.515124269,1998375.588,3831162.005,10000000,4,63400000,3729211.176,4827981.925,10100000,1060,67900000,4241068.5,4806243.907,10100000,4,0,0,0,0,372,424,0.264921053,0.250203217,0,541,136.88888889999998,221.6507907,49129.07302,0,0,0,1,0,0,0,0,0,140.8,147.4444444,133.76470590000002,372,0,0,0,0,0,0,18,2654,17,2274,8192,265,17,20,585751.6667,1214185.423,3064178,87255,9980346.667,48457.12503,10000000,9881436,BENIGN
194,2,1,37,0,37,0,18.5,26.1629509,0,0,0.0,0.0,190721.6495,15463.91753,97.0,120.2081528,182,12,194,194.0,0.0,194,194,0,0.0,0.0,0,0,1,0,0,0,64,20,10309.27835,5154.639175,0,37,18.5,21.36195996,456.3333333000001,0,1,0,0,1,0,0,0,0,24.66666667,18.5,0.0,64,0,0,0,0,0,0,2,37,1,0,972,0,0,32,0.0,0.0,0,0,0.0,0.0,0,0,BENIGN
210946,2,3,1448,18,1448,0,724.0,1023.890619,6,6,6.0,0.0,6949.645881,23.70274857,52736.5,89390.33156,185670,4,185986,185986.0,0.0,185986,185986,210942,105471.0,148717.284,210630,312,0,0,0,0,64,60,9.481099428,14.22164914,0,1448,244.3333333,589.6811568,347723.8667,0,0,0,0,1,0,0,0,1,293.2,724.0,6.0,64,0,0,0,0,0,0,2,1448,3,18,235,0,1,32,0.0,0.0,0,0,0.0,0.0,0,0,BENIGN
5702358,9,5,349,3480,192,0,38.77777778,70.85862294,1790,0,696.0,856.9259011,671.4766067,2.455124705,438642.9231,1539815.491,5563240,3,5702358,712794.75,1960017.935,5563240,3,73152,18288.0,21272.10102,45700,217,0,0,0,0,296,168,1.578294453,0.876830252,0,1790,255.2666667,562.8786302,316832.3524,0,0,0,1,0,0,0,0,0,273.5,38.77777778,696.0,296,0,0,0,0,0,0,9,349,5,3480,29200,939,3,32,139115.0,0.0,139115,139115,5563240.0,0.0,5563240,5563240,BENIGN
60619103,14,14,1909,3876,1528,0,136.3571428571,404.6593262606,1601,0,276.8571428571,564.6767430803,95.4319630893,0.4619005992,2245151.96296296,4223065.72098197,10001242,20,60619103,4663007.92307692,5181586.91450123,10051612,312,60568554,4659119.53846154,5193340.53445279,10051812,227,0,0,0,0,292,364,0.2309502996,0.2309502996,0,1601,199.4827586207,480.0786111736,230475.472906404,0,0,0,1,0,0,0,0,1,206.6071428571,136.3571428571,276.8571428571,292,0,0,0,0,0,0,14,1909,14,3876,8192,87,13,20,70040.8333333333,47950.389718610895,167919,50362,9997848.16666667,4071.9055694682,10001242,9990243,BENIGN
3,2,0,37,0,31,6,18.5,17.67766953,0,0,0.0,0.0,12300000.0,666666.6667,3.0,0.0,3,3,3,3.0,0.0,3,3,0,0.0,0.0,0,0,1,0,0,0,40,0,666666.6667,0.0,6,31,22.66666667,14.43375673,208.3333333,0,1,0,0,1,0,0,0,0,34.0,18.5,0.0,40,0,0,0,0,0,0,2,37,0,0,62,-1,1,20,0.0,0.0,0,0,0.0,0.0,0,0,BENIGN
85733,1,1,51,112,51,51,51.0,0.0,112,112,112.0,0.0,1901.25156,23.32824,85733.0,0.0,85733,85733,0,0.0,0.0,0,0,0,0.0,0.0,0,0,0,0,0,0,20,20,11.66412,11.66412,51,112,71.33333333,35.21836642,1240.333333,0,0,0,0,0,0,0,0,1,107.0,51.0,112.0,20,0,0,0,0,0,0,1,51,1,112,-1,-1,0,20,0.0,0.0,0,0,0.0,0.0,0,0,BENIGN
61138635,14,11,640,806,368,0,45.71428571,110.107939,630,0,73.27272727,189.6913761,23.65116591,0.408906741,2547443.125,4462365.928,10200000,27,61100000,4702971.923,5254886.3610000005,10200000,385,61100000,6108513.8,5234536.92,10200000,33,0,0,0,0,456,360,0.228987775,0.179918966,0,630,55.61538462,144.9596018,21013.28615,0,0,0,1,0,0,0,0,0,57.84,45.71428571,73.27272727,456,0,0,0,0,0,0,14,640,11,806,29200,122,3,32,76518.66667,62993.77028,205104,50625,10100000.0,109247.4915,10200000,9959986,BENIGN
140,2,2,84,116,42,42,42.0,0.0,58,58,58.0,0.0,1428571.429,28571.42857,46.66666667,75.63288526,134,3,3,3.0,0.0,3,3,3,3.0,0.0,3,3,0,0,0,0,40,40,14285.71429,14285.71429,42,58,48.4,8.76356092,76.8,0,0,0,0,0,0,0,0,1,60.5,42.0,58.0,40,0,0,0,0,0,0,2,84,2,116,-1,-1,1,20,0.0,0.0,0,0,0.0,0.0,0,0,BENIGN
77,1,1,6,6,6,6,6.0,0.0,6,6,6.0,0.0,155844.1558,25974.02597,77.0,0.0,77,77,0,0.0,0.0,0,0,0,0.0,0.0,0,0,0,0,0,0,20,20,12987.01299,12987.01299,6,6,6.0,0.0,0.0,0,0,0,0,1,1,0,0,1,9.0,6.0,6.0,20,0,0,0,0,0,0,1,6,1,6,335,258,0,20,0.0,0.0,0,0,0.0,0.0,0,0,BENIGN
66574,3,1,12,0,6,0,4.0,3.464101615,0,0,0.0,0.0,180.2505483,60.08351609,22191.33333,19339.18355,36041,96,66574,33287.0,4030.508653,36137,30437,0,0.0,0.0,0,0,0,0,0,0,72,32,45.06263707,15.02087902,0,6,2.4,3.286335345,10.8,0,0,0,1,0,0,0,0,0,3.0,4.0,0.0,72,0,0,0,0,0,0,3,12,1,0,8192,42780,2,20,0.0,0.0,0,0,0.0,0.0,0,0,BENIGN
61019367,11,11,665,1626,617,0,60.45454545,184.600847,807,0,147.81818180000005,325.9168048,37.54545667,0.360541269,2905684.143,4580580.261,9996029,4,61000000,6101936.3,5052248.274,10000000,183,61000000,6096877.8,5068998.47,10000000,996,0,0,0,0,244,304,0.1802706339999999,0.1802706339999999,0,807,99.60869565,257.20026490000004,66151.97627999999,0,0,0,1,0,0,0,0,1,104.1363636,60.45454545,147.81818180000005,244,0,0,0,0,0,0,11,665,11,1626,8192,75,9,20,84728.0,83896.01976,255980,50399,9970518.833,62307.61675,9996029,9843334,BENIGN
11045224,13,16,6562,13152,3061,0,504.7692307692,930.5325673905,1451,0,822.0,664.5988263607,1784.8438383866,2.6255692053,394472.285714286,1920828.02164522,10181338,4,863886,71990.5,153687.422072146,552066,47,11021972,734798.133333333,2632353.46400657,10232360,4,0,0,0,0,272,328,1.1769792989,1.4485899063999998,0,3061,657.1333333333,791.8676628088001,627054.395402299,0,0,0,1,0,0,0,0,1,679.7931034483,504.7692307692,822.0,272,0,0,0,0,0,0,13,6562,16,13152,8192,24820,12,20,0.0,0.0,0,0,0.0,0.0,0,0,BENIGN
258425,7,7,945,6919,608,0,135.0,221.8565603,3073,0,988.4285714,1090.388747,30430.492410000003,54.17432524,19878.84615,35918.90651,129902,15,226476,37746.0,61567.47062000001,160170,185,229786,38297.66667,62624.22087999999,161632,215,0,0,0,0,152,152,27.08716262,27.08716262,0,3073,524.2666667,856.5998787999997,733763.3524,0,0,0,1,0,0,0,0,1,561.7142857000001,135.0,988.4285714,152,0,0,0,0,0,0,7,945,7,6919,8192,62,6,20,0.0,0.0,0,0,0.0,0.0,0,0,BENIGN
194,2,2,90,146,45,45,45.0,0.0,73,73,73.0,0.0,1216494.845,20618.5567,64.66666667,29.73774257,99,47,48,48.0,0.0,48,48,47,47.0,0.0,47,47,0,0,0,0,40,40,10309.27835,10309.27835,45,73,56.2,15.33623161,235.2,0,0,0,0,0,0,0,0,1,70.25,45.0,73.0,40,0,0,0,0,0,0,2,90,2,146,-1,-1,1,20,0.0,0.0,0,0,0.0,0.0,0,0,BENIGN
13018887,29,51,14739,6667,655,0,508.24137930000006,236.431001,282,0,130.7254902,140.07998840000002,1644.226576,6.144918532999999,164796.038,766621.4262,6818991,2,6199896,221424.8571,73185.86362,286758,49,12800000,255483.0,960796.8076,6860429,2,0,0,0,0,936,1648,2.227532968,3.917385565,0,655,264.2716049,256.2183645,65647.85031000001,0,0,0,1,0,0,0,0,1,267.575,508.24137930000006,130.7254902,936,0,0,0,0,0,0,29,14739,51,6667,29200,672,24,32,0.0,0.0,0,0,0.0,0.0,0,0,BENIGN
3,2,0,0,0,0,0,0.0,0.0,0,0,0.0,0.0,0.0,666666.666666667,3.0,0.0,3,3,3,3.0,0.0,3,3,0,0.0,0.0,0,0,0,0,0,0,64,0,666666.666666667,0.0,0,0,0.0,0.0,0.0,0,0,0,0,1,0,0,0,0,0.0,0.0,0.0,64,0,0,0,0,0,0,2,0,0,0,340,-1,0,32,0.0,0.0,0,0,0.0,0.0,0,0,BENIGN
63315,1,1,46,78,46,46,46.0,0.0,78,78,78.0,0.0,1958.46166,31.58809129,63315.0,0.0,63315,63315,0,0.0,0.0,0,0,0,0.0,0.0,0,0,0,0,0,0,20,20,15.79404564,15.79404564,46,78,56.66666667,18.47520861,341.3333333,0,0,0,0,0,0,0,0,1,85.0,46.0,78.0,20,0,0,0,0,0,0,1,46,1,78,-1,-1,0,20,0.0,0.0,0,0,0.0,0.0,0,0,BENIGN
371,1,1,51,112,51,51,51.0,0.0,112,112,112.0,0.0,439353.0997,5390.83558,371.0,0.0,371,371,0,0.0,0.0,0,0,0,0.0,0.0,0,0,0,0,0,0,32,32,2695.41779,2695.41779,51,112,71.33333333,35.21836642,1240.333333,0,0,0,0,0,0,0,0,1,107.0,51.0,112.0,32,0,0,0,0,0,0,1,51,1,112,-1,-1,0,32,0.0,0.0,0,0,0.0,0.0,0,0,BENIGN
180,2,2,70,174,35,35,35.0,0.0,87,87,87.0,0.0,1355555.55555556,22222.2222222222,60.0,96.9948452239,172,4,4,4.0,0.0,4,4,4,4.0,0.0,4,4,0,0,0,0,64,64,11111.1111111111,11111.1111111111,35,87,55.8,28.4815729903,811.2,0,0,0,0,0,0,0,0,1,69.75,35.0,87.0,64,0,0,0,0,0,0,2,70,2,174,-1,-1,1,32,0.0,0.0,0,0,0.0,0.0,0,0,BENIGN
15141138,11,10,1859,6032,1554,0,169.0,463.5366220699,2896,0,603.2,939.1887515889,521.1629403285,1.3869499109,757056.9,2441807.4918094,9997727,1,15140976,1514097.6,3367354.9537641,9997727,287,15118456,1679828.44444444,3532171.62482191,10020526,192,0,0,0,0,360,328,0.7264975723999999,0.6604523385000001,0,2896,358.6818181818,730.6115107591,533793.17965368,0,0,0,1,0,0,0,0,0,375.7619047619,169.0,603.2,360,0,0,0,0,0,0,11,1859,10,6032,29200,12,3,32,141612.0,0.0,141612,141612,9997727.0,0.0,9997727,9997727,BENIGN
351,2,0,12,0,6,6,6.0,0.0,0,0,0.0,0.0,34188.03419,5698.005698,351.0,0.0,351,351,351,351.0,0.0,351,351,0,0.0,0.0,0,0,0,0,0,0,40,0,5698.005698,0.0,6,6,6.0,0.0,0.0,0,0,0,0,1,0,0,0,0,9.0,6.0,0.0,40,0,0,0,0,0,0,2,12,0,0,131,-1,1,20,0.0,0.0,0,0,0.0,0.0,0,0,BENIGN
30506,1,1,58,186,58,58,58.0,0.0,186,186,186.0,0.0,7998.426539,65.56087327,30506.0,0.0,30506,30506,0,0.0,0.0,0,0,0,0.0,0.0,0,0,0,0,0,0,32,32,32.78043664,32.78043664,58,186,100.6666667,73.90083446,5461.333333,0,0,0,0,0,0,0,0,1,151.0,58.0,186.0,32,0,0,0,0,0,0,1,58,1,186,-1,-1,0,32,0.0,0.0,0,0,0.0,0.0,0,0,BENIGN
5176306,9,7,352,5044,195,0,39.11111111,71.67189903,1460,0,720.5714286,685.4224627,1042.442236,3.0910073710000003,345087.0667,1248498.681,4855691,3,5176306,647038.25,1701895.563,4855691,3,117925,19654.16667,29938.72804,64079,48,0,0,0,0,192,152,1.738691646,1.352315725,0,1460,317.4117647,547.4654166,299718.3824,0,0,0,1,0,0,0,0,0,337.25,39.11111111,720.5714286,192,0,0,0,0,0,0,9,352,7,5044,8192,110,3,20,0.0,0.0,0,0,0.0,0.0,0,0,BENIGN
115930603,2,2,134,284,78,56,67.0,15.5563491861,159,125,142.0,24.041630560300003,3.6056053293,0.0345034003,38643534.33333329,66878352.527819104,115868004,30698,115899905,115899905.0,0.0,115899905,115899905,115898702,115898702.0,0.0,115898702,115898702,0,0,0,0,40,40,0.0172517001,0.0172517001,56,159,94.8,45.6256506803,2081.7,0,0,0,0,0,0,0,0,1,118.5,67.0,142.0,40,0,0,0,0,0,0,2,134,2,284,-1,-1,1,20,31901.0,0.0,31901,31901,115868004.0,0.0,115868004,115868004,BENIGN
23220,1,1,0,0,0,0,0.0,0.0,0,0,0.0,0.0,0.0,86.1326442722,23220.0,0.0,23220,23220,0,0.0,0.0,0,0,0,0.0,0.0,0,0,0,0,0,0,32,32,43.0663221361,43.0663221361,0,0,0.0,0.0,0.0,0,0,0,0,1,1,0,0,1,0.0,0.0,0.0,32,0,0,0,0,0,0,1,0,1,0,274,939,0,32,0.0,0.0,0,0,0.0,0.0,0,0,BENIGN
64691409,167,255,3385,428025,1510,0,20.26946108,122.3265646,4380,0,1678.529412,784.310755,6668.737112,6.523277303,153661.304,2841116.2210000013,58200000,0,64700000,389707.2831,4522749.302,58200000,4,64500000,253796.9016,3658809.875,58200000,1,0,0,0,0,3352,5112,2.581486515,3.941790787,0,4380,1019.881797,1017.92508,1036171.469,0,0,0,1,0,0,0,0,1,1022.298578,20.26946108,1678.529412,3352,0,0,0,0,0,0,167,3385,255,428025,8192,143,16,20,6303371.0,0.0,6303371,6303371,58200000.0,0.0,58200000,58200000,BENIGN
56,2,2,4,12,2,2,2.0,0.0,6,6,6.0,0.0,285714.2857,71428.57143,18.66666667,25.40341184,48,4,48,48.0,0.0,48,48,4,4.0,0.0,4,4,0,0,0,0,48,40,35714.285710000004,35714.285710000004,2,6,3.6,2.19089023,4.8,0,0,0,1,0,0,0,0,1,4.5,2.0,6.0,48,0,0,0,0,0,0,2,4,2,12,1024,0,1,24,0.0,0.0,0,0,0.0,0.0,0,0,BENIGN
251,2,2,56,568,28,28,28.0,0.0,284,284,284.0,0.0,2486055.777,15936.254980000002,83.66666667,102.4955284,199,3,3,3.0,0.0,3,3,49,49.0,0.0,49,49,0,0,0,0,80,80,7968.127490000003,7968.127490000003,28,284,130.4,140.2169747,19660.8,0,0,0,0,0,0,0,0,1,163.0,28.0,284.0,80,0,0,0,0,0,0,2,56,2,568,-1,-1,1,40,0.0,0.0,0,0,0.0,0.0,0,0,BENIGN
30529,1,1,52,68,52,52,52.0,0.0,68,68,68.0,0.0,3930.6888532215,65.511480887,30529.0,0.0,30529,30529,0,0.0,0.0,0,0,0,0.0,0.0,0,0,0,0,0,0,20,20,32.7557404435,32.7557404435,52,68,57.3333333333,9.237604307,85.3333333333,0,0,0,0,0,0,0,0,1,86.0,52.0,68.0,20,0,0,0,0,0,0,1,52,1,68,-1,-1,0,20,0.0,0.0,0,0,0.0,0.0,0,0,BENIGN
61684249,23,17,3767,7598,924,0,163.78260869999997,332.0531114,1448,0,446.9411765,540.8097482999998,184.2447656,0.648463759,1581647.41,3622754.675,10000000,9,61700000,2803829.5,4516496.278,10100000,218,61600000,3852074.937,4926669.764,10100000,48,0,0,0,0,744,552,0.372866662,0.275597098,0,1448,277.195122,446.3130191000001,199195.311,0,0,0,1,0,0,0,0,0,284.125,163.78260869999997,446.9411765,744,0,0,0,0,0,0,23,3767,17,7598,29200,146,6,32,316929.0,652499.0102,1648837,50356,9963692.833,147732.1315,10000000,9663016,BENIGN
6204324,3,1,12,0,6,0,4.0,3.464101615,0,0,0.0,0.0,1.934134968,0.644711656,2068108.0,3561394.111,6180429,115,6204324,3102162.0,4353326.94,6180429,23895,0,0.0,0.0,0,0,0,0,0,0,72,32,0.483533742,0.161177914,0,6,2.4,3.286335345,10.8,0,0,0,1,0,0,0,0,0,3.0,4.0,0.0,72,0,0,0,0,0,0,3,12,1,0,8192,65535,2,20,0.0,0.0,0,0,0.0,0.0,0,0,BENIGN
60981929,17,13,1106,3375,794,0,65.05882353,195.0885922,1502,0,259.6153846,547.5488621000002,73.48078477,0.491949017,2102825.1380000003,4112467.797,10000000,3,61000000,3811370.563,4996299.228,10100000,249,60900000,5077575.166999999,5215482.087,10100000,212,0,0,0,0,552,424,0.2787711089999999,0.213177907,0,1502,144.5483871,387.6039937,150236.8559,0,0,0,1,0,0,0,0,0,149.3666667,65.05882353,259.6153846,552,0,0,0,0,0,0,17,1106,13,3375,29200,116,3,32,97651.83333,115606.2476,333632,50316,10000000.0,28100.73399,10000000,9960057,BENIGN
227,2,2,130,386,65,65,65.0,0.0,193,193,193.0,0.0,2273127.753,17621.14537,75.66666667,89.75707957,176,3,3,3.0,0.0,3,3,48,48.0,0.0,48,48,0,0,0,0,64,64,8810.572687,8810.572687,65,193,116.2,70.10848736,4915.2,0,0,0,0,0,0,0,0,1,145.25,65.0,193.0,64,0,0,0,0,0,0,2,130,2,386,-1,-1,1,32,0.0,0.0,0,0,0.0,0.0,0,0,BENIGN
116830,1,1,47,196,47,47,47.0,0.0,196,196,196.0,0.0,2079.94522,17.1188907,116830.0,0.0,116830,116830,0,0.0,0.0,0,0,0,0.0,0.0,0,0,0,0,0,0,32,20,8.559445347999999,8.559445347999999,47,196,96.66666667,86.02519011,7400.333333,0,0,0,0,0,0,0,0,1,145.0,47.0,196.0,32,0,0,0,0,0,0,1,47,1,196,-1,-1,0,32,0.0,0.0,0,0,0.0,0.0,0,0,BENIGN
59428,1,1,65,81,65,65,65.0,0.0,81,81,81.0,0.0,2456.7543920000003,33.65416975,59428.0,0.0,59428,59428,0,0.0,0.0,0,0,0,0.0,0.0,0,0,0,0,0,0,32,32,16.82708488,16.82708488,65,81,70.33333333,9.237604307,85.33333333,0,0,0,0,0,0,0,0,1,105.5,65.0,81.0,32,0,0,0,0,0,0,1,65,1,81,-1,-1,0,32,0.0,0.0,0,0,0.0,0.0,0,0,BENIGN
126111,2,2,78,468,39,39,39.0,0.0,234,234,234.0,0.0,4329.519233,31.71808962,42037.0,72805.02365,126105,3,3,3.0,0.0,3,3,3,3.0,0.0,3,3,0,0,0,0,40,40,15.85904481,15.85904481,39,234,117.0,106.8058987,11407.5,0,0,0,0,0,0,0,0,1,146.25,39.0,234.0,40,0,0,0,0,0,0,2,78,2,468,-1,-1,1,20,0.0,0.0,0,0,0.0,0.0,0,0,BENIGN
171,2,0,12,0,6,6,6.0,0.0,0,0,0.0,0.0,70175.4385964912,11695.9064327485,171.0,0.0,171,171,171,171.0,0.0,171,171,0,0.0,0.0,0,0,0,0,0,0,40,0,11695.9064327485,0.0,6,6,6.0,0.0,0.0,1,0,0,0,0,0,0,0,0,9.0,6.0,0.0,40,0,0,0,0,0,0,2,12,0,0,0,-1,1,20,0.0,0.0,0,0,0.0,0.0,0,0,BENIGN
60912775,14,13,1463,5088,1069,0,104.5,284.1150228,1511,2,391.3846154,635.5514061000001,107.5472263,0.443256772,2342799.038,4222279.791,9994020,23,60900000,4685598.077,5096224.977,10100000,49304,60800000,5068832.25,5158100.124,10100000,49,0,0,0,0,292,264,0.229836845,0.2134199269999999,0,1511,233.9642857,490.9564725,241038.2579,0,0,0,1,0,0,0,0,0,242.6296296,104.5,391.3846154,292,0,0,0,0,0,0,14,1463,13,5088,8192,32070,13,20,251892.3333,404586.966,1077752,86575,9900209.333,154685.2088,9994020,9628266,BENIGN
139085,4,2,184,464,46,46,46.0,0.0,232,232,232.0,0.0,4659.021462,43.13908761,27817.0,46948.98623,108398,4,30639,10213.0,17645.2807,30588,4,48,48.0,0.0,48,48,0,0,0,0,104,40,28.75939174,14.37969587,46,232,99.14285714,90.75870678,8237.142856999999,0,0,0,0,0,0,0,0,0,115.6666667,46.0,232.0,104,0,0,0,0,0,0,4,184,2,464,-1,-1,3,20,0.0,0.0,0,0,0.0,0.0,0,0,BENIGN
94,1,4,0,12,0,0,0.0,0.0,6,0,3.0,3.4641016151,127659.574468085,53191.4893617021,23.5,34.0734500748,73,1,0,0.0,0.0,0,0,75,25.0,41.5692193817,73,1,0,0,0,0,32,104,10638.2978723404,42553.1914893617,0,6,2.0,3.098386677,9.6,0,0,0,0,1,1,0,0,4,2.4,0.0,3.0,32,0,0,0,0,0,0,1,0,4,12,254,0,0,32,0.0,0.0,0,0,0.0,0.0,0,0,BENIGN
45,2,0,37,0,37,0,18.5,26.1629509,0,0,0.0,0.0,822222.2222,44444.44444,45.0,0.0,45,45,45,45.0,0.0,45,45,0,0.0,0.0,0,0,1,0,0,0,64,0,44444.44444,0.0,0,37,24.66666667,21.36195996,456.3333333000001,0,1,0,0,1,0,0,0,0,37.0,18.5,0.0,64,0,0,0,0,0,0,2,37,0,0,65535,-1,0,32,0.0,0.0,0,0,0.0,0.0,0,0,BENIGN
101107,2,2,84,192,42,42,42.0,0.0,96,96,96.0,0.0,2729.781321,39.56204813,33702.33333,58368.95751,101101,3,3,3.0,0.0,3,3,3,3.0,0.0,3,3,0,0,0,0,40,40,19.78102406,19.78102406,42,96,63.6,29.57701811,874.8,0,0,0,0,0,0,0,0,1,79.5,42.0,96.0,40,0,0,0,0,0,0,2,84,2,192,-1,-1,1,20,0.0,0.0,0,0,0.0,0.0,0,0,BENIGN
5470653,4,2,12,0,6,0,3.0,3.464101615,0,0,0.0,0.0,2.193522419,1.096761209,1094130.6,2414493.817,5413233,66,5470653,1823551.0,3108756.024,5413233,27539,27620,27620.0,0.0,27620,27620,0,0,0,0,104,64,0.73117414,0.36558707,0,6,1.714285714,2.927700219,8.571428571,0,0,0,1,0,0,0,0,0,2.0,3.0,0.0,104,0,0,0,0,0,0,4,12,2,0,8192,29200,2,20,0.0,0.0,0,0,0.0,0.0,0,0,BENIGN
2,3,0,31,0,31,0,10.33333333,17.89785834,0,0,0.0,0.0,15500000.0,1500000.0,1.0,0.0,1,1,2,1.0,0.0,1,1,0,0.0,0.0,0,0,0,0,0,0,60,0,1500000.0,0.0,0,31,7.75,15.5,240.25,0,0,0,0,1,0,0,0,0,10.33333333,10.33333333,0.0,60,0,0,0,0,0,0,3,31,0,0,67,-1,1,20,0.0,0.0,0,0,0.0,0.0,0,0,BENIGN
1702890,2,2,97,259,54,43,48.5,7.778174592999999,149,110,129.5,27.57716447,209.0563689,2.348947965,567630.0,910400.284,1617740,380,1618120,1618120.0,0.0,1618120,1618120,1702510,1702510.0,0.0,1702510,1702510,0,0,0,0,60,72,1.174473982,1.174473982,43,149,82.0,45.72198596,2090.5,0,0,0,0,0,0,0,0,1,102.5,48.5,129.5,60,0,0,0,0,0,0,2,97,2,259,-1,-1,1,20,0.0,0.0,0,0,0.0,0.0,0,0,BENIGN
49638,1,1,51,112,51,51,51.0,0.0,112,112,112.0,0.0,3283.774528,40.29171199,49638.0,0.0,49638,49638,0,0.0,0.0,0,0,0,0.0,0.0,0,0,0,0,0,0,32,32,20.145856,20.145856,51,112,71.33333333,35.21836642,1240.333333,0,0,0,0,0,0,0,0,1,107.0,51.0,112.0,32,0,0,0,0,0,0,1,51,1,112,-1,-1,0,32,0.0,0.0,0,0,0.0,0.0,0,0,BENIGN
60,1,1,0,0,0,0,0.0,0.0,0,0,0.0,0.0,0.0,33333.33333,60.0,0.0,60,60,0,0.0,0.0,0,0,0,0.0,0.0,0,0,0,0,0,0,32,32,16666.66667,16666.66667,0,0,0.0,0.0,0.0,0,0,0,0,1,1,0,0,1,0.0,0.0,0.0,32,0,0,0,0,0,0,1,0,1,0,105,229,0,32,0.0,0.0,0,0,0.0,0.0,0,0,BENIGN
22,1,1,0,0,0,0,0.0,0.0,0,0,0.0,0.0,0.0,90909.09091,22.0,0.0,22,22,0,0.0,0.0,0,0,0,0.0,0.0,0,0,0,0,0,0,32,32,45454.54545,45454.54545,0,0,0.0,0.0,0.0,0,0,0,0,1,0,0,0,1,0.0,0.0,0.0,32,0,0,0,0,0,0,1,0,1,0,122,33304,0,32,0.0,0.0,0,0,0.0,0.0,0,0,BENIGN
223,2,0,12,0,6,6,6.0,0.0,0,0,0.0,0.0,53811.65919,8968.609865,223.0,0.0,223,223,223,223.0,0.0,223,223,0,0.0,0.0,0,0,0,0,0,0,40,0,8968.609865,0.0,6,6,6.0,0.0,0.0,0,0,0,0,1,0,0,0,0,9.0,6.0,0.0,40,0,0,0,0,0,0,2,12,0,0,31,-1,1,20,0.0,0.0,0,0,0.0,0.0,0,0,BENIGN
95209,2,0,12,0,6,6,6.0,0.0,0,0,0.0,0.0,126.0385048,21.00641746,95209.0,0.0,95209,95209,95209,95209.0,0.0,95209,95209,0,0.0,0.0,0,0,0,0,0,0,40,0,21.00641746,0.0,6,6,6.0,0.0,0.0,0,0,0,0,1,0,0,0,0,9.0,6.0,0.0,40,0,0,0,0,0,0,2,12,0,0,255,-1,1,20,0.0,0.0,0,0,0.0,0.0,0,0,BENIGN
10256317,8,8,725,3819,379,0,90.625,137.5156484602,1581,0,477.375,665.8176364441,443.0440283778,1.5600141844,683754.466666667,2560592.43954025,9939254,3,317060,45294.2857142857,35778.9877801403,105615,16803,10239562,1462794.57142857,3764616.17553494,9999451,3,0,0,0,0,172,172,0.7800070922,0.7800070922,0,1581,267.2941176471,494.3290610395,244361.220588235,0,0,0,1,0,0,0,0,1,284.0,90.625,477.375,172,0,0,0,0,0,0,8,725,8,3819,8192,245,7,20,317060.0,0.0,317060,317060,9939254.0,0.0,9939254,9939254,BENIGN
17101,2,2,66,434,33,33,33.0,0.0,217,217,217.0,0.0,29238.05625,233.90445,5700.333333,9868.070801,17095,3,3,3.0,0.0,3,3,3,3.0,0.0,3,3,0,0,0,0,40,40,116.952225,116.952225,33,217,106.6,100.7809506,10156.8,0,0,0,0,0,0,0,0,1,133.25,33.0,217.0,40,0,0,0,0,0,0,2,66,2,434,-1,-1,1,20,0.0,0.0,0,0,0.0,0.0,0,0,BENIGN
35,1,1,0,0,0,0,0.0,0.0,0,0,0.0,0.0,0.0,57142.85714,35.0,0.0,35,35,0,0.0,0.0,0,0,0,0.0,0.0,0,0,0,0,0,0,32,32,28571.42857,28571.42857,0,0,0.0,0.0,0.0,0,0,0,0,1,1,0,0,1,0.0,0.0,0.0,32,0,0,0,0,0,0,1,0,1,0,118,305,0,32,0.0,0.0,0,0,0.0,0.0,0,0,BENIGN
5638220,9,7,367,3968,210,0,40.77777778,75.80530618,1460,0,566.8571429,636.4043339,768.8596756000001,2.837775042,375881.3333,1362072.174,5295990,17,5638220,704777.5,1856736.87,5295990,48,311010,51835.0,90700.75229,233287,48,0,0,0,0,204,152,1.5962484609999998,1.241526581,0,1460,255.0,476.6329825,227179.0,0,0,0,1,0,0,0,0,0,270.9375,40.77777778,566.8571429,204,0,0,0,0,0,0,9,367,7,3968,8192,119,3,20,342182.0,0.0,342182,342182,5295990.0,0.0,5295990,5295990,BENIGN
66242305,21,24,1854,5188,402,0,88.28571429,121.853249,1430,0,216.1666667,418.0311687,106.3066872,0.6793241870000001,1505506.9319999998,8770170.864,58200000,2,66200000,3312115.25,13000000.0,58200000,49,66000000,2869838.87,12100000.0,58200000,2,0,0,0,0,432,492,0.317017954,0.362306233,0,1430,153.0869565,317.04649680000006,100518.4812,0,0,0,1,0,0,0,0,1,156.4888889,88.28571429,216.1666667,432,0,0,0,0,0,0,21,1854,24,5188,8192,377,20,20,7838737.0,0.0,7838737,7838737,58200000.0,0.0,58200000,58200000,BENIGN
62154,2,2,80,876,40,40,40.0,0.0,438,438,438.0,0.0,15381.1500466583,64.3562763459,20718.0,35878.5664568695,62147,3,3,3.0,0.0,3,3,4,4.0,0.0,4,4,0,0,0,0,40,64,32.1781381729,32.1781381729,40,438,199.2,217.9935778871,47521.2,0,0,0,0,0,0,0,0,1,249.0,40.0,438.0,40,0,0,0,0,0,0,2,80,2,876,-1,-1,1,20,0.0,0.0,0,0,0.0,0.0,0,0,BENIGN
373231,10,9,554,4054,197,0,55.4,71.92310709,1430,0,450.4444444,607.4755368,12346.24134,50.90681106,20735.05556,26862.565,90235,3,373231,41470.11111000001,37564.66497,127120,3,246059,30757.375,42830.35841,97356,4,0,0,0,0,212,192,26.79305845,24.11375261,0,1430,230.4,446.8532551,199677.8316,0,0,0,1,0,0,0,0,0,242.5263158,55.4,450.4444444,212,0,0,0,0,0,0,10,554,9,4054,8192,351,9,20,0.0,0.0,0,0,0.0,0.0,0,0,BENIGN
30688,1,1,49,105,49,49,49.0,0.0,105,105,105.0,0.0,5018.248175,65.17205422,30688.0,0.0,30688,30688,0,0.0,0.0,0,0,0,0.0,0.0,0,0,0,0,0,0,20,32,32.58602711,32.58602711,49,105,67.66666667,32.33161507,1045.333333,0,0,0,0,0,0,0,0,1,101.5,49.0,105.0,20,0,0,0,0,0,0,1,49,1,105,-1,-1,0,20,0.0,0.0,0,0,0.0,0.0,0,0,BENIGN
118574433,18,15,1019,563,512,0,56.61111111,149.2897455,309,0,37.53333333,98.52111207,13.34183061,0.278306201,3705451.031,4720723.074,10000000,106,119000000,6974966.647000001,4401112.614,10000000,996,113000000,8099633.214,3897032.391,10000000,581,0,0,0,0,372,444,0.151803382,0.126502819,0,512,46.52941176,125.5273085,15757.10517,0,0,0,1,0,0,0,0,0,47.93939394,56.61111111,37.53333333,372,0,0,0,0,0,0,18,1019,15,563,8192,980,17,20,327969.6364,981606.9849,3287626,31831,9980645.818,61128.94082999999,10000000,9798753,BENIGN
37762399,8,6,598,219,562,0,74.75,196.8899257,213,0,36.5,86.50028902,21.63527799,0.3707391579999999,2904799.923,4529806.624,10000000,88,37800000,5394628.429,5082655.978999998,10100000,251,30200000,6039944.6,5489626.055,10100000,1380,0,0,0,0,172,168,0.2118509469999999,0.15888821,0,562,54.46666667,150.46730380000002,22640.40952,0,0,0,1,0,0,0,0,0,58.35714286,74.75,36.5,172,0,0,0,0,0,0,8,598,6,219,8192,110,7,20,69161.25,36896.51118,124506,50680,9371438.5,1240051.197,10000000,7511419,BENIGN
184,2,2,80,112,40,40,40.0,0.0,56,56,56.0,0.0,1043478.261,21739.13043,61.33333333,65.37838583,132,3,3,3.0,0.0,3,3,49,49.0,0.0,49,49,0,0,0,0,40,52,10869.56522,10869.56522,40,56,46.4,8.76356092,76.8,0,0,0,0,0,0,0,0,1,58.0,40.0,56.0,40,0,0,0,0,0,0,2,80,2,112,-1,-1,1,20,0.0,0.0,0,0,0.0,0.0,0,0,BENIGN
190457,1,1,0,0,0,0,0.0,0.0,0,0,0.0,0.0,0.0,10.50105798,190457.0,0.0,190457,190457,0,0.0,0.0,0,0,0,0.0,0.0,0,0,0,0,0,0,40,20,5.250528991,5.250528991,0,0,0.0,0.0,0.0,0,0,0,1,0,0,0,0,1,0.0,0.0,0.0,40,0,0,0,0,0,0,1,0,1,0,29200,0,0,40,0.0,0.0,0,0,0.0,0.0,0,0,BENIGN
23747,2,2,60,414,30,30,30.0,0.0,207,207,207.0,0.0,19960.41605,168.4423296,7915.666667,13704.27467,23740,3,4,4.0,0.0,4,4,3,3.0,0.0,3,3,0,0,0,0,40,40,84.22116478,84.22116478,30,207,100.8,96.94689268,9398.7,0,0,0,0,0,0,0,0,1,126.0,30.0,207.0,40,0,0,0,0,0,0,2,60,2,414,-1,-1,1,20,0.0,0.0,0,0,0.0,0.0,0,0,BENIGN
150,2,2,66,98,33,33,33.0,0.0,49,49,49.0,0.0,1093333.333,26666.66667,50.0,48.03123983,99,3,3,3.0,0.0,3,3,48,48.0,0.0,48,48,0,0,0,0,40,40,13333.33333,13333.33333,33,49,39.4,8.76356092,76.8,0,0,0,0,0,0,0,0,1,49.25,33.0,49.0,40,0,0,0,0,0,0,2,66,2,98,-1,-1,1,20,0.0,0.0,0,0,0.0,0.0,0,0,BENIGN
31084,2,2,102,232,51,51,51.0,0.0,116,116,116.0,0.0,10745.0778535581,128.6835671085,10361.3333333333,17862.351310321203,30987,48,49,49.0,0.0,49,49,48,48.0,0.0,48,48,0,0,0,0,64,40,64.3417835542,64.3417835542,51,116,77.0,35.6019662378,1267.5,0,0,0,0,0,0,0,0,1,96.25,51.0,116.0,64,0,0,0,0,0,0,2,102,2,232,-1,-1,1,32,0.0,0.0,0,0,0.0,0.0,0,0,BENIGN
61437,2,2,80,294,40,40,40.0,0.0,147,147,147.0,0.0,6087.536826,65.10734574,20479.0,35463.74028,61429,4,4,4.0,0.0,4,4,4,4.0,0.0,4,4,0,0,0,0,64,40,32.55367287,32.55367287,40,147,82.8,58.60631365,3434.7,0,0,0,0,0,0,0,0,1,103.5,40.0,147.0,64,0,0,0,0,0,0,2,80,2,294,-1,-1,1,32,0.0,0.0,0,0,0.0,0.0,0,0,BENIGN
31455,1,1,40,116,40,40,40.0,0.0,116,116,116.0,0.0,4959.465904,63.58289620000001,31455.0,0.0,31455,31455,0,0.0,0.0,0,0,0,0.0,0.0,0,0,0,0,0,0,20,20,31.791448100000004,31.791448100000004,40,116,65.33333333,43.87862046,1925.333333,0,0,0,0,0,0,0,0,1,98.0,40.0,116.0,20,0,0,0,0,0,0,1,40,1,116,-1,-1,0,20,0.0,0.0,0,0,0.0,0.0,0,0,BENIGN
4203192,5,1,135,46,46,6,27.0,20.1246118,46,46,46.0,0.0,43.06251059,1.427486539,840638.4,1730101.7980000004,3931820,4,4203192,1050798.0,1923983.461,3931820,4,0,0.0,0.0,0,0,1,0,0,0,100,20,1.189572116,0.237914423,6,46,32.42857143,18.86670032,355.952381,0,1,0,0,1,0,0,0,0,37.83333333,27.0,46.0,100,0,0,0,0,0,0,5,135,1,46,258,360,4,20,0.0,0.0,0,0,0.0,0.0,0,0,BENIGN
17438316,2,2,105,265,56,49,52.5,4.949747468,148,117,132.5,21.92031022,21.2176451,0.229379947,5812772.0,9960914.281,17300000,46255,17400000,17400000.0,0.0,17400000,17400000,17400000,17400000.0,0.0,17400000,17400000,0,0,0,0,64,72,0.114689974,0.114689974,49,148,85.2,44.63966846,1992.7,0,0,0,0,0,0,0,0,1,106.5,52.5,132.5,64,0,0,0,0,0,0,2,105,2,265,-1,-1,1,32,77430.0,0.0,77430,77430,17300000.0,0.0,17300000,17300000,BENIGN
75221639,16,19,689,11357,366,0,43.0625,102.0682574,2016,0,597.7368421,808.8057617000003,160.1400895,0.465291643,2212401.147,4100344.316,10000000,23,70700000,4711508.267,5182826.66,10100000,249,75200000,4175333.722,4950656.625,10100000,50,0,0,0,0,332,476,0.212704751,0.252586892,0,2016,334.6111111,648.4864257999999,420534.6444,0,0,0,1,0,0,0,0,1,344.1714286,43.0625,597.7368421,332,0,0,0,0,0,0,16,689,19,11357,8192,33,10,20,88210.42857,59493.5838,223129,65570,10000000.0,6801.693116,10000000,9996192,BENIGN
24006,2,2,80,204,40,40,40.0,0.0,102,102,102.0,0.0,11830.37574,166.6250104,8002.0,13853.80839,23999,3,4,4.0,0.0,4,4,3,3.0,0.0,3,3,0,0,0,0,40,40,83.31250521,83.31250521,40,102,64.8,33.95879857,1153.2,0,0,0,0,0,0,0,0,1,81.0,40.0,102.0,40,0,0,0,0,0,0,2,80,2,204,-1,-1,1,20,0.0,0.0,0,0,0.0,0.0,0,0,BENIGN
25798400,6,7,448,2064,424,0,74.66666667,171.1545111,1460,0,294.8571429,558.8009272,97.37037956,0.503907219,2149866.667,4004506.864,9999922,5,20100000,4025860.2,5464409.03,10000000,24199,25800000,4295701.0,4941886.255,10000000,176,0,0,0,0,132,176,0.232572563,0.271334656,0,1460,179.4285714,412.4347434,170102.4176,0,0,0,1,0,0,0,0,1,193.2307692,74.66666667,294.8571429,132,0,0,0,0,0,0,6,448,7,2064,8192,946,5,20,64916.0,57690.01385,105709,24123,9999734.5,265.1650429,9999922,9999547,BENIGN
23728052,2,2,110,161,55,55,55.0,0.0,90,71,80.5,13.43502884,11.42108084,0.1685768389999999,7909350.667,13600000.0,23600000,30722,23700000,23700000.0,0.0,23700000,23700000,23700000,23700000.0,0.0,23700000,23700000,0,0,0,0,40,52,0.084288419,0.084288419,55,90,65.2,15.49838701,240.2,0,0,0,0,0,0,0,0,1,81.5,55.0,80.5,40,0,0,0,0,0,0,2,110,2,161,-1,-1,1,20,30722.0,0.0,30722,30722,23600000.0,0.0,23600000,23600000,BENIGN
2,2,0,31,0,31,0,15.5,21.9203102168,0,0,0.0,0.0,15500000.0,1000000.0,2.0,0.0,2,2,2,2.0,0.0,2,2,0,0.0,0.0,0,0,1,0,0,0,64,0,1000000.0,0.0,0,31,20.6666666667,17.8978583449,320.3333333333,0,1,0,0,1,0,0,0,0,31.0,15.5,0.0,64,0,0,0,0,0,0,2,31,0,0,972,-1,0,32,0.0,0.0,0,0,0.0,0.0,0,0,BENIGN
191,2,2,90,196,45,45,45.0,0.0,98,98,98.0,0.0,1497382.199,20942.40838,63.66666667,104.2417063,184,1,1,1.0,0.0,1,1,6,6.0,0.0,6,6,0,0,0,0,40,40,10471.20419,10471.20419,45,98,66.2,29.02929555,842.7,0,0,0,0,0,0,0,0,1,82.75,45.0,98.0,40,0,0,0,0,0,0,2,90,2,196,-1,-1,1,20,0.0,0.0,0,0,0.0,0.0,0,0,BENIGN
3,2,0,12,0,6,6,6.0,0.0,0,0,0.0,0.0,4000000.0,666666.666666667,3.0,0.0,3,3,3,3.0,0.0,3,3,0,0.0,0.0,0,0,0,0,0,0,40,0,666666.666666667,0.0,6,6,6.0,0.0,0.0,0,0,0,0,1,0,0,0,0,9.0,6.0,0.0,40,0,0,0,0,0,0,2,12,0,0,7186,-1,1,20,0.0,0.0,0,0,0.0,0.0,0,0,BENIGN
51,2,2,4,12,2,2,2.0,0.0,6,6,6.0,0.0,313725.4902,78431.37255,17.0,26.85144316,48,1,2,2.0,0.0,2,2,1,1.0,0.0,1,1,0,0,0,0,48,40,39215.68627,39215.68627,2,6,3.6,2.19089023,4.8,0,0,0,1,0,0,0,0,1,4.5,2.0,6.0,48,0,0,0,0,0,0,2,4,2,12,1024,0,1,24,0.0,0.0,0,0,0.0,0.0,0,0,BENIGN
1522273,9,11,703,3950,267,0,78.11111111,103.3022803,1448,0,359.0909091,569.9183195,3056.613367000001,13.13824787,80119.63158,160480.3929,699744,2,1214283,151785.375,264425.1933,794683,232,1427086,142708.6,209643.6953,699744,2,0,0,0,0,296,360,5.9122115420000005,7.2260363289999985,0,1448,221.5714286,434.4990876,188789.4571,0,0,0,1,0,0,0,0,1,232.65,78.11111111,359.0909091,296,0,0,0,0,0,0,9,703,11,3950,29200,252,4,32,0.0,0.0,0,0,0.0,0.0,0,0,BENIGN
874,2,0,12,0,6,6,6.0,0.0,0,0,0.0,0.0,13729.9771167048,2288.3295194508,874.0,0.0,874,874,874,874.0,0.0,874,874,0,0.0,0.0,0,0,0,0,0,0,40,0,2288.3295194508,0.0,6,6,6.0,0.0,0.0,0,0,0,0,1,0,0,0,0,9.0,6.0,0.0,40,0,0,0,0,0,0,2,12,0,0,30,-1,1,20,0.0,0.0,0,0,0.0,0.0,0,0,BENIGN
154,2,2,86,118,43,43,43.0,0.0,59,59,59.0,0.0,1324675.325,25974.02597,51.33333333,83.71578903,148,3,3,3.0,0.0,3,3,3,3.0,0.0,3,3,0,0,0,0,40,40,12987.01299,12987.01299,43,59,49.4,8.76356092,76.8,0,0,0,0,0,0,0,0,1,61.75,43.0,59.0,40,0,0,0,0,0,0,2,86,2,118,-1,-1,1,20,0.0,0.0,0,0,0.0,0.0,0,0,BENIGN
241,2,1,280,6,274,6,140.0,189.5046174,6,6,6.0,0.0,1186721.992,12448.13278,120.5,13.43502884,130,111,241,241.0,0.0,241,241,0,0.0,0.0,0,0,1,0,0,0,40,20,8298.755187,4149.377593,6,274,140.0,154.7298721,23941.33333,0,1,0,0,1,0,0,0,0,186.6666667,140.0,6.0,40,0,0,0,0,0,0,2,280,1,6,60,0,1,20,0.0,0.0,0,0,0.0,0.0,0,0,BENIGN
48701,2,2,66,226,33,33,33.0,0.0,113,113,113.0,0.0,5995.770107,82.13383709,16233.66667,28074.242810000003,48651,3,47,47.0,0.0,47,47,3,3.0,0.0,3,3,0,0,0,0,40,40,41.06691854,41.06691854,33,113,65.0,43.8178046,1920.0,0,0,0,0,0,0,0,0,1,81.25,33.0,113.0,40,0,0,0,0,0,0,2,66,2,226,-1,-1,1,20,0.0,0.0,0,0,0.0,0.0,0,0,BENIGN
23831,1,1,51,112,51,51,51.0,0.0,112,112,112.0,0.0,6839.830473,83.92430028,23831.0,0.0,23831,23831,0,0.0,0.0,0,0,0,0.0,0.0,0,0,0,0,0,0,20,20,41.96215014,41.96215014,51,112,71.33333333,35.21836642,1240.333333,0,0,0,0,0,0,0,0,1,107.0,51.0,112.0,20,0,0,0,0,0,0,1,51,1,112,-1,-1,0,20,0.0,0.0,0,0,0.0,0.0,0,0,BENIGN
176869,2,2,86,154,43,43,43.0,0.0,77,77,77.0,0.0,1356.93649,22.61560816,58956.33333,102109.3026,176862,3,3,3.0,0.0,3,3,4,4.0,0.0,4,4,0,0,0,0,64,40,11.30780408,11.30780408,43,77,56.6,18.62256696,346.8,0,0,0,0,0,0,0,0,1,70.75,43.0,77.0,64,0,0,0,0,0,0,2,86,2,154,-1,-1,1,32,0.0,0.0,0,0,0.0,0.0,0,0,BENIGN
1,2,0,0,0,0,0,0.0,0.0,0,0,0.0,0.0,0.0,2000000.0,1.0,0.0,1,1,1,1.0,0.0,1,1,0,0.0,0.0,0,0,0,0,0,0,40,0,2000000.0,0.0,0,0,0.0,0.0,0.0,1,0,0,0,0,0,0,0,0,0.0,0.0,0.0,40,0,0,0,0,0,0,2,0,0,0,0,-1,0,20,0.0,0.0,0,0,0.0,0.0,0,0,BENIGN
155,2,2,58,166,29,29,29.0,0.0,83,83,83.0,0.0,1445161.29032258,25806.4516129032,51.6666666667,82.5610884941,147,4,4,4.0,0.0,4,4,4,4.0,0.0,4,4,0,0,0,0,64,64,12903.2258064516,12903.2258064516,29,83,50.6,29.5770181053,874.8,0,0,0,0,0,0,0,0,1,63.25,29.0,83.0,64,0,0,0,0,0,0,2,58,2,166,-1,-1,1,32,0.0,0.0,0,0,0.0,0.0,0,0,BENIGN
85228,1,1,69,135,69,69,69.0,0.0,135,135,135.0,0.0,2393.5795747876,23.4664664195,85228.0,0.0,85228,85228,0,0.0,0.0,0,0,0,0.0,0.0,0,0,0,0,0,0,32,32,11.7332332097,11.7332332097,69,135,91.0,38.1051177665,1452.0,0,0,0,0,0,0,0,0,1,136.5,69.0,135.0,32,0,0,0,0,0,0,1,69,1,135,-1,-1,0,32,0.0,0.0,0,0,0.0,0.0,0,0,BENIGN
24008,2,2,68,182,34,34,34.0,0.0,91,91,91.0,0.0,10413.1956,166.6111296,8002.666667,13854.09706,24000,4,4,4.0,0.0,4,4,4,4.0,0.0,4,4,0,0,0,0,64,64,83.30556481,83.30556481,34,91,56.8,31.22018578,974.7,0,0,0,0,0,0,0,0,1,71.0,34.0,91.0,64,0,0,0,0,0,0,2,68,2,182,-1,-1,1,32,0.0,0.0,0,0,0.0,0.0,0,0,BENIGN
142,2,2,70,102,35,35,35.0,0.0,51,51,51.0,0.0,1211267.6056338002,28169.014084507,47.3333333333,76.7875858022,136,3,3,3.0,0.0,3,3,3,3.0,0.0,3,3,0,0,0,0,40,40,14084.5070422535,14084.5070422535,35,51,41.4,8.7635609201,76.8,0,0,0,0,0,0,0,0,1,51.75,35.0,51.0,40,0,0,0,0,0,0,2,70,2,102,-1,-1,1,20,0.0,0.0,0,0,0.0,0.0,0,0,BENIGN
31033,4,2,140,484,35,35,35.0,0.0,242,242,242.0,0.0,20107.62736,193.3425708,6206.6,13509.064669999998,30368,3,30375,10125.0,17530.95226,30368,3,49,49.0,0.0,49,49,0,0,0,0,104,64,128.8950472,64.4475236,35,242,94.14285714,101.0056576,10202.14286,0,0,0,0,0,0,0,0,0,109.8333333,35.0,242.0,104,0,0,0,0,0,0,4,140,2,484,-1,-1,3,20,0.0,0.0,0,0,0.0,0.0,0,0,BENIGN
82373717,6,9,12982,56,10135,0,2163.666667,3966.151821,20,0,6.222222222,5.7831171910000005,158.27864119999998,0.182096918,5883836.929,20700000.0,77700000,1,82400000,16500000.0,36500000.0,81800000,6,81800000,10200000.0,27300000.0,77700000,1,1,0,0,0,132,204,0.072838767,0.109258151,0,10135,900.8125,2525.184514,6376556.829,0,1,0,0,1,1,0,0,1,960.8666667,2163.666667,6.222222222,132,0,0,0,0,0,0,6,12982,9,56,229,256,4,20,4061402.0,0.0,4061402,4061402,77700000.0,0.0,77700000,77700000,BENIGN
61233,2,2,76,376,38,38,38.0,0.0,188,188,188.0,0.0,7381.640619,65.32425326,20411.0,35306.99686,61180,4,49,49.0,0.0,49,49,4,4.0,0.0,4,4,0,0,0,0,64,64,32.66212663,32.66212663,38,188,98.0,82.15838363,6750.0,0,0,0,0,0,0,0,0,1,122.5,38.0,188.0,64,0,0,0,0,0,0,2,76,2,376,-1,-1,1,32,0.0,0.0,0,0,0.0,0.0,0,0,BENIGN
60892,1,1,51,89,51,51,51.0,0.0,89,89,89.0,0.0,2299.152598,32.84503711,60892.0,0.0,60892,60892,0,0.0,0.0,0,0,0,0.0,0.0,0,0,0,0,0,0,32,32,16.42251856,16.42251856,51,89,63.66666667,21.93931023,481.3333333000001,0,0,0,0,0,0,0,0,1,95.5,51.0,89.0,32,0,0,0,0,0,0,1,51,1,89,-1,-1,0,32,0.0,0.0,0,0,0.0,0.0,0,0,BENIGN
23877,2,2,88,168,44,44,44.0,0.0,84,84,84.0,0.0,10721.61494,167.52523349999998,7959.0,13742.10715,23827,4,46,46.0,0.0,46,46,4,4.0,0.0,4,4,0,0,0,0,64,64,83.76261674,83.76261674,44,84,60.0,21.9089023,480.0,0,0,0,0,0,0,0,0,1,75.0,44.0,84.0,64,0,0,0,0,0,0,2,88,2,168,-1,-1,1,32,0.0,0.0,0,0,0.0,0.0,0,0,BENIGN
18,1,1,6,6,6,6,6.0,0.0,6,6,6.0,0.0,666666.666666667,111111.111111111,18.0,0.0,18,18,0,0.0,0.0,0,0,0,0.0,0.0,0,0,0,0,0,0,20,20,55555.5555555556,55555.5555555556,6,6,6.0,0.0,0.0,0,0,0,0,1,1,0,0,1,9.0,6.0,6.0,20,0,0,0,0,0,0,1,6,1,6,119,16360,0,20,0.0,0.0,0,0,0.0,0.0,0,0,BENIGN
86,2,0,0,0,0,0,0.0,0.0,0,0,0.0,0.0,0.0,23255.81395,86.0,0.0,86,86,86,86.0,0.0,86,86,0,0.0,0.0,0,0,0,0,0,0,64,0,23255.81395,0.0,0,0,0.0,0.0,0.0,0,0,0,0,1,0,0,0,0,0.0,0.0,0.0,64,0,0,0,0,0,0,2,0,0,0,262,-1,0,32,0.0,0.0,0,0,0.0,0.0,0,0,BENIGN
119131979,97,112,6785,193933,4274,0,69.94845361,458.9780399,4344,0,1731.544643,1096.6901300000004,1684.837285,1.754356821,572749.899,2299132.851,10200000,1,119000000,1240619.698,3278875.9480000013,10200000,2,119000000,1072959.748,3078459.479,10200000,1,0,0,0,0,3124,3592,0.8142230220000001,0.940133799,0,4344,955.8,1194.401553,1426595.07,0,0,0,1,0,0,0,0,1,960.3732057,69.94845361,1731.544643,3124,0,0,0,0,0,0,97,6785,112,193933,29200,1368,6,32,620332.0,1949127.344,6497172,32301,10200000.0,1556.340603,10200000,10200000,BENIGN
250,2,2,60,344,30,30,30.0,0.0,172,172,172.0,0.0,1616000.0,16000.0,83.3333333333,142.60551648979998,248,1,1,1.0,0.0,1,1,1,1.0,0.0,1,1,0,0,0,0,64,64,8000.0,8000.0,30,172,86.8,77.7766031657,6049.2,0,0,0,0,0,0,0,0,1,108.5,30.0,172.0,64,0,0,0,0,0,0,2,60,2,344,-1,-1,1,32,0.0,0.0,0,0,0.0,0.0,0,0,BENIGN
5102583,3,1,0,0,0,0,0.0,0.0,0,0,0.0,0.0,0.0,0.783916695,1700861.0,2907633.797,5058210,49,5102583,2551291.5,3545318.142,5058210,44373,0,0.0,0.0,0,0,0,0,0,0,104,40,0.587937521,0.1959791739999999,0,0,0.0,0.0,0.0,0,0,0,1,0,0,0,0,0,0.0,0.0,0.0,104,0,0,0,0,0,0,3,0,1,0,29200,28960,0,32,0.0,0.0,0,0,0.0,0.0,0,0,BENIGN
44,1,1,2,6,2,2,2.0,0.0,6,6,6.0,0.0,181818.1818,45454.54545,44.0,0.0,44,44,0,0.0,0.0,0,0,0,0.0,0.0,0,0,0,0,0,0,24,20,22727.27273,22727.27273,2,6,3.333333333,2.309401077,5.333333333,0,0,0,1,0,0,0,0,1,5.0,2.0,6.0,24,0,0,0,0,0,0,1,2,1,6,1024,0,0,24,0.0,0.0,0,0,0.0,0.0,0,0,PortScan
44,1,1,0,6,0,0,0.0,0.0,6,6,6.0,0.0,136363.6364,45454.54545,44.0,0.0,44,44,0,0.0,0.0,0,0,0,0.0,0.0,0,0,0,0,0,0,40,20,22727.27273,22727.27273,0,6,2.0,3.464101615,12.0,0,0,0,1,0,0,0,0,1,3.0,0.0,6.0,40,0,0,0,0,0,0,1,0,1,6,29200,0,0,40,0.0,0.0,0,0,0.0,0.0,0,0,PortScan
99,1,1,0,6,0,0,0.0,0.0,6,6,6.0,0.0,60606.06061,20202.0202,99.0,0.0,99,99,0,0.0,0.0,0,0,0,0.0,0.0,0,0,0,0,0,0,40,20,10101.0101,10101.0101,0,6,2.0,3.464101615,12.0,0,0,0,1,0,0,0,0,1,3.0,0.0,6.0,40,0,0,0,0,0,0,1,0,1,6,29200,0,0,40,0.0,0.0,0,0,0.0,0.0,0,0,PortScan
69,1,1,2,6,2,2,2.0,0.0,6,6,6.0,0.0,115942.029,28985.50725,69.0,0.0,69,69,0,0.0,0.0,0,0,0,0.0,0.0,0,0,0,0,0,0,24,20,14492.75362,14492.75362,2,6,3.333333333,2.309401077,5.333333333,0,0,0,1,0,0,0,0,1,5.0,2.0,6.0,24,0,0,0,0,0,0,1,2,1,6,1024,0,0,24,0.0,0.0,0,0,0.0,0.0,0,0,PortScan
94,1,1,0,6,0,0,0.0,0.0,6,6,6.0,0.0,63829.78723,21276.59574,94.0,0.0,94,94,0,0.0,0.0,0,0,0,0.0,0.0,0,0,0,0,0,0,40,20,10638.29787,10638.29787,0,6,2.0,3.464101615,12.0,0,0,0,1,0,0,0,0,1,3.0,0.0,6.0,40,0,0,0,0,0,0,1,0,1,6,29200,0,0,40,0.0,0.0,0,0,0.0,0.0,0,0,PortScan
93,1,1,2,6,2,2,2.0,0.0,6,6,6.0,0.0,86021.50538,21505.37634,93.0,0.0,93,93,0,0.0,0.0,0,0,0,0.0,0.0,0,0,0,0,0,0,24,20,10752.68817,10752.68817,2,6,3.333333333,2.309401077,5.333333333,0,0,0,1,0,0,0,0,1,5.0,2.0,6.0,24,0,0,0,0,0,0,1,2,1,6,1024,0,0,24,0.0,0.0,0,0,0.0,0.0,0,0,PortScan
32,1,1,0,6,0,0,0.0,0.0,6,6,6.0,0.0,187500.0,62500.0,32.0,0.0,32,32,0,0.0,0.0,0,0,0,0.0,0.0,0,0,0,0,0,0,40,20,31250.0,31250.0,0,6,2.0,3.464101615,12.0,0,0,0,1,0,0,0,0,1,3.0,0.0,6.0,40,0,0,0,0,0,0,1,0,1,6,29200,0,0,40,0.0,0.0,0,0,0.0,0.0,0,0,PortScan
48,1,1,0,6,0,0,0.0,0.0,6,6,6.0,0.0,125000.0,41666.66667,48.0,0.0,48,48,0,0.0,0.0,0,0,0,0.0,0.0,0,0,0,0,0,0,40,20,20833.33333,20833.33333,0,6,2.0,3.464101615,12.0,0,0,0,1,0,0,0,0,1,3.0,0.0,6.0,40,0,0,0,0,0,0,1,0,1,6,29200,0,0,40,0.0,0.0,0,0,0.0,0.0,0,0,PortScan
43,1,1,0,6,0,0,0.0,0.0,6,6,6.0,0.0,139534.8837,46511.62791,43.0,0.0,43,43,0,0.0,0.0,0,0,0,0.0,0.0,0,0,0,0,0,0,40,20,23255.81395,23255.81395,0,6,2.0,3.464101615,12.0,0,0,0,1,0,0,0,0,1,3.0,0.0,6.0,40,0,0,0,0,0,0,1,0,1,6,29200,0,0,40,0.0,0.0,0,0,0.0,0.0,0,0,PortScan
6,1,1,0,6,0,0,0.0,0.0,6,6,6.0,0.0,1000000.0,333333.3333,6.0,0.0,6,6,0,0.0,0.0,0,0,0,0.0,0.0,0,0,0,0,0,0,40,20,166666.6667,166666.6667,0,6,2.0,3.464101615,12.0,0,0,0,1,0,0,0,0,1,3.0,0.0,6.0,40,0,0,0,0,0,0,1,0,1,6,29200,0,0,40,0.0,0.0,0,0,0.0,0.0,0,0,PortScan
26,1,1,2,6,2,2,2.0,0.0,6,6,6.0,0.0,307692.3077,76923.07692,26.0,0.0,26,26,0,0.0,0.0,0,0,0,0.0,0.0,0,0,0,0,0,0,24,20,38461.53846,38461.53846,2,6,3.333333333,2.309401077,5.333333333,0,0,0,1,0,0,0,0,1,5.0,2.0,6.0,24,0,0,0,0,0,0,1,2,1,6,1024,0,0,24,0.0,0.0,0,0,0.0,0.0,0,0,PortScan
42,1,1,0,6,0,0,0.0,0.0,6,6,6.0,0.0,142857.1429,47619.04762,42.0,0.0,42,42,0,0.0,0.0,0,0,0,0.0,0.0,0,0,0,0,0,0,40,20,23809.52381,23809.52381,0,6,2.0,3.464101615,12.0,0,0,0,1,0,0,0,0,1,3.0,0.0,6.0,40,0,0,0,0,0,0,1,0,1,6,29200,0,0,40,0.0,0.0,0,0,0.0,0.0,0,0,PortScan
16,1,1,2,6,2,2,2.0,0.0,6,6,6.0,0.0,500000.0,125000.0,16.0,0.0,16,16,0,0.0,0.0,0,0,0,0.0,0.0,0,0,0,0,0,0,24,20,62500.0,62500.0,2,6,3.333333333,2.309401077,5.333333333,0,0,0,1,0,0,0,0,1,5.0,2.0,6.0,24,0,0,0,0,0,0,1,2,1,6,1024,0,0,24,0.0,0.0,0,0,0.0,0.0,0,0,PortScan
53,1,1,2,6,2,2,2.0,0.0,6,6,6.0,0.0,150943.3962,37735.84906,53.0,0.0,53,53,0,0.0,0.0,0,0,0,0.0,0.0,0,0,0,0,0,0,24,20,18867.92453,18867.92453,2,6,3.333333333,2.309401077,5.333333333,0,0,0,1,0,0,0,0,1,5.0,2.0,6.0,24,0,0,0,0,0,0,1,2,1,6,1024,0,0,24,0.0,0.0,0,0,0.0,0.0,0,0,PortScan
43,1,1,2,6,2,2,2.0,0.0,6,6,6.0,0.0,186046.5116,46511.62791,43.0,0.0,43,43,0,0.0,0.0,0,0,0,0.0,0.0,0,0,0,0,0,0,24,20,23255.81395,23255.81395,2,6,3.333333333,2.309401077,5.333333333,0,0,0,1,0,0,0,0,1,5.0,2.0,6.0,24,0,0,0,0,0,0,1,2,1,6,1024,0,0,24,0.0,0.0,0,0,0.0,0.0,0,0,PortScan
49,1,1,2,6,2,2,2.0,0.0,6,6,6.0,0.0,163265.3061,40816.32653,49.0,0.0,49,49,0,0.0,0.0,0,0,0,0.0,0.0,0,0,0,0,0,0,24,20,20408.16327,20408.16327,2,6,3.333333333,2.309401077,5.333333333,0,0,0,1,0,0,0,0,1,5.0,2.0,6.0,24,0,0,0,0,0,0,1,2,1,6,1024,0,0,24,0.0,0.0,0,0,0.0,0.0,0,0,PortScan
54,1,1,2,6,2,2,2.0,0.0,6,6,6.0,0.0,148148.1481,37037.03704,54.0,0.0,54,54,0,0.0,0.0,0,0,0,0.0,0.0,0,0,0,0,0,0,24,20,18518.51852,18518.51852,2,6,3.333333333,2.309401077,5.333333333,0,0,0,1,0,0,0,0,1,5.0,2.0,6.0,24,0,0,0,0,0,0,1,2,1,6,1024,0,0,24,0.0,0.0,0,0,0.0,0.0,0,0,PortScan
22,1,1,0,6,0,0,0.0,0.0,6,6,6.0,0.0,272727.2727,90909.09091,22.0,0.0,22,22,0,0.0,0.0,0,0,0,0.0,0.0,0,0,0,0,0,0,40,20,45454.54545,45454.54545,0,6,2.0,3.464101615,12.0,0,0,0,1,0,0,0,0,1,3.0,0.0,6.0,40,0,0,0,0,0,0,1,0,1,6,29200,0,0,40,0.0,0.0,0,0,0.0,0.0,0,0,PortScan
51,1,1,0,6,0,0,0.0,0.0,6,6,6.0,0.0,117647.0588,39215.68627,51.0,0.0,51,51,0,0.0,0.0,0,0,0,0.0,0.0,0,0,0,0,0,0,40,20,19607.84314,19607.84314,0,6,2.0,3.464101615,12.0,0,0,0,1,0,0,0,0,1,3.0,0.0,6.0,40,0,0,0,0,0,0,1,0,1,6,29200,0,0,40,0.0,0.0,0,0,0.0,0.0,0,0,PortScan
48,1,1,0,6,0,0,0.0,0.0,6,6,6.0,0.0,125000.0,41666.66667,48.0,0.0,48,48,0,0.0,0.0,0,0,0,0.0,0.0,0,0,0,0,0,0,40,20,20833.33333,20833.33333,0,6,2.0,3.464101615,12.0,0,0,0,1,0,0,0,0,1,3.0,0.0,6.0,40,0,0,0,0,0,0,1,0,1,6,29200,0,0,40,0.0,0.0,0,0,0.0,0.0,0,0,PortScan
40,1,1,0,6,0,0,0.0,0.0,6,6,6.0,0.0,150000.0,50000.0,40.0,0.0,40,40,0,0.0,0.0,0,0,0,0.0,0.0,0,0,0,0,0,0,40,20,25000.0,25000.0,0,6,2.0,3.464101615,12.0,0,0,0,1,0,0,0,0,1,3.0,0.0,6.0,40,0,0,0,0,0,0,1,0,1,6,29200,0,0,40,0.0,0.0,0,0,0.0,0.0,0,0,PortScan
43,1,1,0,6,0,0,0.0,0.0,6,6,6.0,0.0,139534.8837,46511.62791,43.0,0.0,43,43,0,0.0,0.0,0,0,0,0.0,0.0,0,0,0,0,0,0,40,20,23255.81395,23255.81395,0,6,2.0,3.464101615,12.0,0,0,0,1,0,0,0,0,1,3.0,0.0,6.0,40,0,0,0,0,0,0,1,0,1,6,29200,0,0,40,0.0,0.0,0,0,0.0,0.0,0,0,PortScan
27,1,1,2,6,2,2,2.0,0.0,6,6,6.0,0.0,296296.2963,74074.07407,27.0,0.0,27,27,0,0.0,0.0,0,0,0,0.0,0.0,0,0,0,0,0,0,24,20,37037.03704,37037.03704,2,6,3.333333333,2.309401077,5.333333333,0,0,0,1,0,0,0,0,1,5.0,2.0,6.0,24,0,0,0,0,0,0,1,2,1,6,1024,0,0,24,0.0,0.0,0,0,0.0,0.0,0,0,PortScan
29,1,1,0,6,0,0,0.0,0.0,6,6,6.0,0.0,206896.5517,68965.51724,29.0,0.0,29,29,0,0.0,0.0,0,0,0,0.0,0.0,0,0,0,0,0,0,40,20,34482.75862,34482.75862,0,6,2.0,3.464101615,12.0,0,0,0,1,0,0,0,0,1,3.0,0.0,6.0,40,0,0,0,0,0,0,1,0,1,6,29200,0,0,40,0.0,0.0,0,0,0.0,0.0,0,0,PortScan
47,1,1,2,6,2,2,2.0,0.0,6,6,6.0,0.0,170212.766,42553.19149,47.0,0.0,47,47,0,0.0,0.0,0,0,0,0.0,0.0,0,0,0,0,0,0,24,20,21276.59574,21276.59574,2,6,3.333333333,2.309401077,5.333333333,0,0,0,1,0,0,0,0,1,5.0,2.0,6.0,24,0,0,0,0,0,0,1,2,1,6,1024,0,0,24,0.0,0.0,0,0,0.0,0.0,0,0,PortScan
36,1,1,0,6,0,0,0.0,0.0,6,6,6.0,0.0,166666.6667,55555.55556,36.0,0.0,36,36,0,0.0,0.0,0,0,0,0.0,0.0,0,0,0,0,0,0,40,20,27777.77778,27777.77778,0,6,2.0,3.464101615,12.0,0,0,0,1,0,0,0,0,1,3.0,0.0,6.0,40,0,0,0,0,0,0,1,0,1,6,29200,0,0,40,0.0,0.0,0,0,0.0,0.0,0,0,PortScan
37,1,1,0,6,0,0,0.0,0.0,6,6,6.0,0.0,162162.1622,54054.05405,37.0,0.0,37,37,0,0.0,0.0,0,0,0,0.0,0.0,0,0,0,0,0,0,40,20,27027.02703,27027.02703,0,6,2.0,3.464101615,12.0,0,0,0,1,0,0,0,0,1,3.0,0.0,6.0,40,0,0,0,0,0,0,1,0,1,6,29200,0,0,40,0.0,0.0,0,0,0.0,0.0,0,0,PortScan
41,1,1,0,6,0,0,0.0,0.0,6,6,6.0,0.0,146341.4634,48780.4878,41.0,0.0,41,41,0,0.0,0.0,0,0,0,0.0,0.0,0,0,0,0,0,0,40,20,24390.2439,24390.2439,0,6,2.0,3.464101615,12.0,0,0,0,1,0,0,0,0,1,3.0,0.0,6.0,40,0,0,0,0,0,0,1,0,1,6,29200,0,0,40,0.0,0.0,0,0,0.0,0.0,0,0,PortScan
101,1,1,2,6,2,2,2.0,0.0,6,6,6.0,0.0,79207.92079,19801.9802,101.0,0.0,101,101,0,0.0,0.0,0,0,0,0.0,0.0,0,0,0,0,0,0,24,20,9900.990099,9900.990099,2,6,3.333333333,2.309401077,5.333333333,0,0,0,1,0,0,0,0,1,5.0,2.0,6.0,24,0,0,0,0,0,0,1,2,1,6,1024,0,0,24,0.0,0.0,0,0,0.0,0.0,0,0,PortScan
32,1,1,2,6,2,2,2.0,0.0,6,6,6.0,0.0,250000.0,62500.0,32.0,0.0,32,32,0,0.0,0.0,0,0,0,0.0,0.0,0,0,0,0,0,0,24,20,31250.0,31250.0,2,6,3.333333333,2.309401077,5.333333333,0,0,0,1,0,0,0,0,1,5.0,2.0,6.0,24,0,0,0,0,0,0,1,2,1,6,1024,0,0,24,0.0,0.0,0,0,0.0,0.0,0,0,PortScan
21,1,1,2,6,2,2,2.0,0.0,6,6,6.0,0.0,380952.381,95238.09524,21.0,0.0,21,21,0,0.0,0.0,0,0,0,0.0,0.0,0,0,0,0,0,0,24,20,47619.04762,47619.04762,2,6,3.333333333,2.309401077,5.333333333,0,0,0,1,0,0,0,0,1,5.0,2.0,6.0,24,0,0,0,0,0,0,1,2,1,6,1024,0,0,24,0.0,0.0,0,0,0.0,0.0,0,0,PortScan
59,1,1,2,6,2,2,2.0,0.0,6,6,6.0,0.0,135593.2203,33898.30508,59.0,0.0,59,59,0,0.0,0.0,0,0,0,0.0,0.0,0,0,0,0,0,0,24,20,16949.15254,16949.15254,2,6,3.333333333,2.309401077,5.333333333,0,0,0,1,0,0,0,0,1,5.0,2.0,6.0,24,0,0,0,0,0,0,1,2,1,6,1024,0,0,24,0.0,0.0,0,0,0.0,0.0,0,0,PortScan
67,1,1,0,6,0,0,0.0,0.0,6,6,6.0,0.0,89552.23881,29850.74627,67.0,0.0,67,67,0,0.0,0.0,0,0,0,0.0,0.0,0,0,0,0,0,0,40,20,14925.373130000002,14925.373130000002,0,6,2.0,3.464101615,12.0,0,0,0,1,0,0,0,0,1,3.0,0.0,6.0,40,0,0,0,0,0,0,1,0,1,6,29200,0,0,40,0.0,0.0,0,0,0.0,0.0,0,0,PortScan
42,1,1,2,6,2,2,2.0,0.0,6,6,6.0,0.0,190476.1905,47619.04762,42.0,0.0,42,42,0,0.0,0.0,0,0,0,0.0,0.0,0,0,0,0,0,0,24,20,23809.52381,23809.52381,2,6,3.333333333,2.309401077,5.333333333,0,0,0,1,0,0,0,0,1,5.0,2.0,6.0,24,0,0,0,0,0,0,1,2,1,6,1024,0,0,24,0.0,0.0,0,0,0.0,0.0,0,0,PortScan
55,1,1,2,6,2,2,2.0,0.0,6,6,6.0,0.0,145454.5455,36363.63636,55.0,0.0,55,55,0,0.0,0.0,0,0,0,0.0,0.0,0,0,0,0,0,0,24,20,18181.81818,18181.81818,2,6,3.333333333,2.309401077,5.333333333,0,0,0,1,0,0,0,0,1,5.0,2.0,6.0,24,0,0,0,0,0,0,1,2,1,6,1024,0,0,24,0.0,0.0,0,0,0.0,0.0,0,0,PortScan
52,1,1,0,6,0,0,0.0,0.0,6,6,6.0,0.0,115384.6154,38461.53846,52.0,0.0,52,52,0,0.0,0.0,0,0,0,0.0,0.0,0,0,0,0,0,0,40,20,19230.76923,19230.76923,0,6,2.0,3.464101615,12.0,0,0,0,1,0,0,0,0,1,3.0,0.0,6.0,40,0,0,0,0,0,0,1,0,1,6,29200,0,0,40,0.0,0.0,0,0,0.0,0.0,0,0,PortScan
53,1,1,2,6,2,2,2.0,0.0,6,6,6.0,0.0,150943.3962,37735.84906,53.0,0.0,53,53,0,0.0,0.0,0,0,0,0.0,0.0,0,0,0,0,0,0,24,20,18867.92453,18867.92453,2,6,3.333333333,2.309401077,5.333333333,0,0,0,1,0,0,0,0,1,5.0,2.0,6.0,24,0,0,0,0,0,0,1,2,1,6,1024,0,0,24,0.0,0.0,0,0,0.0,0.0,0,0,PortScan
45,1,1,0,6,0,0,0.0,0.0,6,6,6.0,0.0,133333.3333,44444.44444,45.0,0.0,45,45,0,0.0,0.0,0,0,0,0.0,0.0,0,0,0,0,0,0,40,20,22222.22222,22222.22222,0,6,2.0,3.464101615,12.0,0,0,0,1,0,0,0,0,1,3.0,0.0,6.0,40,0,0,0,0,0,0,1,0,1,6,29200,0,0,40,0.0,0.0,0,0,0.0,0.0,0,0,PortScan
34,1,1,2,6,2,2,2.0,0.0,6,6,6.0,0.0,235294.1176,58823.52941,34.0,0.0,34,34,0,0.0,0.0,0,0,0,0.0,0.0,0,0,0,0,0,0,24,20,29411.764710000003,29411.764710000003,2,6,3.333333333,2.309401077,5.333333333,0,0,0,1,0,0,0,0,1,5.0,2.0,6.0,24,0,0,0,0,0,0,1,2,1,6,1024,0,0,24,0.0,0.0,0,0,0.0,0.0,0,0,PortScan
44,1,1,0,6,0,0,0.0,0.0,6,6,6.0,0.0,136363.6364,45454.54545,44.0,0.0,44,44,0,0.0,0.0,0,0,0,0.0,0.0,0,0,0,0,0,0,40,20,22727.27273,22727.27273,0,6,2.0,3.464101615,12.0,0,0,0,1,0,0,0,0,1,3.0,0.0,6.0,40,0,0,0,0,0,0,1,0,1,6,29200,0,0,40,0.0,0.0,0,0,0.0,0.0,0,0,PortScan
43,1,1,0,6,0,0,0.0,0.0,6,6,6.0,0.0,139534.8837,46511.62791,43.0,0.0,43,43,0,0.0,0.0,0,0,0,0.0,0.0,0,0,0,0,0,0,40,20,23255.81395,23255.81395,0,6,2.0,3.464101615,12.0,0,0,0,1,0,0,0,0,1,3.0,0.0,6.0,40,0,0,0,0,0,0,1,0,1,6,29200,0,0,40,0.0,0.0,0,0,0.0,0.0,0,0,PortScan
49,1,1,0,6,0,0,0.0,0.0,6,6,6.0,0.0,122448.9796,40816.32653,49.0,0.0,49,49,0,0.0,0.0,0,0,0,0.0,0.0,0,0,0,0,0,0,40,20,20408.16327,20408.16327,0,6,2.0,3.464101615,12.0,0,0,0,1,0,0,0,0,1,3.0,0.0,6.0,40,0,0,0,0,0,0,1,0,1,6,29200,0,0,40,0.0,0.0,0,0,0.0,0.0,0,0,PortScan
39,1,1,0,6,0,0,0.0,0.0,6,6,6.0,0.0,153846.1538,51282.05128,39.0,0.0,39,39,0,0.0,0.0,0,0,0,0.0,0.0,0,0,0,0,0,0,40,20,25641.02564,25641.02564,0,6,2.0,3.464101615,12.0,0,0,0,1,0,0,0,0,1,3.0,0.0,6.0,40,0,0,0,0,0,0,1,0,1,6,29200,0,0,40,0.0,0.0,0,0,0.0,0.0,0,0,PortScan
41,1,1,0,6,0,0,0.0,0.0,6,6,6.0,0.0,146341.4634,48780.4878,41.0,0.0,41,41,0,0.0,0.0,0,0,0,0.0,0.0,0,0,0,0,0,0,40,20,24390.2439,24390.2439,0,6,2.0,3.464101615,12.0,0,0,0,1,0,0,0,0,1,3.0,0.0,6.0,40,0,0,0,0,0,0,1,0,1,6,29200,0,0,40,0.0,0.0,0,0,0.0,0.0,0,0,PortScan
46,1,1,0,6,0,0,0.0,0.0,6,6,6.0,0.0,130434.7826,43478.26087,46.0,0.0,46,46,0,0.0,0.0,0,0,0,0.0,0.0,0,0,0,0,0,0,40,20,21739.13043,21739.13043,0,6,2.0,3.464101615,12.0,0,0,0,1,0,0,0,0,1,3.0,0.0,6.0,40,0,0,0,0,0,0,1,0,1,6,29200,0,0,40,0.0,0.0,0,0,0.0,0.0,0,0,PortScan
39,1,1,2,6,2,2,2.0,0.0,6,6,6.0,0.0,205128.2051,51282.05128,39.0,0.0,39,39,0,0.0,0.0,0,0,0,0.0,0.0,0,0,0,0,0,0,24,20,25641.02564,25641.02564,2,6,3.333333333,2.309401077,5.333333333,0,0,0,1,0,0,0,0,1,5.0,2.0,6.0,24,0,0,0,0,0,0,1,2,1,6,1024,0,0,24,0.0,0.0,0,0,0.0,0.0,0,0,PortScan
54,1,1,0,6,0,0,0.0,0.0,6,6,6.0,0.0,111111.1111,37037.03704,54.0,0.0,54,54,0,0.0,0.0,0,0,0,0.0,0.0,0,0,0,0,0,0,40,20,18518.51852,18518.51852,0,6,2.0,3.464101615,12.0,0,0,0,1,0,0,0,0,1,3.0,0.0,6.0,40,0,0,0,0,0,0,1,0,1,6,29200,0,0,40,0.0,0.0,0,0,0.0,0.0,0,0,PortScan
38,1,1,2,6,2,2,2.0,0.0,6,6,6.0,0.0,210526.3158,52631.57895,38.0,0.0,38,38,0,0.0,0.0,0,0,0,0.0,0.0,0,0,0,0,0,0,24,20,26315.78947,26315.78947,2,6,3.333333333,2.309401077,5.333333333,0,0,0,1,0,0,0,0,1,5.0,2.0,6.0,24,0,0,0,0,0,0,1,2,1,6,1024,0,0,24,0.0,0.0,0,0,0.0,0.0,0,0,PortScan
38,1,1,0,6,0,0,0.0,0.0,6,6,6.0,0.0,157894.7368,52631.57895,38.0,0.0,38,38,0,0.0,0.0,0,0,0,0.0,0.0,0,0,0,0,0,0,40,20,26315.78947,26315.78947,0,6,2.0,3.464101615,12.0,0,0,0,1,0,0,0,0,1,3.0,0.0,6.0,40,0,0,0,0,0,0,1,0,1,6,29200,0,0,40,0.0,0.0,0,0,0.0,0.0,0,0,PortScan
26,1,1,2,6,2,2,2.0,0.0,6,6,6.0,0.0,307692.3077,76923.07692,26.0,0.0,26,26,0,0.0,0.0,0,0,0,0.0,0.0,0,0,0,0,0,0,24,20,38461.53846,38461.53846,2,6,3.333333333,2.309401077,5.333333333,0,0,0,1,0,0,0,0,1,5.0,2.0,6.0,24,0,0,0,0,0,0,1,2,1,6,1024,0,0,24,0.0,0.0,0,0,0.0,0.0,0,0,PortScan
97,1,1,2,6,2,2,2.0,0.0,6,6,6.0,0.0,82474.2268,20618.5567,97.0,0.0,97,97,0,0.0,0.0,0,0,0,0.0,0.0,0,0,0,0,0,0,24,20,10309.27835,10309.27835,2,6,3.333333333,2.309401077,5.333333333,0,0,0,1,0,0,0,0,1,5.0,2.0,6.0,24,0,0,0,0,0,0,1,2,1,6,1024,0,0,24,0.0,0.0,0,0,0.0,0.0,0,0,PortScan
44,1,1,0,6,0,0,0.0,0.0,6,6,6.0,0.0,136363.6364,45454.54545,44.0,0.0,44,44,0,0.0,0.0,0,0,0,0.0,0.0,0,0,0,0,0,0,40,20,22727.27273,22727.27273,0,6,2.0,3.464101615,12.0,0,0,0,1,0,0,0,0,1,3.0,0.0,6.0,40,0,0,0,0,0,0,1,0,1,6,29200,0,0,40,0.0,0.0,0,0,0.0,0.0,0,0,PortScan
44,1,1,0,6,0,0,0.0,0.0,6,6,6.0,0.0,136363.6364,45454.54545,44.0,0.0,44,44,0,0.0,0.0,0,0,0,0.0,0.0,0,0,0,0,0,0,40,20,22727.27273,22727.27273,0,6,2.0,3.464101615,12.0,0,0,0,1,0,0,0,0,1,3.0,0.0,6.0,40,0,0,0,0,0,0,1,0,1,6,29200,0,0,40,0.0,0.0,0,0,0.0,0.0,0,0,PortScan
51,1,1,2,6,2,2,2.0,0.0,6,6,6.0,0.0,156862.7451,39215.68627,51.0,0.0,51,51,0,0.0,0.0,0,0,0,0.0,0.0,0,0,0,0,0,0,24,20,19607.84314,19607.84314,2,6,3.333333333,2.309401077,5.333333333,0,0,0,1,0,0,0,0,1,5.0,2.0,6.0,24,0,0,0,0,0,0,1,2,1,6,1024,0,0,24,0.0,0.0,0,0,0.0,0.0,0,0,PortScan
43,1,1,0,6,0,0,0.0,0.0,6,6,6.0,0.0,139534.8837,46511.62791,43.0,0.0,43,43,0,0.0,0.0,0,0,0,0.0,0.0,0,0,0,0,0,0,40,20,23255.81395,23255.81395,0,6,2.0,3.464101615,12.0,0,0,0,1,0,0,0,0,1,3.0,0.0,6.0,40,0,0,0,0,0,0,1,0,1,6,29200,0,0,40,0.0,0.0,0,0,0.0,0.0,0,0,PortScan
66,1,1,0,6,0,0,0.0,0.0,6,6,6.0,0.0,90909.09091,30303.0303,66.0,0.0,66,66,0,0.0,0.0,0,0,0,0.0,0.0,0,0,0,0,0,0,40,20,15151.51515,15151.51515,0,6,2.0,3.464101615,12.0,0,0,0,1,0,0,0,0,1,3.0,0.0,6.0,40,0,0,0,0,0,0,1,0,1,6,29200,0,0,40,0.0,0.0,0,0,0.0,0.0,0,0,PortScan
70,1,1,0,6,0,0,0.0,0.0,6,6,6.0,0.0,85714.28571,28571.42857,70.0,0.0,70,70,0,0.0,0.0,0,0,0,0.0,0.0,0,0,0,0,0,0,40,20,14285.71429,14285.71429,0,6,2.0,3.464101615,12.0,0,0,0,1,0,0,0,0,1,3.0,0.0,6.0,40,0,0,0,0,0,0,1,0,1,6,29200,0,0,40,0.0,0.0,0,0,0.0,0.0,0,0,PortScan
38,1,1,2,6,2,2,2.0,0.0,6,6,6.0,0.0,210526.3158,52631.57895,38.0,0.0,38,38,0,0.0,0.0,0,0,0,0.0,0.0,0,0,0,0,0,0,24,20,26315.78947,26315.78947,2,6,3.333333333,2.309401077,5.333333333,0,0,0,1,0,0,0,0,1,5.0,2.0,6.0,24,0,0,0,0,0,0,1,2,1,6,1024,0,0,24,0.0,0.0,0,0,0.0,0.0,0,0,PortScan
92,1,1,2,6,2,2,2.0,0.0,6,6,6.0,0.0,86956.52174,21739.13043,92.0,0.0,92,92,0,0.0,0.0,0,0,0,0.0,0.0,0,0,0,0,0,0,24,20,10869.56522,10869.56522,2,6,3.333333333,2.309401077,5.333333333,0,0,0,1,0,0,0,0,1,5.0,2.0,6.0,24,0,0,0,0,0,0,1,2,1,6,1024,0,0,24,0.0,0.0,0,0,0.0,0.0,0,0,PortScan
91,1,1,2,6,2,2,2.0,0.0,6,6,6.0,0.0,87912.08791,21978.02198,91.0,0.0,91,91,0,0.0,0.0,0,0,0,0.0,0.0,0,0,0,0,0,0,24,20,10989.01099,10989.01099,2,6,3.333333333,2.309401077,5.333333333,0,0,0,1,0,0,0,0,1,5.0,2.0,6.0,24,0,0,0,0,0,0,1,2,1,6,1024,0,0,24,0.0,0.0,0,0,0.0,0.0,0,0,PortScan
33,1,1,2,6,2,2,2.0,0.0,6,6,6.0,0.0,242424.2424,60606.06061,33.0,0.0,33,33,0,0.0,0.0,0,0,0,0.0,0.0,0,0,0,0,0,0,24,20,30303.0303,30303.0303,2,6,3.333333333,2.309401077,5.333333333,0,0,0,1,0,0,0,0,1,5.0,2.0,6.0,24,0,0,0,0,0,0,1,2,1,6,1024,0,0,24,0.0,0.0,0,0,0.0,0.0,0,0,PortScan
44,1,1,2,6,2,2,2.0,0.0,6,6,6.0,0.0,181818.1818,45454.54545,44.0,0.0,44,44,0,0.0,0.0,0,0,0,0.0,0.0,0,0,0,0,0,0,24,20,22727.27273,22727.27273,2,6,3.333333333,2.309401077,5.333333333,0,0,0,1,0,0,0,0,1,5.0,2.0,6.0,24,0,0,0,0,0,0,1,2,1,6,1024,0,0,24,0.0,0.0,0,0,0.0,0.0,0,0,PortScan
61,1,1,0,6,0,0,0.0,0.0,6,6,6.0,0.0,98360.65574,32786.88525,61.0,0.0,61,61,0,0.0,0.0,0,0,0,0.0,0.0,0,0,0,0,0,0,40,20,16393.442619999998,16393.442619999998,0,6,2.0,3.464101615,12.0,0,0,0,1,0,0,0,0,1,3.0,0.0,6.0,40,0,0,0,0,0,0,1,0,1,6,29200,0,0,40,0.0,0.0,0,0,0.0,0.0,0,0,PortScan
43,1,1,0,6,0,0,0.0,0.0,6,6,6.0,0.0,139534.8837,46511.62791,43.0,0.0,43,43,0,0.0,0.0,0,0,0,0.0,0.0,0,0,0,0,0,0,40,20,23255.81395,23255.81395,0,6,2.0,3.464101615,12.0,0,0,0,1,0,0,0,0,1,3.0,0.0,6.0,40,0,0,0,0,0,0,1,0,1,6,29200,0,0,40,0.0,0.0,0,0,0.0,0.0,0,0,PortScan
45,1,1,2,6,2,2,2.0,0.0,6,6,6.0,0.0,177777.7778,44444.44444,45.0,0.0,45,45,0,0.0,0.0,0,0,0,0.0,0.0,0,0,0,0,0,0,24,20,22222.22222,22222.22222,2,6,3.333333333,2.309401077,5.333333333,0,0,0,1,0,0,0,0,1,5.0,2.0,6.0,24,0,0,0,0,0,0,1,2,1,6,1024,0,0,24,0.0,0.0,0,0,0.0,0.0,0,0,PortScan
81,1,1,2,6,2,2,2.0,0.0,6,6,6.0,0.0,98765.4321,24691.35802,81.0,0.0,81,81,0,0.0,0.0,0,0,0,0.0,0.0,0,0,0,0,0,0,24,20,12345.67901,12345.67901,2,6,3.333333333,2.309401077,5.333333333,0,0,0,1,0,0,0,0,1,5.0,2.0,6.0,24,0,0,0,0,0,0,1,2,1,6,1024,0,0,24,0.0,0.0,0,0,0.0,0.0,0,0,PortScan
65,1,1,2,6,2,2,2.0,0.0,6,6,6.0,0.0,123076.9231,30769.23077,65.0,0.0,65,65,0,0.0,0.0,0,0,0,0.0,0.0,0,0,0,0,0,0,24,20,15384.61538,15384.61538,2,6,3.333333333,2.309401077,5.333333333,0,0,0,1,0,0,0,0,1,5.0,2.0,6.0,24,0,0,0,0,0,0,1,2,1,6,1024,0,0,24,0.0,0.0,0,0,0.0,0.0,0,0,PortScan
100,1,1,0,6,0,0,0.0,0.0,6,6,6.0,0.0,60000.0,20000.0,100.0,0.0,100,100,0,0.0,0.0,0,0,0,0.0,0.0,0,0,0,0,0,0,40,20,10000.0,10000.0,0,6,2.0,3.464101615,12.0,0,0,0,1,0,0,0,0,1,3.0,0.0,6.0,40,0,0,0,0,0,0,1,0,1,6,29200,0,0,40,0.0,0.0,0,0,0.0,0.0,0,0,PortScan
44,1,1,2,6,2,2,2.0,0.0,6,6,6.0,0.0,181818.1818,45454.54545,44.0,0.0,44,44,0,0.0,0.0,0,0,0,0.0,0.0,0,0,0,0,0,0,24,20,22727.27273,22727.27273,2,6,3.333333333,2.309401077,5.333333333,0,0,0,1,0,0,0,0,1,5.0,2.0,6.0,24,0,0,0,0,0,0,1,2,1,6,1024,0,0,24,0.0,0.0,0,0,0.0,0.0,0,0,PortScan
49,1,1,2,6,2,2,2.0,0.0,6,6,6.0,0.0,163265.3061,40816.32653,49.0,0.0,49,49,0,0.0,0.0,0,0,0,0.0,0.0,0,0,0,0,0,0,24,20,20408.16327,20408.16327,2,6,3.333333333,2.309401077,5.333333333,0,0,0,1,0,0,0,0,1,5.0,2.0,6.0,24,0,0,0,0,0,0,1,2,1,6,1024,0,0,24,0.0,0.0,0,0,0.0,0.0,0,0,PortScan
56,1,1,0,6,0,0,0.0,0.0,6,6,6.0,0.0,107142.8571,35714.285710000004,56.0,0.0,56,56,0,0.0,0.0,0,0,0,0.0,0.0,0,0,0,0,0,0,40,20,17857.14286,17857.14286,0,6,2.0,3.464101615,12.0,0,0,0,1,0,0,0,0,1,3.0,0.0,6.0,40,0,0,0,0,0,0,1,0,1,6,29200,0,0,40,0.0,0.0,0,0,0.0,0.0,0,0,PortScan
8,1,1,2,6,2,2,2.0,0.0,6,6,6.0,0.0,1000000.0,250000.0,8.0,0.0,8,8,0,0.0,0.0,0,0,0,0.0,0.0,0,0,0,0,0,0,24,20,125000.0,125000.0,2,6,3.333333333,2.309401077,5.333333333,0,0,0,1,0,0,0,0,1,5.0,2.0,6.0,24,0,0,0,0,0,0,1,2,1,6,1024,0,0,24,0.0,0.0,0,0,0.0,0.0,0,0,PortScan
43,1,1,2,6,2,2,2.0,0.0,6,6,6.0,0.0,186046.5116,46511.62791,43.0,0.0,43,43,0,0.0,0.0,0,0,0,0.0,0.0,0,0,0,0,0,0,24,20,23255.81395,23255.81395,2,6,3.333333333,2.309401077,5.333333333,0,0,0,1,0,0,0,0,1,5.0,2.0,6.0,24,0,0,0,0,0,0,1,2,1,6,1024,0,0,24,0.0,0.0,0,0,0.0,0.0,0,0,PortScan
43,1,1,2,6,2,2,2.0,0.0,6,6,6.0,0.0,186046.5116,46511.62791,43.0,0.0,43,43,0,0.0,0.0,0,0,0,0.0,0.0,0,0,0,0,0,0,24,20,23255.81395,23255.81395,2,6,3.333333333,2.309401077,5.333333333,0,0,0,1,0,0,0,0,1,5.0,2.0,6.0,24,0,0,0,0,0,0,1,2,1,6,1024,0,0,24,0.0,0.0,0,0,0.0,0.0,0,0,PortScan
36,1,1,0,6,0,0,0.0,0.0,6,6,6.0,0.0,166666.6667,55555.55556,36.0,0.0,36,36,0,0.0,0.0,0,0,0,0.0,0.0,0,0,0,0,0,0,40,20,27777.77778,27777.77778,0,6,2.0,3.464101615,12.0,0,0,0,1,0,0,0,0,1,3.0,0.0,6.0,40,0,0,0,0,0,0,1,0,1,6,29200,0,0,40,0.0,0.0,0,0,0.0,0.0,0,0,PortScan
57,1,1,2,6,2,2,2.0,0.0,6,6,6.0,0.0,140350.8772,35087.7193,57.0,0.0,57,57,0,0.0,0.0,0,0,0,0.0,0.0,0,0,0,0,0,0,24,20,17543.85965,17543.85965,2,6,3.333333333,2.309401077,5.333333333,0,0,0,1,0,0,0,0,1,5.0,2.0,6.0,24,0,0,0,0,0,0,1,2,1,6,1024,0,0,24,0.0,0.0,0,0,0.0,0.0,0,0,PortScan
63,1,1,0,6,0,0,0.0,0.0,6,6,6.0,0.0,95238.09524,31746.03175,63.0,0.0,63,63,0,0.0,0.0,0,0,0,0.0,0.0,0,0,0,0,0,0,40,20,15873.01587,15873.01587,0,6,2.0,3.464101615,12.0,0,0,0,1,0,0,0,0,1,3.0,0.0,6.0,40,0,0,0,0,0,0,1,0,1,6,29200,0,0,40,0.0,0.0,0,0,0.0,0.0,0,0,PortScan
43,1,1,2,6,2,2,2.0,0.0,6,6,6.0,0.0,186046.5116,46511.62791,43.0,0.0,43,43,0,0.0,0.0,0,0,0,0.0,0.0,0,0,0,0,0,0,24,20,23255.81395,23255.81395,2,6,3.333333333,2.309401077,5.333333333,0,0,0,1,0,0,0,0,1,5.0,2.0,6.0,24,0,0,0,0,0,0,1,2,1,6,1024,0,0,24,0.0,0.0,0,0,0.0,0.0,0,0,PortScan
44,1,1,2,6,2,2,2.0,0.0,6,6,6.0,0.0,181818.1818,45454.54545,44.0,0.0,44,44,0,0.0,0.0,0,0,0,0.0,0.0,0,0,0,0,0,0,24,20,22727.27273,22727.27273,2,6,3.333333333,2.309401077,5.333333333,0,0,0,1,0,0,0,0,1,5.0,2.0,6.0,24,0,0,0,0,0,0,1,2,1,6,1024,0,0,24,0.0,0.0,0,0,0.0,0.0,0,0,PortScan
103,1,1,0,6,0,0,0.0,0.0,6,6,6.0,0.0,58252.42718,19417.47573,103.0,0.0,103,103,0,0.0,0.0,0,0,0,0.0,0.0,0,0,0,0,0,0,40,20,9708.737864,9708.737864,0,6,2.0,3.464101615,12.0,0,0,0,1,0,0,0,0,1,3.0,0.0,6.0,40,0,0,0,0,0,0,1,0,1,6,29200,0,0,40,0.0,0.0,0,0,0.0,0.0,0,0,PortScan
43,1,1,2,6,2,2,2.0,0.0,6,6,6.0,0.0,186046.5116,46511.62791,43.0,0.0,43,43,0,0.0,0.0,0,0,0,0.0,0.0,0,0,0,0,0,0,24,20,23255.81395,23255.81395,2,6,3.333333333,2.309401077,5.333333333,0,0,0,1,0,0,0,0,1,5.0,2.0,6.0,24,0,0,0,0,0,0,1,2,1,6,1024,0,0,24,0.0,0.0,0,0,0.0,0.0,0,0,PortScan
63,1,1,2,6,2,2,2.0,0.0,6,6,6.0,0.0,126984.127,31746.03175,63.0,0.0,63,63,0,0.0,0.0,0,0,0,0.0,0.0,0,0,0,0,0,0,24,20,15873.01587,15873.01587,2,6,3.333333333,2.309401077,5.333333333,0,0,0,1,0,0,0,0,1,5.0,2.0,6.0,24,0,0,0,0,0,0,1,2,1,6,1024,0,0,24,0.0,0.0,0,0,0.0,0.0,0,0,PortScan
43,1,1,0,6,0,0,0.0,0.0,6,6,6.0,0.0,139534.8837,46511.62791,43.0,0.0,43,43,0,0.0,0.0,0,0,0,0.0,0.0,0,0,0,0,0,0,40,20,23255.81395,23255.81395,0,6,2.0,3.464101615,12.0,0,0,0,1,0,0,0,0,1,3.0,0.0,6.0,40,0,0,0,0,0,0,1,0,1,6,29200,0,0,40,0.0,0.0,0,0,0.0,0.0,0,0,PortScan
55,1,1,0,6,0,0,0.0,0.0,6,6,6.0,0.0,109090.9091,36363.63636,55.0,0.0,55,55,0,0.0,0.0,0,0,0,0.0,0.0,0,0,0,0,0,0,40,20,18181.81818,18181.81818,0,6,2.0,3.464101615,12.0,0,0,0,1,0,0,0,0,1,3.0,0.0,6.0,40,0,0,0,0,0,0,1,0,1,6,29200,0,0,40,0.0,0.0,0,0,0.0,0.0,0,0,PortScan
23,1,1,0,6,0,0,0.0,0.0,6,6,6.0,0.0,260869.5652,86956.52174,23.0,0.0,23,23,0,0.0,0.0,0,0,0,0.0,0.0,0,0,0,0,0,0,40,20,43478.26087,43478.26087,0,6,2.0,3.464101615,12.0,0,0,0,1,0,0,0,0,1,3.0,0.0,6.0,40,0,0,0,0,0,0,1,0,1,6,29200,0,0,40,0.0,0.0,0,0,0.0,0.0,0,0,PortScan
84,1,1,0,6,0,0,0.0,0.0,6,6,6.0,0.0,71428.57143,23809.52381,84.0,0.0,84,84,0,0.0,0.0,0,0,0,0.0,0.0,0,0,0,0,0,0,40,20,11904.7619,11904.7619,0,6,2.0,3.464101615,12.0,0,0,0,1,0,0,0,0,1,3.0,0.0,6.0,40,0,0,0,0,0,0,1,0,1,6,29200,0,0,40,0.0,0.0,0,0,0.0,0.0,0,0,PortScan
52,1,1,2,6,2,2,2.0,0.0,6,6,6.0,0.0,153846.1538,38461.53846,52.0,0.0,52,52,0,0.0,0.0,0,0,0,0.0,0.0,0,0,0,0,0,0,24,20,19230.76923,19230.76923,2,6,3.333333333,2.309401077,5.333333333,0,0,0,1,0,0,0,0,1,5.0,2.0,6.0,24,0,0,0,0,0,0,1,2,1,6,1024,0,0,24,0.0,0.0,0,0,0.0,0.0,0,0,PortScan
17,1,1,2,6,2,2,2.0,0.0,6,6,6.0,0.0,470588.2353,117647.0588,17.0,0.0,17,17,0,0.0,0.0,0,0,0,0.0,0.0,0,0,0,0,0,0,24,20,58823.52941,58823.52941,2,6,3.333333333,2.309401077,5.333333333,0,0,0,1,0,0,0,0,1,5.0,2.0,6.0,24,0,0,0,0,0,0,1,2,1,6,1024,0,0,24,0.0,0.0,0,0,0.0,0.0,0,0,PortScan
59,1,1,0,6,0,0,0.0,0.0,6,6,6.0,0.0,101694.9153,33898.30508,59.0,0.0,59,59,0,0.0,0.0,0,0,0,0.0,0.0,0,0,0,0,0,0,40,20,16949.15254,16949.15254,0,6,2.0,3.464101615,12.0,0,0,0,1,0,0,0,0,1,3.0,0.0,6.0,40,0,0,0,0,0,0,1,0,1,6,29200,0,0,40,0.0,0.0,0,0,0.0,0.0,0,0,PortScan
44,1,1,0,6,0,0,0.0,0.0,6,6,6.0,0.0,136363.6364,45454.54545,44.0,0.0,44,44,0,0.0,0.0,0,0,0,0.0,0.0,0,0,0,0,0,0,40,20,22727.27273,22727.27273,0,6,2.0,3.464101615,12.0,0,0,0,1,0,0,0,0,1,3.0,0.0,6.0,40,0,0,0,0,0,0,1,0,1,6,29200,0,0,40,0.0,0.0,0,0,0.0,0.0,0,0,PortScan
45,1,1,0,6,0,0,0.0,0.0,6,6,6.0,0.0,133333.3333,44444.44444,45.0,0.0,45,45,0,0.0,0.0,0,0,0,0.0,0.0,0,0,0,0,0,0,40,20,22222.22222,22222.22222,0,6,2.0,3.464101615,12.0,0,0,0,1,0,0,0,0,1,3.0,0.0,6.0,40,0,0,0,0,0,0,1,0,1,6,29200,0,0,40,0.0,0.0,0,0,0.0,0.0,0,0,PortScan
18,1,1,2,6,2,2,2.0,0.0,6,6,6.0,0.0,444444.4444,111111.1111,18.0,0.0,18,18,0,0.0,0.0,0,0,0,0.0,0.0,0,0,0,0,0,0,24,20,55555.55556,55555.55556,2,6,3.333333333,2.309401077,5.333333333,0,0,0,1,0,0,0,0,1,5.0,2.0,6.0,24,0,0,0,0,0,0,1,2,1,6,1024,0,0,24,0.0,0.0,0,0,0.0,0.0,0,0,PortScan
39,1,1,2,6,2,2,2.0,0.0,6,6,6.0,0.0,205128.2051,51282.05128,39.0,0.0,39,39,0,0.0,0.0,0,0,0,0.0,0.0,0,0,0,0,0,0,24,20,25641.02564,25641.02564,2,6,3.333333333,2.309401077,5.333333333,0,0,0,1,0,0,0,0,1,5.0,2.0,6.0,24,0,0,0,0,0,0,1,2,1,6,1024,0,0,24,0.0,0.0,0,0,0.0,0.0,0,0,PortScan
43,1,1,0,6,0,0,0.0,0.0,6,6,6.0,0.0,139534.8837,46511.62791,43.0,0.0,43,43,0,0.0,0.0,0,0,0,0.0,0.0,0,0,0,0,0,0,40,20,23255.81395,23255.81395,0,6,2.0,3.464101615,12.0,0,0,0,1,0,0,0,0,1,3.0,0.0,6.0,40,0,0,0,0,0,0,1,0,1,6,29200,0,0,40,0.0,0.0,0,0,0.0,0.0,0,0,PortScan
52,1,1,2,6,2,2,2.0,0.0,6,6,6.0,0.0,153846.1538,38461.53846,52.0,0.0,52,52,0,0.0,0.0,0,0,0,0.0,0.0,0,0,0,0,0,0,24,20,19230.76923,19230.76923,2,6,3.333333333,2.309401077,5.333333333,0,0,0,1,0,0,0,0,1,5.0,2.0,6.0,24,0,0,0,0,0,0,1,2,1,6,1024,0,0,24,0.0,0.0,0,0,0.0,0.0,0,0,PortScan
49,1,1,2,6,2,2,2.0,0.0,6,6,6.0,0.0,163265.3061,40816.32653,49.0,0.0,49,49,0,0.0,0.0,0,0,0,0.0,0.0,0,0,0,0,0,0,24,20,20408.16327,20408.16327,2,6,3.333333333,2.309401077,5.333333333,0,0,0,1,0,0,0,0,1,5.0,2.0,6.0,24,0,0,0,0,0,0,1,2,1,6,1024,0,0,24,0.0,0.0,0,0,0.0,0.0,0,0,PortScan
54,1,1,2,6,2,2,2.0,0.0,6,6,6.0,0.0,148148.1481,37037.03704,54.0,0.0,54,54,0,0.0,0.0,0,0,0,0.0,0.0,0,0,0,0,0,0,24,20,18518.51852,18518.51852,2,6,3.333333333,2.309401077,5.333333333,0,0,0,1,0,0,0,0,1,5.0,2.0,6.0,24,0,0,0,0,0,0,1,2,1,6,1024,0,0,24,0.0,0.0,0,0,0.0,0.0,0,0,PortScan
42,1,1,0,6,0,0,0.0,0.0,6,6,6.0,0.0,142857.1429,47619.04762,42.0,0.0,42,42,0,0.0,0.0,0,0,0,0.0,0.0,0,0,0,0,0,0,40,20,23809.52381,23809.52381,0,6,2.0,3.464101615,12.0,0,0,0,1,0,0,0,0,1,3.0,0.0,6.0,40,0,0,0,0,0,0,1,0,1,6,29200,0,0,40,0.0,0.0,0,0,0.0,0.0,0,0,PortScan
11,1,1,0,6,0,0,0.0,0.0,6,6,6.0,0.0,545454.5455,181818.1818,11.0,0.0,11,11,0,0.0,0.0,0,0,0,0.0,0.0,0,0,0,0,0,0,40,20,90909.09091,90909.09091,0,6,2.0,3.464101615,12.0,0,0,0,1,0,0,0,0,1,3.0,0.0,6.0,40,0,0,0,0,0,0,1,0,1,6,29200,0,0,40,0.0,0.0,0,0,0.0,0.0,0,0,PortScan
51,1,1,2,6,2,2,2.0,0.0,6,6,6.0,0.0,156862.7451,39215.68627,51.0,0.0,51,51,0,0.0,0.0,0,0,0,0.0,0.0,0,0,0,0,0,0,24,20,19607.84314,19607.84314,2,6,3.333333333,2.309401077,5.333333333,0,0,0,1,0,0,0,0,1,5.0,2.0,6.0,24,0,0,0,0,0,0,1,2,1,6,1024,0,0,24,0.0,0.0,0,0,0.0,0.0,0,0,PortScan
60,1,1,2,6,2,2,2.0,0.0,6,6,6.0,0.0,133333.3333,33333.33333,60.0,0.0,60,60,0,0.0,0.0,0,0,0,0.0,0.0,0,0,0,0,0,0,24,20,16666.66667,16666.66667,2,6,3.333333333,2.309401077,5.333333333,0,0,0,1,0,0,0,0,1,5.0,2.0,6.0,24,0,0,0,0,0,0,1,2,1,6,1024,0,0,24,0.0,0.0,0,0,0.0,0.0,0,0,PortScan
43,1,1,0,6,0,0,0.0,0.0,6,6,6.0,0.0,139534.8837,46511.62791,43.0,0.0,43,43,0,0.0,0.0,0,0,0,0.0,0.0,0,0,0,0,0,0,40,20,23255.81395,23255.81395,0,6,2.0,3.464101615,12.0,0,0,0,1,0,0,0,0,1,3.0,0.0,6.0,40,0,0,0,0,0,0,1,0,1,6,29200,0,0,40,0.0,0.0,0,0,0.0,0.0,0,0,PortScan
86,1,1,2,6,2,2,2.0,0.0,6,6,6.0,0.0,93023.25581,23255.81395,86.0,0.0,86,86,0,0.0,0.0,0,0,0,0.0,0.0,0,0,0,0,0,0,24,20,11627.90698,11627.90698,2,6,3.333333333,2.309401077,5.333333333,0,0,0,1,0,0,0,0,1,5.0,2.0,6.0,24,0,0,0,0,0,0,1,2,1,6,1024,0,0,24,0.0,0.0,0,0,0.0,0.0,0,0,PortScan
54,1,1,0,6,0,0,0.0,0.0,6,6,6.0,0.0,111111.1111,37037.03704,54.0,0.0,54,54,0,0.0,0.0,0,0,0,0.0,0.0,0,0,0,0,0,0,40,20,18518.51852,18518.51852,0,6,2.0,3.464101615,12.0,0,0,0,1,0,0,0,0,1,3.0,0.0,6.0,40,0,0,0,0,0,0,1,0,1,6,29200,0,0,40,0.0,0.0,0,0,0.0,0.0,0,0,PortScan
42,1,1,2,6,2,2,2.0,0.0,6,6,6.0,0.0,190476.1905,47619.04762,42.0,0.0,42,42,0,0.0,0.0,0,0,0,0.0,0.0,0,0,0,0,0,0,24,20,23809.52381,23809.52381,2,6,3.333333333,2.309401077,5.333333333,0,0,0,1,0,0,0,0,1,5.0,2.0,6.0,24,0,0,0,0,0,0,1,2,1,6,1024,0,0,24,0.0,0.0,0,0,0.0,0.0,0,0,PortScan
11,1,1,2,6,2,2,2.0,0.0,6,6,6.0,0.0,727272.7273,181818.1818,11.0,0.0,11,11,0,0.0,0.0,0,0,0,0.0,0.0,0,0,0,0,0,0,24,20,90909.09091,90909.09091,2,6,3.333333333,2.309401077,5.333333333,0,0,0,1,0,0,0,0,1,5.0,2.0,6.0,24,0,0,0,0,0,0,1,2,1,6,1024,0,0,24,0.0,0.0,0,0,0.0,0.0,0,0,PortScan
43,1,1,0,6,0,0,0.0,0.0,6,6,6.0,0.0,139534.8837,46511.62791,43.0,0.0,43,43,0,0.0,0.0,0,0,0,0.0,0.0,0,0,0,0,0,0,40,20,23255.81395,23255.81395,0,6,2.0,3.464101615,12.0,0,0,0,1,0,0,0,0,1,3.0,0.0,6.0,40,0,0,0,0,0,0,1,0,1,6,29200,0,0,40,0.0,0.0,0,0,0.0,0.0,0,0,PortScan
23,1,1,2,6,2,2,2.0,0.0,6,6,6.0,0.0,347826.08700000006,86956.52174,23.0,0.0,23,23,0,0.0,0.0,0,0,0,0.0,0.0,0,0,0,0,0,0,24,20,43478.26087,43478.26087,2,6,3.333333333,2.309401077,5.333333333,0,0,0,1,0,0,0,0,1,5.0,2.0,6.0,24,0,0,0,0,0,0,1,2,1,6,1024,0,0,24,0.0,0.0,0,0,0.0,0.0,0,0,PortScan
41,1,1,0,6,0,0,0.0,0.0,6,6,6.0,0.0,146341.4634,48780.4878,41.0,0.0,41,41,0,0.0,0.0,0,0,0,0.0,0.0,0,0,0,0,0,0,40,20,24390.2439,24390.2439,0,6,2.0,3.464101615,12.0,0,0,0,1,0,0,0,0,1,3.0,0.0,6.0,40,0,0,0,0,0,0,1,0,1,6,29200,0,0,40,0.0,0.0,0,0,0.0,0.0,0,0,PortScan
42,1,1,0,6,0,0,0.0,0.0,6,6,6.0,0.0,142857.1429,47619.04762,42.0,0.0,42,42,0,0.0,0.0,0,0,0,0.0,0.0,0,0,0,0,0,0,40,20,23809.52381,23809.52381,0,6,2.0,3.464101615,12.0,0,0,0,1,0,0,0,0,1,3.0,0.0,6.0,40,0,0,0,0,0,0,1,0,1,6,29200,0,0,40,0.0,0.0,0,0,0.0,0.0,0,0,PortScan
86,1,1,0,6,0,0,0.0,0.0,6,6,6.0,0.0,69767.44186,23255.81395,86.0,0.0,86,86,0,0.0,0.0,0,0,0,0.0,0.0,0,0,0,0,0,0,40,20,11627.90698,11627.90698,0,6,2.0,3.464101615,12.0,0,0,0,1,0,0,0,0,1,3.0,0.0,6.0,40,0,0,0,0,0,0,1,0,1,6,29200,0,0,40,0.0,0.0,0,0,0.0,0.0,0,0,PortScan
27,1,1,2,6,2,2,2.0,0.0,6,6,6.0,0.0,296296.2963,74074.07407,27.0,0.0,27,27,0,0.0,0.0,0,0,0,0.0,0.0,0,0,0,0,0,0,24,20,37037.03704,37037.03704,2,6,3.333333333,2.309401077,5.333333333,0,0,0,1,0,0,0,0,1,5.0,2.0,6.0,24,0,0,0,0,0,0,1,2,1,6,1024,0,0,24,0.0,0.0,0,0,0.0,0.0,0,0,PortScan
44,1,1,0,6,0,0,0.0,0.0,6,6,6.0,0.0,136363.6364,45454.54545,44.0,0.0,44,44,0,0.0,0.0,0,0,0,0.0,0.0,0,0,0,0,0,0,40,20,22727.27273,22727.27273,0,6,2.0,3.464101615,12.0,0,0,0,1,0,0,0,0,1,3.0,0.0,6.0,40,0,0,0,0,0,0,1,0,1,6,29200,0,0,40,0.0,0.0,0,0,0.0,0.0,0,0,PortScan
49,1,1,2,6,2,2,2.0,0.0,6,6,6.0,0.0,163265.3061,40816.32653,49.0,0.0,49,49,0,0.0,0.0,0,0,0,0.0,0.0,0,0,0,0,0,0,24,20,20408.16327,20408.16327,2,6,3.333333333,2.309401077,5.333333333,0,0,0,1,0,0,0,0,1,5.0,2.0,6.0,24,0,0,0,0,0,0,1,2,1,6,1024,0,0,24,0.0,0.0,0,0,0.0,0.0,0,0,PortScan
58,1,1,2,6,2,2,2.0,0.0,6,6,6.0,0.0,137931.0345,34482.75862,58.0,0.0,58,58,0,0.0,0.0,0,0,0,0.0,0.0,0,0,0,0,0,0,24,20,17241.37931,17241.37931,2,6,3.333333333,2.309401077,5.333333333,0,0,0,1,0,0,0,0,1,5.0,2.0,6.0,24,0,0,0,0,0,0,1,2,1,6,1024,0,0,24,0.0,0.0,0,0,0.0,0.0,0,0,PortScan
60,1,1,0,6,0,0,0.0,0.0,6,6,6.0,0.0,100000.0,33333.33333,60.0,0.0,60,60,0,0.0,0.0,0,0,0,0.0,0.0,0,0,0,0,0,0,40,20,16666.66667,16666.66667,0,6,2.0,3.464101615,12.0,0,0,0,1,0,0,0,0,1,3.0,0.0,6.0,40,0,0,0,0,0,0,1,0,1,6,29200,0,0,40,0.0,0.0,0,0,0.0,0.0,0,0,PortScan
45,1,1,0,6,0,0,0.0,0.0,6,6,6.0,0.0,133333.3333,44444.44444,45.0,0.0,45,45,0,0.0,0.0,0,0,0,0.0,0.0,0,0,0,0,0,0,40,20,22222.22222,22222.22222,0,6,2.0,3.464101615,12.0,0,0,0,1,0,0,0,0,1,3.0,0.0,6.0,40,0,0,0,0,0,0,1,0,1,6,29200,0,0,40,0.0,0.0,0,0,0.0,0.0,0,0,PortScan
44,1,1,2,6,2,2,2.0,0.0,6,6,6.0,0.0,181818.1818,45454.54545,44.0,0.0,44,44,0,0.0,0.0,0,0,0,0.0,0.0,0,0,0,0,0,0,24,20,22727.27273,22727.27273,2,6,3.333333333,2.309401077,5.333333333,0,0,0,1,0,0,0,0,1,5.0,2.0,6.0,24,0,0,0,0,0,0,1,2,1,6,1024,0,0,24,0.0,0.0,0,0,0.0,0.0,0,0,PortScan
72,1,1,2,6,2,2,2.0,0.0,6,6,6.0,0.0,111111.1111,27777.77778,72.0,0.0,72,72,0,0.0,0.0,0,0,0,0.0,0.0,0,0,0,0,0,0,24,20,13888.88889,13888.88889,2,6,3.333333333,2.309401077,5.333333333,0,0,0,1,0,0,0,0,1,5.0,2.0,6.0,24,0,0,0,0,0,0,1,2,1,6,1024,0,0,24,0.0,0.0,0,0,0.0,0.0,0,0,PortScan
46,1,1,2,6,2,2,2.0,0.0,6,6,6.0,0.0,173913.0435,43478.26087,46.0,0.0,46,46,0,0.0,0.0,0,0,0,0.0,0.0,0,0,0,0,0,0,24,20,21739.13043,21739.13043,2,6,3.333333333,2.309401077,5.333333333,0,0,0,1,0,0,0,0,1,5.0,2.0,6.0,24,0,0,0,0,0,0,1,2,1,6,1024,0,0,24,0.0,0.0,0,0,0.0,0.0,0,0,PortScan
12,1,1,2,6,2,2,2.0,0.0,6,6,6.0,0.0,666666.6667,166666.6667,12.0,0.0,12,12,0,0.0,0.0,0,0,0,0.0,0.0,0,0,0,0,0,0,24,20,83333.33333,83333.33333,2,6,3.333333333,2.309401077,5.333333333,0,0,0,1,0,0,0,0,1,5.0,2.0,6.0,24,0,0,0,0,0,0,1,2,1,6,1024,0,0,24,0.0,0.0,0,0,0.0,0.0,0,0,PortScan
44,1,1,2,6,2,2,2.0,0.0,6,6,6.0,0.0,181818.1818,45454.54545,44.0,0.0,44,44,0,0.0,0.0,0,0,0,0.0,0.0,0,0,0,0,0,0,24,20,22727.27273,22727.27273,2,6,3.333333333,2.309401077,5.333333333,0,0,0,1,0,0,0,0,1,5.0,2.0,6.0,24,0,0,0,0,0,0,1,2,1,6,1024,0,0,24,0.0,0.0,0,0,0.0,0.0,0,0,PortScan
570,2,1,8,2,6,2,4.0,2.828427125,2,2,2.0,0.0,17543.85965,5263.157895,285.0,333.7544007,521,49,570,570.0,0.0,570,570,0,0.0,0.0,0,0,0,0,0,0,44,24,3508.77193,1754.385965,2,6,3.0,2.0,4.0,0,0,0,1,0,0,0,0,0,4.0,4.0,2.0,44,0,0,0,0,0,0,2,8,1,2,1024,29200,1,20,0.0,0.0,0,0,0.0,0.0,0,0,PortScan
94,1,1,2,6,2,2,2.0,0.0,6,6,6.0,0.0,85106.38298,21276.59574,94.0,0.0,94,94,0,0.0,0.0,0,0,0,0.0,0.0,0,0,0,0,0,0,24,20,10638.29787,10638.29787,2,6,3.333333333,2.309401077,5.333333333,0,0,0,1,0,0,0,0,1,5.0,2.0,6.0,24,0,0,0,0,0,0,1,2,1,6,1024,0,0,24,0.0,0.0,0,0,0.0,0.0,0,0,PortScan
43,1,1,0,6,0,0,0.0,0.0,6,6,6.0,0.0,139534.8837,46511.62791,43.0,0.0,43,43,0,0.0,0.0,0,0,0,0.0,0.0,0,0,0,0,0,0,40,20,23255.81395,23255.81395,0,6,2.0,3.464101615,12.0,0,0,0,1,0,0,0,0,1,3.0,0.0,6.0,40,0,0,0,0,0,0,1,0,1,6,29200,0,0,40,0.0,0.0,0,0,0.0,0.0,0,0,PortScan
57,1,1,2,6,2,2,2.0,0.0,6,6,6.0,0.0,140350.8772,35087.7193,57.0,0.0,57,57,0,0.0,0.0,0,0,0,0.0,0.0,0,0,0,0,0,0,24,20,17543.85965,17543.85965,2,6,3.333333333,2.309401077,5.333333333,0,0,0,1,0,0,0,0,1,5.0,2.0,6.0,24,0,0,0,0,0,0,1,2,1,6,1024,0,0,24,0.0,0.0,0,0,0.0,0.0,0,0,PortScan
59,1,1,2,6,2,2,2.0,0.0,6,6,6.0,0.0,135593.2203,33898.30508,59.0,0.0,59,59,0,0.0,0.0,0,0,0,0.0,0.0,0,0,0,0,0,0,24,20,16949.15254,16949.15254,2,6,3.333333333,2.309401077,5.333333333,0,0,0,1,0,0,0,0,1,5.0,2.0,6.0,24,0,0,0,0,0,0,1,2,1,6,1024,0,0,24,0.0,0.0,0,0,0.0,0.0,0,0,PortScan
44,1,1,2,6,2,2,2.0,0.0,6,6,6.0,0.0,181818.1818,45454.54545,44.0,0.0,44,44,0,0.0,0.0,0,0,0,0.0,0.0,0,0,0,0,0,0,24,20,22727.27273,22727.27273,2,6,3.333333333,2.309401077,5.333333333,0,0,0,1,0,0,0,0,1,5.0,2.0,6.0,24,0,0,0,0,0,0,1,2,1,6,1024,0,0,24,0.0,0.0,0,0,0.0,0.0,0,0,PortScan
78,1,1,2,6,2,2,2.0,0.0,6,6,6.0,0.0,102564.1026,25641.02564,78.0,0.0,78,78,0,0.0,0.0,0,0,0,0.0,0.0,0,0,0,0,0,0,24,20,12820.51282,12820.51282,2,6,3.333333333,2.309401077,5.333333333,0,0,0,1,0,0,0,0,1,5.0,2.0,6.0,24,0,0,0,0,0,0,1,2,1,6,1024,0,0,24,0.0,0.0,0,0,0.0,0.0,0,0,PortScan
44,1,1,0,6,0,0,0.0,0.0,6,6,6.0,0.0,136363.6364,45454.54545,44.0,0.0,44,44,0,0.0,0.0,0,0,0,0.0,0.0,0,0,0,0,0,0,40,20,22727.27273,22727.27273,0,6,2.0,3.464101615,12.0,0,0,0,1,0,0,0,0,1,3.0,0.0,6.0,40,0,0,0,0,0,0,1,0,1,6,29200,0,0,40,0.0,0.0,0,0,0.0,0.0,0,0,PortScan
70,1,1,2,6,2,2,2.0,0.0,6,6,6.0,0.0,114285.7143,28571.42857,70.0,0.0,70,70,0,0.0,0.0,0,0,0,0.0,0.0,0,0,0,0,0,0,24,20,14285.71429,14285.71429,2,6,3.333333333,2.309401077,5.333333333,0,0,0,1,0,0,0,0,1,5.0,2.0,6.0,24,0,0,0,0,0,0,1,2,1,6,1024,0,0,24,0.0,0.0,0,0,0.0,0.0,0,0,PortScan
71,1,1,2,6,2,2,2.0,0.0,6,6,6.0,0.0,112676.0563,28169.01408,71.0,0.0,71,71,0,0.0,0.0,0,0,0,0.0,0.0,0,0,0,0,0,0,24,20,14084.50704,14084.50704,2,6,3.333333333,2.309401077,5.333333333,0,0,0,1,0,0,0,0,1,5.0,2.0,6.0,24,0,0,0,0,0,0,1,2,1,6,1024,0,0,24,0.0,0.0,0,0,0.0,0.0,0,0,PortScan
44,1,1,0,6,0,0,0.0,0.0,6,6,6.0,0.0,136363.6364,45454.54545,44.0,0.0,44,44,0,0.0,0.0,0,0,0,0.0,0.0,0,0,0,0,0,0,40,20,22727.27273,22727.27273,0,6,2.0,3.464101615,12.0,0,0,0,1,0,0,0,0,1,3.0,0.0,6.0,40,0,0,0,0,0,0,1,0,1,6,29200,0,0,40,0.0,0.0,0,0,0.0,0.0,0,0,PortScan
43,1,1,0,6,0,0,0.0,0.0,6,6,6.0,0.0,139534.8837,46511.62791,43.0,0.0,43,43,0,0.0,0.0,0,0,0,0.0,0.0,0,0,0,0,0,0,40,20,23255.81395,23255.81395,0,6,2.0,3.464101615,12.0,0,0,0,1,0,0,0,0,1,3.0,0.0,6.0,40,0,0,0,0,0,0,1,0,1,6,29200,0,0,40,0.0,0.0,0,0,0.0,0.0,0,0,PortScan
48,1,1,2,6,2,2,2.0,0.0,6,6,6.0,0.0,166666.6667,41666.66667,48.0,0.0,48,48,0,0.0,0.0,0,0,0,0.0,0.0,0,0,0,0,0,0,24,20,20833.33333,20833.33333,2,6,3.333333333,2.309401077,5.333333333,0,0,0,1,0,0,0,0,1,5.0,2.0,6.0,24,0,0,0,0,0,0,1,2,1,6,1024,0,0,24,0.0,0.0,0,0,0.0,0.0,0,0,PortScan
62,1,1,2,6,2,2,2.0,0.0,6,6,6.0,0.0,129032.2581,32258.06452,62.0,0.0,62,62,0,0.0,0.0,0,0,0,0.0,0.0,0,0,0,0,0,0,24,20,16129.03226,16129.03226,2,6,3.333333333,2.309401077,5.333333333,0,0,0,1,0,0,0,0,1,5.0,2.0,6.0,24,0,0,0,0,0,0,1,2,1,6,1024,0,0,24,0.0,0.0,0,0,0.0,0.0,0,0,PortScan
56,1,1,2,6,2,2,2.0,0.0,6,6,6.0,0.0,142857.1429,35714.285710000004,56.0,0.0,56,56,0,0.0,0.0,0,0,0,0.0,0.0,0,0,0,0,0,0,24,20,17857.14286,17857.14286,2,6,3.333333333,2.309401077,5.333333333,0,0,0,1,0,0,0,0,1,5.0,2.0,6.0,24,0,0,0,0,0,0,1,2,1,6,1024,0,0,24,0.0,0.0,0,0,0.0,0.0,0,0,PortScan
44,1,1,2,6,2,2,2.0,0.0,6,6,6.0,0.0,181818.1818,45454.54545,44.0,0.0,44,44,0,0.0,0.0,0,0,0,0.0,0.0,0,0,0,0,0,0,24,20,22727.27273,22727.27273,2,6,3.333333333,2.309401077,5.333333333,0,0,0,1,0,0,0,0,1,5.0,2.0,6.0,24,0,0,0,0,0,0,1,2,1,6,1024,0,0,24,0.0,0.0,0,0,0.0,0.0,0,0,PortScan
42,1,1,2,6,2,2,2.0,0.0,6,6,6.0,0.0,190476.1905,47619.04762,42.0,0.0,42,42,0,0.0,0.0,0,0,0,0.0,0.0,0,0,0,0,0,0,24,20,23809.52381,23809.52381,2,6,3.333333333,2.309401077,5.333333333,0,0,0,1,0,0,0,0,1,5.0,2.0,6.0,24,0,0,0,0,0,0,1,2,1,6,1024,0,0,24,0.0,0.0,0,0,0.0,0.0,0,0,PortScan
2,1,1,2,6,2,2,2.0,0.0,6,6,6.0,0.0,4000000.0,1000000.0,2.0,0.0,2,2,0,0.0,0.0,0,0,0,0.0,0.0,0,0,0,0,0,0,24,20,500000.0,500000.0,2,6,3.333333333,2.309401077,5.333333333,0,0,0,1,0,0,0,0,1,5.0,2.0,6.0,24,0,0,0,0,0,0,1,2,1,6,1024,0,0,24,0.0,0.0,0,0,0.0,0.0,0,0,PortScan
53,1,1,0,6,0,0,0.0,0.0,6,6,6.0,0.0,113207.5472,37735.84906,53.0,0.0,53,53,0,0.0,0.0,0,0,0,0.0,0.0,0,0,0,0,0,0,40,20,18867.92453,18867.92453,0,6,2.0,3.464101615,12.0,0,0,0,1,0,0,0,0,1,3.0,0.0,6.0,40,0,0,0,0,0,0,1,0,1,6,29200,0,0,40,0.0,0.0,0,0,0.0,0.0,0,0,PortScan
12,1,1,2,6,2,2,2.0,0.0,6,6,6.0,0.0,666666.6667,166666.6667,12.0,0.0,12,12,0,0.0,0.0,0,0,0,0.0,0.0,0,0,0,0,0,0,24,20,83333.33333,83333.33333,2,6,3.333333333,2.309401077,5.333333333,0,0,0,1,0,0,0,0,1,5.0,2.0,6.0,24,0,0,0,0,0,0,1,2,1,6,1024,0,0,24,0.0,0.0,0,0,0.0,0.0,0,0,PortScan
43,1,1,0,6,0,0,0.0,0.0,6,6,6.0,0.0,139534.8837,46511.62791,43.0,0.0,43,43,0,0.0,0.0,0,0,0,0.0,0.0,0,0,0,0,0,0,40,20,23255.81395,23255.81395,0,6,2.0,3.464101615,12.0,0,0,0,1,0,0,0,0,1,3.0,0.0,6.0,40,0,0,0,0,0,0,1,0,1,6,29200,0,0,40,0.0,0.0,0,0,0.0,0.0,0,0,PortScan
28,1,1,2,6,2,2,2.0,0.0,6,6,6.0,0.0,285714.2857,71428.57143,28.0,0.0,28,28,0,0.0,0.0,0,0,0,0.0,0.0,0,0,0,0,0,0,24,20,35714.285710000004,35714.285710000004,2,6,3.333333333,2.309401077,5.333333333,0,0,0,1,0,0,0,0,1,5.0,2.0,6.0,24,0,0,0,0,0,0,1,2,1,6,1024,0,0,24,0.0,0.0,0,0,0.0,0.0,0,0,PortScan
43,1,1,2,6,2,2,2.0,0.0,6,6,6.0,0.0,186046.5116,46511.62791,43.0,0.0,43,43,0,0.0,0.0,0,0,0,0.0,0.0,0,0,0,0,0,0,24,20,23255.81395,23255.81395,2,6,3.333333333,2.309401077,5.333333333,0,0,0,1,0,0,0,0,1,5.0,2.0,6.0,24,0,0,0,0,0,0,1,2,1,6,1024,0,0,24,0.0,0.0,0,0,0.0,0.0,0,0,PortScan
49,1,1,0,6,0,0,0.0,0.0,6,6,6.0,0.0,122448.9796,40816.32653,49.0,0.0,49,49,0,0.0,0.0,0,0,0,0.0,0.0,0,0,0,0,0,0,40,20,20408.16327,20408.16327,0,6,2.0,3.464101615,12.0,0,0,0,1,0,0,0,0,1,3.0,0.0,6.0,40,0,0,0,0,0,0,1,0,1,6,29200,0,0,40,0.0,0.0,0,0,0.0,0.0,0,0,PortScan
35,1,1,2,6,2,2,2.0,0.0,6,6,6.0,0.0,228571.4286,57142.85714,35.0,0.0,35,35,0,0.0,0.0,0,0,0,0.0,0.0,0,0,0,0,0,0,24,20,28571.42857,28571.42857,2,6,3.333333333,2.309401077,5.333333333,0,0,0,1,0,0,0,0,1,5.0,2.0,6.0,24,0,0,0,0,0,0,1,2,1,6,1024,0,0,24,0.0,0.0,0,0,0.0,0.0,0,0,PortScan
25,1,1,0,6,0,0,0.0,0.0,6,6,6.0,0.0,240000.0,80000.0,25.0,0.0,25,25,0,0.0,0.0,0,0,0,0.0,0.0,0,0,0,0,0,0,40,20,40000.0,40000.0,0,6,2.0,3.464101615,12.0,0,0,0,1,0,0,0,0,1,3.0,0.0,6.0,40,0,0,0,0,0,0,1,0,1,6,29200,0,0,40,0.0,0.0,0,0,0.0,0.0,0,0,PortScan
12,1,1,0,6,0,0,0.0,0.0,6,6,6.0,0.0,500000.0,166666.6667,12.0,0.0,12,12,0,0.0,0.0,0,0,0,0.0,0.0,0,0,0,0,0,0,40,20,83333.33333,83333.33333,0,6,2.0,3.464101615,12.0,0,0,0,1,0,0,0,0,1,3.0,0.0,6.0,40,0,0,0,0,0,0,1,0,1,6,29200,0,0,40,0.0,0.0,0,0,0.0,0.0,0,0,PortScan
17,1,1,0,6,0,0,0.0,0.0,6,6,6.0,0.0,352941.1765,117647.0588,17.0,0.0,17,17,0,0.0,0.0,0,0,0,0.0,0.0,0,0,0,0,0,0,40,20,58823.52941,58823.52941,0,6,2.0,3.464101615,12.0,0,0,0,1,0,0,0,0,1,3.0,0.0,6.0,40,0,0,0,0,0,0,1,0,1,6,29200,0,0,40,0.0,0.0,0,0,0.0,0.0,0,0,PortScan
31,1,1,0,6,0,0,0.0,0.0,6,6,6.0,0.0,193548.3871,64516.12903,31.0,0.0,31,31,0,0.0,0.0,0,0,0,0.0,0.0,0,0,0,0,0,0,40,20,32258.06452,32258.06452,0,6,2.0,3.464101615,12.0,0,0,0,1,0,0,0,0,1,3.0,0.0,6.0,40,0,0,0,0,0,0,1,0,1,6,29200,0,0,40,0.0,0.0,0,0,0.0,0.0,0,0,PortScan
46,1,1,0,6,0,0,0.0,0.0,6,6,6.0,0.0,130434.7826,43478.26087,46.0,0.0,46,46,0,0.0,0.0,0,0,0,0.0,0.0,0,0,0,0,0,0,40,20,21739.13043,21739.13043,0,6,2.0,3.464101615,12.0,0,0,0,1,0,0,0,0,1,3.0,0.0,6.0,40,0,0,0,0,0,0,1,0,1,6,29200,0,0,40,0.0,0.0,0,0,0.0,0.0,0,0,PortScan
45,1,1,2,6,2,2,2.0,0.0,6,6,6.0,0.0,177777.7778,44444.44444,45.0,0.0,45,45,0,0.0,0.0,0,0,0,0.0,0.0,0,0,0,0,0,0,24,20,22222.22222,22222.22222,2,6,3.333333333,2.309401077,5.333333333,0,0,0,1,0,0,0,0,1,5.0,2.0,6.0,24,0,0,0,0,0,0,1,2,1,6,1024,0,0,24,0.0,0.0,0,0,0.0,0.0,0,0,PortScan
100,1,1,0,6,0,0,0.0,0.0,6,6,6.0,0.0,60000.0,20000.0,100.0,0.0,100,100,0,0.0,0.0,0,0,0,0.0,0.0,0,0,0,0,0,0,40,20,10000.0,10000.0,0,6,2.0,3.464101615,12.0,0,0,0,1,0,0,0,0,1,3.0,0.0,6.0,40,0,0,0,0,0,0,1,0,1,6,29200,0,0,40,0.0,0.0,0,0,0.0,0.0,0,0,PortScan
41,1,1,0,6,0,0,0.0,0.0,6,6,6.0,0.0,146341.4634,48780.4878,41.0,0.0,41,41,0,0.0,0.0,0,0,0,0.0,0.0,0,0,0,0,0,0,40,20,24390.2439,24390.2439,0,6,2.0,3.464101615,12.0,0,0,0,1,0,0,0,0,1,3.0,0.0,6.0,40,0,0,0,0,0,0,1,0,1,6,29200,0,0,40,0.0,0.0,0,0,0.0,0.0,0,0,PortScan
92,1,1,2,6,2,2,2.0,0.0,6,6,6.0,0.0,86956.52174,21739.13043,92.0,0.0,92,92,0,0.0,0.0,0,0,0,0.0,0.0,0,0,0,0,0,0,24,20,10869.56522,10869.56522,2,6,3.333333333,2.309401077,5.333333333,0,0,0,1,0,0,0,0,1,5.0,2.0,6.0,24,0,0,0,0,0,0,1,2,1,6,1024,0,0,24,0.0,0.0,0,0,0.0,0.0,0,0,PortScan
13,1,1,0,6,0,0,0.0,0.0,6,6,6.0,0.0,461538.4615,153846.1538,13.0,0.0,13,13,0,0.0,0.0,0,0,0,0.0,0.0,0,0,0,0,0,0,40,20,76923.07692,76923.07692,0,6,2.0,3.464101615,12.0,0,0,0,1,0,0,0,0,1,3.0,0.0,6.0,40,0,0,0,0,0,0,1,0,1,6,29200,0,0,40,0.0,0.0,0,0,0.0,0.0,0,0,PortScan
55,1,1,0,6,0,0,0.0,0.0,6,6,6.0,0.0,109090.9091,36363.63636,55.0,0.0,55,55,0,0.0,0.0,0,0,0,0.0,0.0,0,0,0,0,0,0,40,20,18181.81818,18181.81818,0,6,2.0,3.464101615,12.0,0,0,0,1,0,0,0,0,1,3.0,0.0,6.0,40,0,0,0,0,0,0,1,0,1,6,29200,0,0,40,0.0,0.0,0,0,0.0,0.0,0,0,PortScan
73,1,1,0,6,0,0,0.0,0.0,6,6,6.0,0.0,82191.78082,27397.26027,73.0,0.0,73,73,0,0.0,0.0,0,0,0,0.0,0.0,0,0,0,0,0,0,40,20,13698.63014,13698.63014,0,6,2.0,3.464101615,12.0,0,0,0,1,0,0,0,0,1,3.0,0.0,6.0,40,0,0,0,0,0,0,1,0,1,6,29200,0,0,40,0.0,0.0,0,0,0.0,0.0,0,0,PortScan
42,1,1,0,6,0,0,0.0,0.0,6,6,6.0,0.0,142857.1429,47619.04762,42.0,0.0,42,42,0,0.0,0.0,0,0,0,0.0,0.0,0,0,0,0,0,0,40,20,23809.52381,23809.52381,0,6,2.0,3.464101615,12.0,0,0,0,1,0,0,0,0,1,3.0,0.0,6.0,40,0,0,0,0,0,0,1,0,1,6,29200,0,0,40,0.0,0.0,0,0,0.0,0.0,0,0,PortScan
56,1,1,2,6,2,2,2.0,0.0,6,6,6.0,0.0,142857.1429,35714.285710000004,56.0,0.0,56,56,0,0.0,0.0,0,0,0,0.0,0.0,0,0,0,0,0,0,24,20,17857.14286,17857.14286,2,6,3.333333333,2.309401077,5.333333333,0,0,0,1,0,0,0,0,1,5.0,2.0,6.0,24,0,0,0,0,0,0,1,2,1,6,1024,0,0,24,0.0,0.0,0,0,0.0,0.0,0,0,PortScan
72,1,1,2,6,2,2,2.0,0.0,6,6,6.0,0.0,111111.1111,27777.77778,72.0,0.0,72,72,0,0.0,0.0,0,0,0,0.0,0.0,0,0,0,0,0,0,24,20,13888.88889,13888.88889,2,6,3.333333333,2.309401077,5.333333333,0,0,0,1,0,0,0,0,1,5.0,2.0,6.0,24,0,0,0,0,0,0,1,2,1,6,1024,0,0,24,0.0,0.0,0,0,0.0,0.0,0,0,PortScan
1,1,1,0,6,0,0,0.0,0.0,6,6,6.0,0.0,6000000.0,2000000.0,1.0,0.0,1,1,0,0.0,0.0,0,0,0,0.0,0.0,0,0,0,0,0,0,40,20,1000000.0,1000000.0,0,6,2.0,3.464101615,12.0,0,0,0,1,0,0,0,0,1,3.0,0.0,6.0,40,0,0,0,0,0,0,1,0,1,6,29200,0,0,40,0.0,0.0,0,0,0.0,0.0,0,0,PortScan
75,1,1,2,6,2,2,2.0,0.0,6,6,6.0,0.0,106666.6667,26666.66667,75.0,0.0,75,75,0,0.0,0.0,0,0,0,0.0,0.0,0,0,0,0,0,0,24,20,13333.33333,13333.33333,2,6,3.333333333,2.309401077,5.333333333,0,0,0,1,0,0,0,0,1,5.0,2.0,6.0,24,0,0,0,0,0,0,1,2,1,6,1024,0,0,24,0.0,0.0,0,0,0.0,0.0,0,0,PortScan
93,1,1,0,6,0,0,0.0,0.0,6,6,6.0,0.0,64516.12903,21505.37634,93.0,0.0,93,93,0,0.0,0.0,0,0,0,0.0,0.0,0,0,0,0,0,0,40,20,10752.68817,10752.68817,0,6,2.0,3.464101615,12.0,0,0,0,1,0,0,0,0,1,3.0,0.0,6.0,40,0,0,0,0,0,0,1,0,1,6,29200,0,0,40,0.0,0.0,0,0,0.0,0.0,0,0,PortScan
71,1,1,0,6,0,0,0.0,0.0,6,6,6.0,0.0,84507.04225,28169.01408,71.0,0.0,71,71,0,0.0,0.0,0,0,0,0.0,0.0,0,0,0,0,0,0,40,20,14084.50704,14084.50704,0,6,2.0,3.464101615,12.0,0,0,0,1,0,0,0,0,1,3.0,0.0,6.0,40,0,0,0,0,0,0,1,0,1,6,29200,0,0,40,0.0,0.0,0,0,0.0,0.0,0,0,PortScan
44,1,1,0,6,0,0,0.0,0.0,6,6,6.0,0.0,136363.6364,45454.54545,44.0,0.0,44,44,0,0.0,0.0,0,0,0,0.0,0.0,0,0,0,0,0,0,40,20,22727.27273,22727.27273,0,6,2.0,3.464101615,12.0,0,0,0,1,0,0,0,0,1,3.0,0.0,6.0,40,0,0,0,0,0,0,1,0,1,6,29200,0,0,40,0.0,0.0,0,0,0.0,0.0,0,0,PortScan
21,1,1,2,6,2,2,2.0,0.0,6,6,6.0,0.0,380952.381,95238.09524,21.0,0.0,21,21,0,0.0,0.0,0,0,0,0.0,0.0,0,0,0,0,0,0,24,20,47619.04762,47619.04762,2,6,3.333333333,2.309401077,5.333333333,0,0,0,1,0,0,0,0,1,5.0,2.0,6.0,24,0,0,0,0,0,0,1,2,1,6,1024,0,0,24,0.0,0.0,0,0,0.0,0.0,0,0,PortScan
49,1,1,2,6,2,2,2.0,0.0,6,6,6.0,0.0,163265.3061,40816.32653,49.0,0.0,49,49,0,0.0,0.0,0,0,0,0.0,0.0,0,0,0,0,0,0,24,20,20408.16327,20408.16327,2,6,3.333333333,2.309401077,5.333333333,0,0,0,1,0,0,0,0,1,5.0,2.0,6.0,24,0,0,0,0,0,0,1,2,1,6,1024,0,0,24,0.0,0.0,0,0,0.0,0.0,0,0,PortScan
43,1,1,0,6,0,0,0.0,0.0,6,6,6.0,0.0,139534.8837,46511.62791,43.0,0.0,43,43,0,0.0,0.0,0,0,0,0.0,0.0,0,0,0,0,0,0,40,20,23255.81395,23255.81395,0,6,2.0,3.464101615,12.0,0,0,0,1,0,0,0,0,1,3.0,0.0,6.0,40,0,0,0,0,0,0,1,0,1,6,29200,0,0,40,0.0,0.0,0,0,0.0,0.0,0,0,PortScan
42,1,1,2,6,2,2,2.0,0.0,6,6,6.0,0.0,190476.1905,47619.04762,42.0,0.0,42,42,0,0.0,0.0,0,0,0,0.0,0.0,0,0,0,0,0,0,24,20,23809.52381,23809.52381,2,6,3.333333333,2.309401077,5.333333333,0,0,0,1,0,0,0,0,1,5.0,2.0,6.0,24,0,0,0,0,0,0,1,2,1,6,1024,0,0,24,0.0,0.0,0,0,0.0,0.0,0,0,PortScan
52,1,1,0,6,0,0,0.0,0.0,6,6,6.0,0.0,115384.6154,38461.53846,52.0,0.0,52,52,0,0.0,0.0,0,0,0,0.0,0.0,0,0,0,0,0,0,40,20,19230.76923,19230.76923,0,6,2.0,3.464101615,12.0,0,0,0,1,0,0,0,0,1,3.0,0.0,6.0,40,0,0,0,0,0,0,1,0,1,6,29200,0,0,40,0.0,0.0,0,0,0.0,0.0,0,0,PortScan
59,1,1,0,6,0,0,0.0,0.0,6,6,6.0,0.0,101694.9153,33898.30508,59.0,0.0,59,59,0,0.0,0.0,0,0,0,0.0,0.0,0,0,0,0,0,0,40,20,16949.15254,16949.15254,0,6,2.0,3.464101615,12.0,0,0,0,1,0,0,0,0,1,3.0,0.0,6.0,40,0,0,0,0,0,0,1,0,1,6,29200,0,0,40,0.0,0.0,0,0,0.0,0.0,0,0,PortScan
45,1,1,0,6,0,0,0.0,0.0,6,6,6.0,0.0,133333.3333,44444.44444,45.0,0.0,45,45,0,0.0,0.0,0,0,0,0.0,0.0,0,0,0,0,0,0,40,20,22222.22222,22222.22222,0,6,2.0,3.464101615,12.0,0,0,0,1,0,0,0,0,1,3.0,0.0,6.0,40,0,0,0,0,0,0,1,0,1,6,29200,0,0,40,0.0,0.0,0,0,0.0,0.0,0,0,PortScan
81,1,1,2,6,2,2,2.0,0.0,6,6,6.0,0.0,98765.4321,24691.35802,81.0,0.0,81,81,0,0.0,0.0,0,0,0,0.0,0.0,0,0,0,0,0,0,24,20,12345.67901,12345.67901,2,6,3.333333333,2.309401077,5.333333333,0,0,0,1,0,0,0,0,1,5.0,2.0,6.0,24,0,0,0,0,0,0,1,2,1,6,1024,0,0,24,0.0,0.0,0,0,0.0,0.0,0,0,PortScan
14,1,1,0,6,0,0,0.0,0.0,6,6,6.0,0.0,428571.4286,142857.1429,14.0,0.0,14,14,0,0.0,0.0,0,0,0,0.0,0.0,0,0,0,0,0,0,40,20,71428.57143,71428.57143,0,6,2.0,3.464101615,12.0,0,0,0,1,0,0,0,0,1,3.0,0.0,6.0,40,0,0,0,0,0,0,1,0,1,6,29200,0,0,40,0.0,0.0,0,0,0.0,0.0,0,0,PortScan
92,1,1,2,6,2,2,2.0,0.0,6,6,6.0,0.0,86956.52174,21739.13043,92.0,0.0,92,92,0,0.0,0.0,0,0,0,0.0,0.0,0,0,0,0,0,0,24,20,10869.56522,10869.56522,2,6,3.333333333,2.309401077,5.333333333,0,0,0,1,0,0,0,0,1,5.0,2.0,6.0,24,0,0,0,0,0,0,1,2,1,6,1024,0,0,24,0.0,0.0,0,0,0.0,0.0,0,0,PortScan
5,1,1,0,6,0,0,0.0,0.0,6,6,6.0,0.0,1200000.0,400000.0,5.0,0.0,5,5,0,0.0,0.0,0,0,0,0.0,0.0,0,0,0,0,0,0,40,20,200000.0,200000.0,0,6,2.0,3.464101615,12.0,0,0,0,1,0,0,0,0,1,3.0,0.0,6.0,40,0,0,0,0,0,0,1,0,1,6,29200,0,0,40,0.0,0.0,0,0,0.0,0.0,0,0,PortScan
73,1,1,0,6,0,0,0.0,0.0,6,6,6.0,0.0,82191.78082,27397.26027,73.0,0.0,73,73,0,0.0,0.0,0,0,0,0.0,0.0,0,0,0,0,0,0,40,20,13698.63014,13698.63014,0,6,2.0,3.464101615,12.0,0,0,0,1,0,0,0,0,1,3.0,0.0,6.0,40,0,0,0,0,0,0,1,0,1,6,29200,0,0,40,0.0,0.0,0,0,0.0,0.0,0,0,PortScan
32,1,1,2,6,2,2,2.0,0.0,6,6,6.0,0.0,250000.0,62500.0,32.0,0.0,32,32,0,0.0,0.0,0,0,0,0.0,0.0,0,0,0,0,0,0,24,20,31250.0,31250.0,2,6,3.333333333,2.309401077,5.333333333,0,0,0,1,0,0,0,0,1,5.0,2.0,6.0,24,0,0,0,0,0,0,1,2,1,6,1024,0,0,24,0.0,0.0,0,0,0.0,0.0,0,0,PortScan
59,1,1,0,6,0,0,0.0,0.0,6,6,6.0,0.0,101694.9153,33898.30508,59.0,0.0,59,59,0,0.0,0.0,0,0,0,0.0,0.0,0,0,0,0,0,0,40,20,16949.15254,16949.15254,0,6,2.0,3.464101615,12.0,0,0,0,1,0,0,0,0,1,3.0,0.0,6.0,40,0,0,0,0,0,0,1,0,1,6,29200,0,0,40,0.0,0.0,0,0,0.0,0.0,0,0,PortScan
52,1,1,0,6,0,0,0.0,0.0,6,6,6.0,0.0,115384.6154,38461.53846,52.0,0.0,52,52,0,0.0,0.0,0,0,0,0.0,0.0,0,0,0,0,0,0,40,20,19230.76923,19230.76923,0,6,2.0,3.464101615,12.0,0,0,0,1,0,0,0,0,1,3.0,0.0,6.0,40,0,0,0,0,0,0,1,0,1,6,29200,0,0,40,0.0,0.0,0,0,0.0,0.0,0,0,PortScan
43,1,1,0,6,0,0,0.0,0.0,6,6,6.0,0.0,139534.8837,46511.62791,43.0,0.0,43,43,0,0.0,0.0,0,0,0,0.0,0.0,0,0,0,0,0,0,40,20,23255.81395,23255.81395,0,6,2.0,3.464101615,12.0,0,0,0,1,0,0,0,0,1,3.0,0.0,6.0,40,0,0,0,0,0,0,1,0,1,6,29200,0,0,40,0.0,0.0,0,0,0.0,0.0,0,0,PortScan
49,1,1,0,6,0,0,0.0,0.0,6,6,6.0,0.0,122448.9796,40816.32653,49.0,0.0,49,49,0,0.0,0.0,0,0,0,0.0,0.0,0,0,0,0,0,0,40,20,20408.16327,20408.16327,0,6,2.0,3.464101615,12.0,0,0,0,1,0,0,0,0,1,3.0,0.0,6.0,40,0,0,0,0,0,0,1,0,1,6,29200,0,0,40,0.0,0.0,0,0,0.0,0.0,0,0,PortScan
42,1,1,0,6,0,0,0.0,0.0,6,6,6.0,0.0,142857.1429,47619.04762,42.0,0.0,42,42,0,0.0,0.0,0,0,0,0.0,0.0,0,0,0,0,0,0,40,20,23809.52381,23809.52381,0,6,2.0,3.464101615,12.0,0,0,0,1,0,0,0,0,1,3.0,0.0,6.0,40,0,0,0,0,0,0,1,0,1,6,29200,0,0,40,0.0,0.0,0,0,0.0,0.0,0,0,PortScan
39,1,1,0,6,0,0,0.0,0.0,6,6,6.0,0.0,153846.1538,51282.05128,39.0,0.0,39,39,0,0.0,0.0,0,0,0,0.0,0.0,0,0,0,0,0,0,40,20,25641.02564,25641.02564,0,6,2.0,3.464101615,12.0,0,0,0,1,0,0,0,0,1,3.0,0.0,6.0,40,0,0,0,0,0,0,1,0,1,6,29200,0,0,40,0.0,0.0,0,0,0.0,0.0,0,0,PortScan
45,1,1,2,6,2,2,2.0,0.0,6,6,6.0,0.0,177777.7778,44444.44444,45.0,0.0,45,45,0,0.0,0.0,0,0,0,0.0,0.0,0,0,0,0,0,0,24,20,22222.22222,22222.22222,2,6,3.333333333,2.309401077,5.333333333,0,0,0,1,0,0,0,0,1,5.0,2.0,6.0,24,0,0,0,0,0,0,1,2,1,6,1024,0,0,24,0.0,0.0,0,0,0.0,0.0,0,0,PortScan
24,1,1,0,6,0,0,0.0,0.0,6,6,6.0,0.0,250000.0,83333.33333,24.0,0.0,24,24,0,0.0,0.0,0,0,0,0.0,0.0,0,0,0,0,0,0,40,20,41666.66667,41666.66667,0,6,2.0,3.464101615,12.0,0,0,0,1,0,0,0,0,1,3.0,0.0,6.0,40,0,0,0,0,0,0,1,0,1,6,29200,0,0,40,0.0,0.0,0,0,0.0,0.0,0,0,PortScan
48,1,1,2,6,2,2,2.0,0.0,6,6,6.0,0.0,166666.6667,41666.66667,48.0,0.0,48,48,0,0.0,0.0,0,0,0,0.0,0.0,0,0,0,0,0,0,24,20,20833.33333,20833.33333,2,6,3.333333333,2.309401077,5.333333333,0,0,0,1,0,0,0,0,1,5.0,2.0,6.0,24,0,0,0,0,0,0,1,2,1,6,1024,0,0,24,0.0,0.0,0,0,0.0,0.0,0,0,PortScan
87,1,1,0,6,0,0,0.0,0.0,6,6,6.0,0.0,68965.51724,22988.50575,87.0,0.0,87,87,0,0.0,0.0,0,0,0,0.0,0.0,0,0,0,0,0,0,40,20,11494.25287,11494.25287,0,6,2.0,3.464101615,12.0,0,0,0,1,0,0,0,0,1,3.0,0.0,6.0,40,0,0,0,0,0,0,1,0,1,6,29200,0,0,40,0.0,0.0,0,0,0.0,0.0,0,0,PortScan
59,1,1,2,6,2,2,2.0,0.0,6,6,6.0,0.0,135593.2203,33898.30508,59.0,0.0,59,59,0,0.0,0.0,0,0,0,0.0,0.0,0,0,0,0,0,0,24,20,16949.15254,16949.15254,2,6,3.333333333,2.309401077,5.333333333,0,0,0,1,0,0,0,0,1,5.0,2.0,6.0,24,0,0,0,0,0,0,1,2,1,6,1024,0,0,24,0.0,0.0,0,0,0.0,0.0,0,0,PortScan
44,1,1,0,6,0,0,0.0,0.0,6,6,6.0,0.0,136363.6364,45454.54545,44.0,0.0,44,44,0,0.0,0.0,0,0,0,0.0,0.0,0,0,0,0,0,0,40,20,22727.27273,22727.27273,0,6,2.0,3.464101615,12.0,0,0,0,1,0,0,0,0,1,3.0,0.0,6.0,40,0,0,0,0,0,0,1,0,1,6,29200,0,0,40,0.0,0.0,0,0,0.0,0.0,0,0,PortScan
42,1,1,0,6,0,0,0.0,0.0,6,6,6.0,0.0,142857.1429,47619.04762,42.0,0.0,42,42,0,0.0,0.0,0,0,0,0.0,0.0,0,0,0,0,0,0,40,20,23809.52381,23809.52381,0,6,2.0,3.464101615,12.0,0,0,0,1,0,0,0,0,1,3.0,0.0,6.0,40,0,0,0,0,0,0,1,0,1,6,29200,0,0,40,0.0,0.0,0,0,0.0,0.0,0,0,PortScan
56,1,1,0,6,0,0,0.0,0.0,6,6,6.0,0.0,107142.8571,35714.285710000004,56.0,0.0,56,56,0,0.0,0.0,0,0,0,0.0,0.0,0,0,0,0,0,0,40,20,17857.14286,17857.14286,0,6,2.0,3.464101615,12.0,0,0,0,1,0,0,0,0,1,3.0,0.0,6.0,40,0,0,0,0,0,0,1,0,1,6,29200,0,0,40,0.0,0.0,0,0,0.0,0.0,0,0,PortScan
93,1,1,0,6,0,0,0.0,0.0,6,6,6.0,0.0,64516.12903,21505.37634,93.0,0.0,93,93,0,0.0,0.0,0,0,0,0.0,0.0,0,0,0,0,0,0,40,20,10752.68817,10752.68817,0,6,2.0,3.464101615,12.0,0,0,0,1,0,0,0,0,1,3.0,0.0,6.0,40,0,0,0,0,0,0,1,0,1,6,29200,0,0,40,0.0,0.0,0,0,0.0,0.0,0,0,PortScan
24,1,1,2,6,2,2,2.0,0.0,6,6,6.0,0.0,333333.3333,83333.33333,24.0,0.0,24,24,0,0.0,0.0,0,0,0,0.0,0.0,0,0,0,0,0,0,24,20,41666.66667,41666.66667,2,6,3.333333333,2.309401077,5.333333333,0,0,0,1,0,0,0,0,1,5.0,2.0,6.0,24,0,0,0,0,0,0,1,2,1,6,1024,0,0,24,0.0,0.0,0,0,0.0,0.0,0,0,PortScan
18,1,1,2,6,2,2,2.0,0.0,6,6,6.0,0.0,444444.4444,111111.1111,18.0,0.0,18,18,0,0.0,0.0,0,0,0,0.0,0.0,0,0,0,0,0,0,24,20,55555.55556,55555.55556,2,6,3.333333333,2.309401077,5.333333333,0,0,0,1,0,0,0,0,1,5.0,2.0,6.0,24,0,0,0,0,0,0,1,2,1,6,1024,0,0,24,0.0,0.0,0,0,0.0,0.0,0,0,PortScan
43,1,1,2,6,2,2,2.0,0.0,6,6,6.0,0.0,186046.5116,46511.62791,43.0,0.0,43,43,0,0.0,0.0,0,0,0,0.0,0.0,0,0,0,0,0,0,24,20,23255.81395,23255.81395,2,6,3.333333333,2.309401077,5.333333333,0,0,0,1,0,0,0,0,1,5.0,2.0,6.0,24,0,0,0,0,0,0,1,2,1,6,1024,0,0,24,0.0,0.0,0,0,0.0,0.0,0,0,PortScan
57,1,1,0,6,0,0,0.0,0.0,6,6,6.0,0.0,105263.1579,35087.7193,57.0,0.0,57,57,0,0.0,0.0,0,0,0,0.0,0.0,0,0,0,0,0,0,40,20,17543.85965,17543.85965,0,6,2.0,3.464101615,12.0,0,0,0,1,0,0,0,0,1,3.0,0.0,6.0,40,0,0,0,0,0,0,1,0,1,6,29200,0,0,40,0.0,0.0,0,0,0.0,0.0,0,0,PortScan
15,1,1,0,6,0,0,0.0,0.0,6,6,6.0,0.0,400000.0,133333.3333,15.0,0.0,15,15,0,0.0,0.0,0,0,0,0.0,0.0,0,0,0,0,0,0,40,20,66666.66667,66666.66667,0,6,2.0,3.464101615,12.0,0,0,0,1,0,0,0,0,1,3.0,0.0,6.0,40,0,0,0,0,0,0,1,0,1,6,29200,0,0,40,0.0,0.0,0,0,0.0,0.0,0,0,PortScan
62,1,1,2,6,2,2,2.0,0.0,6,6,6.0,0.0,129032.2581,32258.06452,62.0,0.0,62,62,0,0.0,0.0,0,0,0,0.0,0.0,0,0,0,0,0,0,24,20,16129.03226,16129.03226,2,6,3.333333333,2.309401077,5.333333333,0,0,0,1,0,0,0,0,1,5.0,2.0,6.0,24,0,0,0,0,0,0,1,2,1,6,1024,0,0,24,0.0,0.0,0,0,0.0,0.0,0,0,PortScan
44,1,1,2,6,2,2,2.0,0.0,6,6,6.0,0.0,181818.1818,45454.54545,44.0,0.0,44,44,0,0.0,0.0,0,0,0,0.0,0.0,0,0,0,0,0,0,24,20,22727.27273,22727.27273,2,6,3.333333333,2.309401077,5.333333333,0,0,0,1,0,0,0,0,1,5.0,2.0,6.0,24,0,0,0,0,0,0,1,2,1,6,1024,0,0,24,0.0,0.0,0,0,0.0,0.0,0,0,PortScan
66,1,1,2,6,2,2,2.0,0.0,6,6,6.0,0.0,121212.1212,30303.0303,66.0,0.0,66,66,0,0.0,0.0,0,0,0,0.0,0.0,0,0,0,0,0,0,24,20,15151.51515,15151.51515,2,6,3.333333333,2.309401077,5.333333333,0,0,0,1,0,0,0,0,1,5.0,2.0,6.0,24,0,0,0,0,0,0,1,2,1,6,1024,0,0,24,0.0,0.0,0,0,0.0,0.0,0,0,PortScan
30,1,1,2,6,2,2,2.0,0.0,6,6,6.0,0.0,266666.6667,66666.66667,30.0,0.0,30,30,0,0.0,0.0,0,0,0,0.0,0.0,0,0,0,0,0,0,24,20,33333.33333,33333.33333,2,6,3.333333333,2.309401077,5.333333333,0,0,0,1,0,0,0,0,1,5.0,2.0,6.0,24,0,0,0,0,0,0,1,2,1,6,1024,0,0,24,0.0,0.0,0,0,0.0,0.0,0,0,PortScan
16,1,1,2,6,2,2,2.0,0.0,6,6,6.0,0.0,500000.0,125000.0,16.0,0.0,16,16,0,0.0,0.0,0,0,0,0.0,0.0,0,0,0,0,0,0,24,20,62500.0,62500.0,2,6,3.333333333,2.309401077,5.333333333,0,0,0,1,0,0,0,0,1,5.0,2.0,6.0,24,0,0,0,0,0,0,1,2,1,6,1024,0,0,24,0.0,0.0,0,0,0.0,0.0,0,0,PortScan
90,1,1,2,6,2,2,2.0,0.0,6,6,6.0,0.0,88888.88889,22222.22222,90.0,0.0,90,90,0,0.0,0.0,0,0,0,0.0,0.0,0,0,0,0,0,0,24,20,11111.11111,11111.11111,2,6,3.333333333,2.309401077,5.333333333,0,0,0,1,0,0,0,0,1,5.0,2.0,6.0,24,0,0,0,0,0,0,1,2,1,6,1024,0,0,24,0.0,0.0,0,0,0.0,0.0,0,0,PortScan
107,1,1,0,6,0,0,0.0,0.0,6,6,6.0,0.0,56074.76636,18691.58879,107.0,0.0,107,107,0,0.0,0.0,0,0,0,0.0,0.0,0,0,0,0,0,0,40,20,9345.794393,9345.794393,0,6,2.0,3.464101615,12.0,0,0,0,1,0,0,0,0,1,3.0,0.0,6.0,40,0,0,0,0,0,0,1,0,1,6,29200,0,0,40,0.0,0.0,0,0,0.0,0.0,0,0,PortScan
45,1,1,2,6,2,2,2.0,0.0,6,6,6.0,0.0,177777.7778,44444.44444,45.0,0.0,45,45,0,0.0,0.0,0,0,0,0.0,0.0,0,0,0,0,0,0,24,20,22222.22222,22222.22222,2,6,3.333333333,2.309401077,5.333333333,0,0,0,1,0,0,0,0,1,5.0,2.0,6.0,24,0,0,0,0,0,0,1,2,1,6,1024,0,0,24,0.0,0.0,0,0,0.0,0.0,0,0,PortScan
10,1,1,0,6,0,0,0.0,0.0,6,6,6.0,0.0,600000.0,200000.0,10.0,0.0,10,10,0,0.0,0.0,0,0,0,0.0,0.0,0,0,0,0,0,0,40,20,100000.0,100000.0,0,6,2.0,3.464101615,12.0,0,0,0,1,0,0,0,0,1,3.0,0.0,6.0,40,0,0,0,0,0,0,1,0,1,6,29200,0,0,40,0.0,0.0,0,0,0.0,0.0,0,0,PortScan
12,1,1,0,6,0,0,0.0,0.0,6,6,6.0,0.0,500000.0,166666.6667,12.0,0.0,12,12,0,0.0,0.0,0,0,0,0.0,0.0,0,0,0,0,0,0,40,20,83333.33333,83333.33333,0,6,2.0,3.464101615,12.0,0,0,0,1,0,0,0,0,1,3.0,0.0,6.0,40,0,0,0,0,0,0,1,0,1,6,29200,0,0,40,0.0,0.0,0,0,0.0,0.0,0,0,PortScan
19,1,1,2,6,2,2,2.0,0.0,6,6,6.0,0.0,421052.6316,105263.1579,19.0,0.0,19,19,0,0.0,0.0,0,0,0,0.0,0.0,0,0,0,0,0,0,24,20,52631.57895,52631.57895,2,6,3.333333333,2.309401077,5.333333333,0,0,0,1,0,0,0,0,1,5.0,2.0,6.0,24,0,0,0,0,0,0,1,2,1,6,1024,0,0,24,0.0,0.0,0,0,0.0,0.0,0,0,PortScan
55,1,1,0,6,0,0,0.0,0.0,6,6,6.0,0.0,109090.9091,36363.63636,55.0,0.0,55,55,0,0.0,0.0,0,0,0,0.0,0.0,0,0,0,0,0,0,40,20,18181.81818,18181.81818,0,6,2.0,3.464101615,12.0,0,0,0,1,0,0,0,0,1,3.0,0.0,6.0,40,0,0,0,0,0,0,1,0,1,6,29200,0,0,40,0.0,0.0,0,0,0.0,0.0,0,0,PortScan
73,1,1,2,6,2,2,2.0,0.0,6,6,6.0,0.0,109589.0411,27397.26027,73.0,0.0,73,73,0,0.0,0.0,0,0,0,0.0,0.0,0,0,0,0,0,0,24,20,13698.63014,13698.63014,2,6,3.333333333,2.309401077,5.333333333,0,0,0,1,0,0,0,0,1,5.0,2.0,6.0,24,0,0,0,0,0,0,1,2,1,6,1024,0,0,24,0.0,0.0,0,0,0.0,0.0,0,0,PortScan
43,1,1,2,6,2,2,2.0,0.0,6,6,6.0,0.0,186046.5116,46511.62791,43.0,0.0,43,43,0,0.0,0.0,0,0,0,0.0,0.0,0,0,0,0,0,0,24,20,23255.81395,23255.81395,2,6,3.333333333,2.309401077,5.333333333,0,0,0,1,0,0,0,0,1,5.0,2.0,6.0,24,0,0,0,0,0,0,1,2,1,6,1024,0,0,24,0.0,0.0,0,0,0.0,0.0,0,0,PortScan
99,1,1,0,6,0,0,0.0,0.0,6,6,6.0,0.0,60606.06061,20202.0202,99.0,0.0,99,99,0,0.0,0.0,0,0,0,0.0,0.0,0,0,0,0,0,0,40,20,10101.0101,10101.0101,0,6,2.0,3.464101615,12.0,0,0,0,1,0,0,0,0,1,3.0,0.0,6.0,40,0,0,0,0,0,0,1,0,1,6,29200,0,0,40,0.0,0.0,0,0,0.0,0.0,0,0,PortScan
55,1,1,0,6,0,0,0.0,0.0,6,6,6.0,0.0,109090.9091,36363.63636,55.0,0.0,55,55,0,0.0,0.0,0,0,0,0.0,0.0,0,0,0,0,0,0,40,20,18181.81818,18181.81818,0,6,2.0,3.464101615,12.0,0,0,0,1,0,0,0,0,1,3.0,0.0,6.0,40,0,0,0,0,0,0,1,0,1,6,29200,0,0,40,0.0,0.0,0,0,0.0,0.0,0,0,PortScan
12,1,1,2,6,2,2,2.0,0.0,6,6,6.0,0.0,666666.6667,166666.6667,12.0,0.0,12,12,0,0.0,0.0,0,0,0,0.0,0.0,0,0,0,0,0,0,24,20,83333.33333,83333.33333,2,6,3.333333333,2.309401077,5.333333333,0,0,0,1,0,0,0,0,1,5.0,2.0,6.0,24,0,0,0,0,0,0,1,2,1,6,1024,0,0,24,0.0,0.0,0,0,0.0,0.0,0,0,PortScan
13,1,1,2,6,2,2,2.0,0.0,6,6,6.0,0.0,615384.6154,153846.1538,13.0,0.0,13,13,0,0.0,0.0,0,0,0,0.0,0.0,0,0,0,0,0,0,24,20,76923.07692,76923.07692,2,6,3.333333333,2.309401077,5.333333333,0,0,0,1,0,0,0,0,1,5.0,2.0,6.0,24,0,0,0,0,0,0,1,2,1,6,1024,0,0,24,0.0,0.0,0,0,0.0,0.0,0,0,PortScan
23,1,1,2,6,2,2,2.0,0.0,6,6,6.0,0.0,347826.08700000006,86956.52174,23.0,0.0,23,23,0,0.0,0.0,0,0,0,0.0,0.0,0,0,0,0,0,0,24,20,43478.26087,43478.26087,2,6,3.333333333,2.309401077,5.333333333,0,0,0,1,0,0,0,0,1,5.0,2.0,6.0,24,0,0,0,0,0,0,1,2,1,6,1024,0,0,24,0.0,0.0,0,0,0.0,0.0,0,0,PortScan
46,1,1,2,6,2,2,2.0,0.0,6,6,6.0,0.0,173913.0435,43478.26087,46.0,0.0,46,46,0,0.0,0.0,0,0,0,0.0,0.0,0,0,0,0,0,0,24,20,21739.13043,21739.13043,2,6,3.333333333,2.309401077,5.333333333,0,0,0,1,0,0,0,0,1,5.0,2.0,6.0,24,0,0,0,0,0,0,1,2,1,6,1024,0,0,24,0.0,0.0,0,0,0.0,0.0,0,0,PortScan
0,1,1,2,6,2,2,2.0,0.0,6,6,6.0,0.0,inf,inf,0.0,0.0,0,0,0,0.0,0.0,0,0,0,0.0,0.0,0,0,0,0,0,0,24,20,0.0,0.0,2,6,3.333333333,2.309401077,5.333333333,0,0,0,1,0,0,0,0,1,5.0,2.0,6.0,24,0,0,0,0,0,0,1,2,1,6,1024,0,0,24,0.0,0.0,0,0,0.0,0.0,0,0,PortScan
48,1,1,2,6,2,2,2.0,0.0,6,6,6.0,0.0,166666.6667,41666.66667,48.0,0.0,48,48,0,0.0,0.0,0,0,0,0.0,0.0,0,0,0,0,0,0,24,20,20833.33333,20833.33333,2,6,3.333333333,2.309401077,5.333333333,0,0,0,1,0,0,0,0,1,5.0,2.0,6.0,24,0,0,0,0,0,0,1,2,1,6,1024,0,0,24,0.0,0.0,0,0,0.0,0.0,0,0,PortScan
46,1,1,2,6,2,2,2.0,0.0,6,6,6.0,0.0,173913.0435,43478.26087,46.0,0.0,46,46,0,0.0,0.0,0,0,0,0.0,0.0,0,0,0,0,0,0,24,20,21739.13043,21739.13043,2,6,3.333333333,2.309401077,5.333333333,0,0,0,1,0,0,0,0,1,5.0,2.0,6.0,24,0,0,0,0,0,0,1,2,1,6,1024,0,0,24,0.0,0.0,0,0,0.0,0.0,0,0,PortScan
34,1,1,2,6,2,2,2.0,0.0,6,6,6.0,0.0,235294.1176,58823.52941,34.0,0.0,34,34,0,0.0,0.0,0,0,0,0.0,0.0,0,0,0,0,0,0,24,20,29411.764710000003,29411.764710000003,2,6,3.333333333,2.309401077,5.333333333,0,0,0,1,0,0,0,0,1,5.0,2.0,6.0,24,0,0,0,0,0,0,1,2,1,6,1024,0,0,24,0.0,0.0,0,0,0.0,0.0,0,0,PortScan
36,1,1,2,6,2,2,2.0,0.0,6,6,6.0,0.0,222222.2222,55555.55556,36.0,0.0,36,36,0,0.0,0.0,0,0,0,0.0,0.0,0,0,0,0,0,0,24,20,27777.77778,27777.77778,2,6,3.333333333,2.309401077,5.333333333,0,0,0,1,0,0,0,0,1,5.0,2.0,6.0,24,0,0,0,0,0,0,1,2,1,6,1024,0,0,24,0.0,0.0,0,0,0.0,0.0,0,0,PortScan
45,1,1,0,6,0,0,0.0,0.0,6,6,6.0,0.0,133333.3333,44444.44444,45.0,0.0,45,45,0,0.0,0.0,0,0,0,0.0,0.0,0,0,0,0,0,0,40,20,22222.22222,22222.22222,0,6,2.0,3.464101615,12.0,0,0,0,1,0,0,0,0,1,3.0,0.0,6.0,40,0,0,0,0,0,0,1,0,1,6,29200,0,0,40,0.0,0.0,0,0,0.0,0.0,0,0,PortScan
64,1,1,2,6,2,2,2.0,0.0,6,6,6.0,0.0,125000.0,31250.0,64.0,0.0,64,64,0,0.0,0.0,0,0,0,0.0,0.0,0,0,0,0,0,0,24,20,15625.0,15625.0,2,6,3.333333333,2.309401077,5.333333333,0,0,0,1,0,0,0,0,1,5.0,2.0,6.0,24,0,0,0,0,0,0,1,2,1,6,1024,0,0,24,0.0,0.0,0,0,0.0,0.0,0,0,PortScan
57,1,1,2,6,2,2,2.0,0.0,6,6,6.0,0.0,140350.8772,35087.7193,57.0,0.0,57,57,0,0.0,0.0,0,0,0,0.0,0.0,0,0,0,0,0,0,24,20,17543.85965,17543.85965,2,6,3.333333333,2.309401077,5.333333333,0,0,0,1,0,0,0,0,1,5.0,2.0,6.0,24,0,0,0,0,0,0,1,2,1,6,1024,0,0,24,0.0,0.0,0,0,0.0,0.0,0,0,PortScan
43,1,1,0,6,0,0,0.0,0.0,6,6,6.0,0.0,139534.8837,46511.62791,43.0,0.0,43,43,0,0.0,0.0,0,0,0,0.0,0.0,0,0,0,0,0,0,40,20,23255.81395,23255.81395,0,6,2.0,3.464101615,12.0,0,0,0,1,0,0,0,0,1,3.0,0.0,6.0,40,0,0,0,0,0,0,1,0,1,6,29200,0,0,40,0.0,0.0,0,0,0.0,0.0,0,0,PortScan
77,1,1,0,6,0,0,0.0,0.0,6,6,6.0,0.0,77922.07792000001,25974.02597,77.0,0.0,77,77,0,0.0,0.0,0,0,0,0.0,0.0,0,0,0,0,0,0,40,20,12987.01299,12987.01299,0,6,2.0,3.464101615,12.0,0,0,0,1,0,0,0,0,1,3.0,0.0,6.0,40,0,0,0,0,0,0,1,0,1,6,29200,0,0,40,0.0,0.0,0,0,0.0,0.0,0,0,PortScan
0,1,1,0,6,0,0,0.0,0.0,6,6,6.0,0.0,inf,inf,0.0,0.0,0,0,0,0.0,0.0,0,0,0,0.0,0.0,0,0,0,0,0,0,40,20,0.0,0.0,0,6,2.0,3.464101615,12.0,0,0,0,1,0,0,0,0,1,3.0,0.0,6.0,40,0,0,0,0,0,0,1,0,1,6,29200,0,0,40,0.0,0.0,0,0,0.0,0.0,0,0,PortScan
63,1,1,2,6,2,2,2.0,0.0,6,6,6.0,0.0,126984.127,31746.03175,63.0,0.0,63,63,0,0.0,0.0,0,0,0,0.0,0.0,0,0,0,0,0,0,24,20,15873.01587,15873.01587,2,6,3.333333333,2.309401077,5.333333333,0,0,0,1,0,0,0,0,1,5.0,2.0,6.0,24,0,0,0,0,0,0,1,2,1,6,1024,0,0,24,0.0,0.0,0,0,0.0,0.0,0,0,PortScan
26,1,1,2,6,2,2,2.0,0.0,6,6,6.0,0.0,307692.3077,76923.07692,26.0,0.0,26,26,0,0.0,0.0,0,0,0,0.0,0.0,0,0,0,0,0,0,24,20,38461.53846,38461.53846,2,6,3.333333333,2.309401077,5.333333333,0,0,0,1,0,0,0,0,1,5.0,2.0,6.0,24,0,0,0,0,0,0,1,2,1,6,1024,0,0,24,0.0,0.0,0,0,0.0,0.0,0,0,PortScan
55,1,1,2,6,2,2,2.0,0.0,6,6,6.0,0.0,145454.5455,36363.63636,55.0,0.0,55,55,0,0.0,0.0,0,0,0,0.0,0.0,0,0,0,0,0,0,24,20,18181.81818,18181.81818,2,6,3.333333333,2.309401077,5.333333333,0,0,0,1,0,0,0,0,1,5.0,2.0,6.0,24,0,0,0,0,0,0,1,2,1,6,1024,0,0,24,0.0,0.0,0,0,0.0,0.0,0,0,PortScan
48,1,1,0,6,0,0,0.0,0.0,6,6,6.0,0.0,125000.0,41666.66667,48.0,0.0,48,48,0,0.0,0.0,0,0,0,0.0,0.0,0,0,0,0,0,0,40,20,20833.33333,20833.33333,0,6,2.0,3.464101615,12.0,0,0,0,1,0,0,0,0,1,3.0,0.0,6.0,40,0,0,0,0,0,0,1,0,1,6,29200,0,0,40,0.0,0.0,0,0,0.0,0.0,0,0,PortScan
92,1,1,0,6,0,0,0.0,0.0,6,6,6.0,0.0,65217.3913,21739.13043,92.0,0.0,92,92,0,0.0,0.0,0,0,0,0.0,0.0,0,0,0,0,0,0,40,20,10869.56522,10869.56522,0,6,2.0,3.464101615,12.0,0,0,0,1,0,0,0,0,1,3.0,0.0,6.0,40,0,0,0,0,0,0,1,0,1,6,29200,0,0,40,0.0,0.0,0,0,0.0,0.0,0,0,PortScan
59,1,1,0,6,0,0,0.0,0.0,6,6,6.0,0.0,101694.9153,33898.30508,59.0,0.0,59,59,0,0.0,0.0,0,0,0,0.0,0.0,0,0,0,0,0,0,40,20,16949.15254,16949.15254,0,6,2.0,3.464101615,12.0,0,0,0,1,0,0,0,0,1,3.0,0.0,6.0,40,0,0,0,0,0,0,1,0,1,6,29200,0,0,40,0.0,0.0,0,0,0.0,0.0,0,0,PortScan
48,1,1,0,6,0,0,0.0,0.0,6,6,6.0,0.0,125000.0,41666.66667,48.0,0.0,48,48,0,0.0,0.0,0,0,0,0.0,0.0,0,0,0,0,0,0,40,20,20833.33333,20833.33333,0,6,2.0,3.464101615,12.0,0,0,0,1,0,0,0,0,1,3.0,0.0,6.0,40,0,0,0,0,0,0,1,0,1,6,29200,0,0,40,0.0,0.0,0,0,0.0,0.0,0,0,PortScan
48,1,1,2,6,2,2,2.0,0.0,6,6,6.0,0.0,166666.6667,41666.66667,48.0,0.0,48,48,0,0.0,0.0,0,0,0,0.0,0.0,0,0,0,0,0,0,24,20,20833.33333,20833.33333,2,6,3.333333333,2.309401077,5.333333333,0,0,0,1,0,0,0,0,1,5.0,2.0,6.0,24,0,0,0,0,0,0,1,2,1,6,1024,0,0,24,0.0,0.0,0,0,0.0,0.0,0,0,PortScan
34,1,1,0,6,0,0,0.0,0.0,6,6,6.0,0.0,176470.5882,58823.52941,34.0,0.0,34,34,0,0.0,0.0,0,0,0,0.0,0.0,0,0,0,0,0,0,40,20,29411.764710000003,29411.764710000003,0,6,2.0,3.464101615,12.0,0,0,0,1,0,0,0,0,1,3.0,0.0,6.0,40,0,0,0,0,0,0,1,0,1,6,29200,0,0,40,0.0,0.0,0,0,0.0,0.0,0,0,PortScan
79,1,1,2,6,2,2,2.0,0.0,6,6,6.0,0.0,101265.8228,25316.4557,79.0,0.0,79,79,0,0.0,0.0,0,0,0,0.0,0.0,0,0,0,0,0,0,24,20,12658.22785,12658.22785,2,6,3.333333333,2.309401077,5.333333333,0,0,0,1,0,0,0,0,1,5.0,2.0,6.0,24,0,0,0,0,0,0,1,2,1,6,1024,0,0,24,0.0,0.0,0,0,0.0,0.0,0,0,PortScan
49,1,1,0,6,0,0,0.0,0.0,6,6,6.0,0.0,122448.9796,40816.32653,49.0,0.0,49,49,0,0.0,0.0,0,0,0,0.0,0.0,0,0,0,0,0,0,40,20,20408.16327,20408.16327,0,6,2.0,3.464101615,12.0,0,0,0,1,0,0,0,0,1,3.0,0.0,6.0,40,0,0,0,0,0,0,1,0,1,6,29200,0,0,40,0.0,0.0,0,0,0.0,0.0,0,0,PortScan
44,1,1,2,6,2,2,2.0,0.0,6,6,6.0,0.0,181818.1818,45454.54545,44.0,0.0,44,44,0,0.0,0.0,0,0,0,0.0,0.0,0,0,0,0,0,0,24,20,22727.27273,22727.27273,2,6,3.333333333,2.309401077,5.333333333,0,0,0,1,0,0,0,0,1,5.0,2.0,6.0,24,0,0,0,0,0,0,1,2,1,6,1024,0,0,24,0.0,0.0,0,0,0.0,0.0,0,0,PortScan
15,1,1,2,6,2,2,2.0,0.0,6,6,6.0,0.0,533333.3333,133333.3333,15.0,0.0,15,15,0,0.0,0.0,0,0,0,0.0,0.0,0,0,0,0,0,0,24,20,66666.66667,66666.66667,2,6,3.333333333,2.309401077,5.333333333,0,0,0,1,0,0,0,0,1,5.0,2.0,6.0,24,0,0,0,0,0,0,1,2,1,6,1024,0,0,24,0.0,0.0,0,0,0.0,0.0,0,0,PortScan
42,1,1,2,6,2,2,2.0,0.0,6,6,6.0,0.0,190476.1905,47619.04762,42.0,0.0,42,42,0,0.0,0.0,0,0,0,0.0,0.0,0,0,0,0,0,0,24,20,23809.52381,23809.52381,2,6,3.333333333,2.309401077,5.333333333,0,0,0,1,0,0,0,0,1,5.0,2.0,6.0,24,0,0,0,0,0,0,1,2,1,6,1024,0,0,24,0.0,0.0,0,0,0.0,0.0,0,0,PortScan
43,1,1,2,6,2,2,2.0,0.0,6,6,6.0,0.0,186046.5116,46511.62791,43.0,0.0,43,43,0,0.0,0.0,0,0,0,0.0,0.0,0,0,0,0,0,0,24,20,23255.81395,23255.81395,2,6,3.333333333,2.309401077,5.333333333,0,0,0,1,0,0,0,0,1,5.0,2.0,6.0,24,0,0,0,0,0,0,1,2,1,6,1024,0,0,24,0.0,0.0,0,0,0.0,0.0,0,0,PortScan
97,1,1,0,6,0,0,0.0,0.0,6,6,6.0,0.0,61855.6701,20618.5567,97.0,0.0,97,97,0,0.0,0.0,0,0,0,0.0,0.0,0,0,0,0,0,0,40,20,10309.27835,10309.27835,0,6,2.0,3.464101615,12.0,0,0,0,1,0,0,0,0,1,3.0,0.0,6.0,40,0,0,0,0,0,0,1,0,1,6,29200,0,0,40,0.0,0.0,0,0,0.0,0.0,0,0,PortScan
82,1,1,2,6,2,2,2.0,0.0,6,6,6.0,0.0,97560.97561,24390.2439,82.0,0.0,82,82,0,0.0,0.0,0,0,0,0.0,0.0,0,0,0,0,0,0,24,20,12195.12195,12195.12195,2,6,3.333333333,2.309401077,5.333333333,0,0,0,1,0,0,0,0,1,5.0,2.0,6.0,24,0,0,0,0,0,0,1,2,1,6,1024,0,0,24,0.0,0.0,0,0,0.0,0.0,0,0,PortScan
50,1,1,2,6,2,2,2.0,0.0,6,6,6.0,0.0,160000.0,40000.0,50.0,0.0,50,50,0,0.0,0.0,0,0,0,0.0,0.0,0,0,0,0,0,0,24,20,20000.0,20000.0,2,6,3.333333333,2.309401077,5.333333333,0,0,0,1,0,0,0,0,1,5.0,2.0,6.0,24,0,0,0,0,0,0,1,2,1,6,1024,0,0,24,0.0,0.0,0,0,0.0,0.0,0,0,PortScan
48,1,1,2,6,2,2,2.0,0.0,6,6,6.0,0.0,166666.6667,41666.66667,48.0,0.0,48,48,0,0.0,0.0,0,0,0,0.0,0.0,0,0,0,0,0,0,24,20,20833.33333,20833.33333,2,6,3.333333333,2.309401077,5.333333333,0,0,0,1,0,0,0,0,1,5.0,2.0,6.0,24,0,0,0,0,0,0,1,2,1,6,1024,0,0,24,0.0,0.0,0,0,0.0,0.0,0,0,PortScan
51,1,1,0,6,0,0,0.0,0.0,6,6,6.0,0.0,117647.0588,39215.68627,51.0,0.0,51,51,0,0.0,0.0,0,0,0,0.0,0.0,0,0,0,0,0,0,40,20,19607.84314,19607.84314,0,6,2.0,3.464101615,12.0,0,0,0,1,0,0,0,0,1,3.0,0.0,6.0,40,0,0,0,0,0,0,1,0,1,6,29200,0,0,40,0.0,0.0,0,0,0.0,0.0,0,0,PortScan
45,1,1,2,6,2,2,2.0,0.0,6,6,6.0,0.0,177777.7778,44444.44444,45.0,0.0,45,45,0,0.0,0.0,0,0,0,0.0,0.0,0,0,0,0,0,0,24,20,22222.22222,22222.22222,2,6,3.333333333,2.309401077,5.333333333,0,0,0,1,0,0,0,0,1,5.0,2.0,6.0,24,0,0,0,0,0,0,1,2,1,6,1024,0,0,24,0.0,0.0,0,0,0.0,0.0,0,0,PortScan
43,1,1,2,6,2,2,2.0,0.0,6,6,6.0,0.0,186046.5116,46511.62791,43.0,0.0,43,43,0,0.0,0.0,0,0,0,0.0,0.0,0,0,0,0,0,0,24,20,23255.81395,23255.81395,2,6,3.333333333,2.309401077,5.333333333,0,0,0,1,0,0,0,0,1,5.0,2.0,6.0,24,0,0,0,0,0,0,1,2,1,6,1024,0,0,24,0.0,0.0,0,0,0.0,0.0,0,0,PortScan
42,1,1,2,6,2,2,2.0,0.0,6,6,6.0,0.0,190476.1905,47619.04762,42.0,0.0,42,42,0,0.0,0.0,0,0,0,0.0,0.0,0,0,0,0,0,0,24,20,23809.52381,23809.52381,2,6,3.333333333,2.309401077,5.333333333,0,0,0,1,0,0,0,0,1,5.0,2.0,6.0,24,0,0,0,0,0,0,1,2,1,6,1024,0,0,24,0.0,0.0,0,0,0.0,0.0,0,0,PortScan
42,1,1,0,6,0,0,0.0,0.0,6,6,6.0,0.0,142857.1429,47619.04762,42.0,0.0,42,42,0,0.0,0.0,0,0,0,0.0,0.0,0,0,0,0,0,0,40,20,23809.52381,23809.52381,0,6,2.0,3.464101615,12.0,0,0,0,1,0,0,0,0,1,3.0,0.0,6.0,40,0,0,0,0,0,0,1,0,1,6,29200,0,0,40,0.0,0.0,0,0,0.0,0.0,0,0,PortScan
61,1,1,0,6,0,0,0.0,0.0,6,6,6.0,0.0,98360.65574,32786.88525,61.0,0.0,61,61,0,0.0,0.0,0,0,0,0.0,0.0,0,0,0,0,0,0,40,20,16393.442619999998,16393.442619999998,0,6,2.0,3.464101615,12.0,0,0,0,1,0,0,0,0,1,3.0,0.0,6.0,40,0,0,0,0,0,0,1,0,1,6,29200,0,0,40,0.0,0.0,0,0,0.0,0.0,0,0,PortScan
45,1,1,0,6,0,0,0.0,0.0,6,6,6.0,0.0,133333.3333,44444.44444,45.0,0.0,45,45,0,0.0,0.0,0,0,0,0.0,0.0,0,0,0,0,0,0,40,20,22222.22222,22222.22222,0,6,2.0,3.464101615,12.0,0,0,0,1,0,0,0,0,1,3.0,0.0,6.0,40,0,0,0,0,0,0,1,0,1,6,29200,0,0,40,0.0,0.0,0,0,0.0,0.0,0,0,PortScan
45,1,1,2,6,2,2,2.0,0.0,6,6,6.0,0.0,177777.7778,44444.44444,45.0,0.0,45,45,0,0.0,0.0,0,0,0,0.0,0.0,0,0,0,0,0,0,24,20,22222.22222,22222.22222,2,6,3.333333333,2.309401077,5.333333333,0,0,0,1,0,0,0,0,1,5.0,2.0,6.0,24,0,0,0,0,0,0,1,2,1,6,1024,0,0,24,0.0,0.0,0,0,0.0,0.0,0,0,PortScan
48,1,1,2,6,2,2,2.0,0.0,6,6,6.0,0.0,166666.6667,41666.66667,48.0,0.0,48,48,0,0.0,0.0,0,0,0,0.0,0.0,0,0,0,0,0,0,24,20,20833.33333,20833.33333,2,6,3.333333333,2.309401077,5.333333333,0,0,0,1,0,0,0,0,1,5.0,2.0,6.0,24,0,0,0,0,0,0,1,2,1,6,1024,0,0,24,0.0,0.0,0,0,0.0,0.0,0,0,PortScan
50,1,1,2,6,2,2,2.0,0.0,6,6,6.0,0.0,160000.0,40000.0,50.0,0.0,50,50,0,0.0,0.0,0,0,0,0.0,0.0,0,0,0,0,0,0,24,20,20000.0,20000.0,2,6,3.333333333,2.309401077,5.333333333,0,0,0,1,0,0,0,0,1,5.0,2.0,6.0,24,0,0,0,0,0,0,1,2,1,6,1024,0,0,24,0.0,0.0,0,0,0.0,0.0,0,0,PortScan
12,1,1,2,6,2,2,2.0,0.0,6,6,6.0,0.0,666666.6667,166666.6667,12.0,0.0,12,12,0,0.0,0.0,0,0,0,0.0,0.0,0,0,0,0,0,0,24,20,83333.33333,83333.33333,2,6,3.333333333,2.309401077,5.333333333,0,0,0,1,0,0,0,0,1,5.0,2.0,6.0,24,0,0,0,0,0,0,1,2,1,6,1024,0,0,24,0.0,0.0,0,0,0.0,0.0,0,0,PortScan
59,1,1,2,6,2,2,2.0,0.0,6,6,6.0,0.0,135593.2203,33898.30508,59.0,0.0,59,59,0,0.0,0.0,0,0,0,0.0,0.0,0,0,0,0,0,0,24,20,16949.15254,16949.15254,2,6,3.333333333,2.309401077,5.333333333,0,0,0,1,0,0,0,0,1,5.0,2.0,6.0,24,0,0,0,0,0,0,1,2,1,6,1024,0,0,24,0.0,0.0,0,0,0.0,0.0,0,0,PortScan
27,1,1,0,6,0,0,0.0,0.0,6,6,6.0,0.0,222222.2222,74074.07407,27.0,0.0,27,27,0,0.0,0.0,0,0,0,0.0,0.0,0,0,0,0,0,0,40,20,37037.03704,37037.03704,0,6,2.0,3.464101615,12.0,0,0,0,1,0,0,0,0,1,3.0,0.0,6.0,40,0,0,0,0,0,0,1,0,1,6,29200,0,0,40,0.0,0.0,0,0,0.0,0.0,0,0,PortScan
48,1,1,2,6,2,2,2.0,0.0,6,6,6.0,0.0,166666.6667,41666.66667,48.0,0.0,48,48,0,0.0,0.0,0,0,0,0.0,0.0,0,0,0,0,0,0,24,20,20833.33333,20833.33333,2,6,3.333333333,2.309401077,5.333333333,0,0,0,1,0,0,0,0,1,5.0,2.0,6.0,24,0,0,0,0,0,0,1,2,1,6,1024,0,0,24,0.0,0.0,0,0,0.0,0.0,0,0,PortScan
31,1,1,0,6,0,0,0.0,0.0,6,6,6.0,0.0,193548.3871,64516.12903,31.0,0.0,31,31,0,0.0,0.0,0,0,0,0.0,0.0,0,0,0,0,0,0,40,20,32258.06452,32258.06452,0,6,2.0,3.464101615,12.0,0,0,0,1,0,0,0,0,1,3.0,0.0,6.0,40,0,0,0,0,0,0,1,0,1,6,29200,0,0,40,0.0,0.0,0,0,0.0,0.0,0,0,PortScan
62,1,1,0,6,0,0,0.0,0.0,6,6,6.0,0.0,96774.19355,32258.06452,62.0,0.0,62,62,0,0.0,0.0,0,0,0,0.0,0.0,0,0,0,0,0,0,40,20,16129.03226,16129.03226,0,6,2.0,3.464101615,12.0,0,0,0,1,0,0,0,0,1,3.0,0.0,6.0,40,0,0,0,0,0,0,1,0,1,6,29200,0,0,40,0.0,0.0,0,0,0.0,0.0,0,0,PortScan
54,1,1,0,6,0,0,0.0,0.0,6,6,6.0,0.0,111111.1111,37037.03704,54.0,0.0,54,54,0,0.0,0.0,0,0,0,0.0,0.0,0,0,0,0,0,0,40,20,18518.51852,18518.51852,0,6,2.0,3.464101615,12.0,0,0,0,1,0,0,0,0,1,3.0,0.0,6.0,40,0,0,0,0,0,0,1,0,1,6,29200,0,0,40,0.0,0.0,0,0,0.0,0.0,0,0,PortScan
48,1,1,2,6,2,2,2.0,0.0,6,6,6.0,0.0,166666.6667,41666.66667,48.0,0.0,48,48,0,0.0,0.0,0,0,0,0.0,0.0,0,0,0,0,0,0,24,20,20833.33333,20833.33333,2,6,3.333333333,2.309401077,5.333333333,0,0,0,1,0,0,0,0,1,5.0,2.0,6.0,24,0,0,0,0,0,0,1,2,1,6,1024,0,0,24,0.0,0.0,0,0,0.0,0.0,0,0,PortScan
43,1,1,0,6,0,0,0.0,0.0,6,6,6.0,0.0,139534.8837,46511.62791,43.0,0.0,43,43,0,0.0,0.0,0,0,0,0.0,0.0,0,0,0,0,0,0,40,20,23255.81395,23255.81395,0,6,2.0,3.464101615,12.0,0,0,0,1,0,0,0,0,1,3.0,0.0,6.0,40,0,0,0,0,0,0,1,0,1,6,29200,0,0,40,0.0,0.0,0,0,0.0,0.0,0,0,PortScan
49,1,1,0,6,0,0,0.0,0.0,6,6,6.0,0.0,122448.9796,40816.32653,49.0,0.0,49,49,0,0.0,0.0,0,0,0,0.0,0.0,0,0,0,0,0,0,40,20,20408.16327,20408.16327,0,6,2.0,3.464101615,12.0,0,0,0,1,0,0,0,0,1,3.0,0.0,6.0,40,0,0,0,0,0,0,1,0,1,6,29200,0,0,40,0.0,0.0,0,0,0.0,0.0,0,0,PortScan
81,1,1,0,6,0,0,0.0,0.0,6,6,6.0,0.0,74074.07407,24691.35802,81.0,0.0,81,81,0,0.0,0.0,0,0,0,0.0,0.0,0,0,0,0,0,0,40,20,12345.67901,12345.67901,0,6,2.0,3.464101615,12.0,0,0,0,1,0,0,0,0,1,3.0,0.0,6.0,40,0,0,0,0,0,0,1,0,1,6,29200,0,0,40,0.0,0.0,0,0,0.0,0.0,0,0,PortScan
72,1,1,0,6,0,0,0.0,0.0,6,6,6.0,0.0,83333.33333,27777.77778,72.0,0.0,72,72,0,0.0,0.0,0,0,0,0.0,0.0,0,0,0,0,0,0,40,20,13888.88889,13888.88889,0,6,2.0,3.464101615,12.0,0,0,0,1,0,0,0,0,1,3.0,0.0,6.0,40,0,0,0,0,0,0,1,0,1,6,29200,0,0,40,0.0,0.0,0,0,0.0,0.0,0,0,PortScan
78,1,1,0,6,0,0,0.0,0.0,6,6,6.0,0.0,76923.07692,25641.02564,78.0,0.0,78,78,0,0.0,0.0,0,0,0,0.0,0.0,0,0,0,0,0,0,40,20,12820.51282,12820.51282,0,6,2.0,3.464101615,12.0,0,0,0,1,0,0,0,0,1,3.0,0.0,6.0,40,0,0,0,0,0,0,1,0,1,6,29200,0,0,40,0.0,0.0,0,0,0.0,0.0,0,0,PortScan
71,1,1,2,6,2,2,2.0,0.0,6,6,6.0,0.0,112676.0563,28169.01408,71.0,0.0,71,71,0,0.0,0.0,0,0,0,0.0,0.0,0,0,0,0,0,0,24,20,14084.50704,14084.50704,2,6,3.333333333,2.309401077,5.333333333,0,0,0,1,0,0,0,0,1,5.0,2.0,6.0,24,0,0,0,0,0,0,1,2,1,6,1024,0,0,24,0.0,0.0,0,0,0.0,0.0,0,0,PortScan
36,1,1,0,6,0,0,0.0,0.0,6,6,6.0,0.0,166666.6667,55555.55556,36.0,0.0,36,36,0,0.0,0.0,0,0,0,0.0,0.0,0,0,0,0,0,0,40,20,27777.77778,27777.77778,0,6,2.0,3.464101615,12.0,0,0,0,1,0,0,0,0,1,3.0,0.0,6.0,40,0,0,0,0,0,0,1,0,1,6,29200,0,0,40,0.0,0.0,0,0,0.0,0.0,0,0,PortScan
54,1,1,0,6,0,0,0.0,0.0,6,6,6.0,0.0,111111.1111,37037.03704,54.0,0.0,54,54,0,0.0,0.0,0,0,0,0.0,0.0,0,0,0,0,0,0,40,20,18518.51852,18518.51852,0,6,2.0,3.464101615,12.0,0,0,0,1,0,0,0,0,1,3.0,0.0,6.0,40,0,0,0,0,0,0,1,0,1,6,29200,0,0,40,0.0,0.0,0,0,0.0,0.0,0,0,PortScan
8,1,1,2,6,2,2,2.0,0.0,6,6,6.0,0.0,1000000.0,250000.0,8.0,0.0,8,8,0,0.0,0.0,0,0,0,0.0,0.0,0,0,0,0,0,0,24,20,125000.0,125000.0,2,6,3.333333333,2.309401077,5.333333333,0,0,0,1,0,0,0,0,1,5.0,2.0,6.0,24,0,0,0,0,0,0,1,2,1,6,1024,0,0,24,0.0,0.0,0,0,0.0,0.0,0,0,PortScan
27,1,1,0,6,0,0,0.0,0.0,6,6,6.0,0.0,222222.2222,74074.07407,27.0,0.0,27,27,0,0.0,0.0,0,0,0,0.0,0.0,0,0,0,0,0,0,40,20,37037.03704,37037.03704,0,6,2.0,3.464101615,12.0,0,0,0,1,0,0,0,0,1,3.0,0.0,6.0,40,0,0,0,0,0,0,1,0,1,6,29200,0,0,40,0.0,0.0,0,0,0.0,0.0,0,0,PortScan
44,1,1,2,6,2,2,2.0,0.0,6,6,6.0,0.0,181818.1818,45454.54545,44.0,0.0,44,44,0,0.0,0.0,0,0,0,0.0,0.0,0,0,0,0,0,0,24,20,22727.27273,22727.27273,2,6,3.333333333,2.309401077,5.333333333,0,0,0,1,0,0,0,0,1,5.0,2.0,6.0,24,0,0,0,0,0,0,1,2,1,6,1024,0,0,24,0.0,0.0,0,0,0.0,0.0,0,0,PortScan
67,1,1,2,6,2,2,2.0,0.0,6,6,6.0,0.0,119402.9851,29850.74627,67.0,0.0,67,67,0,0.0,0.0,0,0,0,0.0,0.0,0,0,0,0,0,0,24,20,14925.373130000002,14925.373130000002,2,6,3.333333333,2.309401077,5.333333333,0,0,0,1,0,0,0,0,1,5.0,2.0,6.0,24,0,0,0,0,0,0,1,2,1,6,1024,0,0,24,0.0,0.0,0,0,0.0,0.0,0,0,PortScan
94,1,1,2,6,2,2,2.0,0.0,6,6,6.0,0.0,85106.38298,21276.59574,94.0,0.0,94,94,0,0.0,0.0,0,0,0,0.0,0.0,0,0,0,0,0,0,24,20,10638.29787,10638.29787,2,6,3.333333333,2.309401077,5.333333333,0,0,0,1,0,0,0,0,1,5.0,2.0,6.0,24,0,0,0,0,0,0,1,2,1,6,1024,0,0,24,0.0,0.0,0,0,0.0,0.0,0,0,PortScan
49,1,1,2,6,2,2,2.0,0.0,6,6,6.0,0.0,163265.3061,40816.32653,49.0,0.0,49,49,0,0.0,0.0,0,0,0,0.0,0.0,0,0,0,0,0,0,24,20,20408.16327,20408.16327,2,6,3.333333333,2.309401077,5.333333333,0,0,0,1,0,0,0,0,1,5.0,2.0,6.0,24,0,0,0,0,0,0,1,2,1,6,1024,0,0,24,0.0,0.0,0,0,0.0,0.0,0,0,PortScan
42,1,1,2,6,2,2,2.0,0.0,6,6,6.0,0.0,190476.1905,47619.04762,42.0,0.0,42,42,0,0.0,0.0,0,0,0,0.0,0.0,0,0,0,0,0,0,24,20,23809.52381,23809.52381,2,6,3.333333333,2.309401077,5.333333333,0,0,0,1,0,0,0,0,1,5.0,2.0,6.0,24,0,0,0,0,0,0,1,2,1,6,1024,0,0,24,0.0,0.0,0,0,0.0,0.0,0,0,PortScan
43,1,1,2,6,2,2,2.0,0.0,6,6,6.0,0.0,186046.5116,46511.62791,43.0,0.0,43,43,0,0.0,0.0,0,0,0,0.0,0.0,0,0,0,0,0,0,24,20,23255.81395,23255.81395,2,6,3.333333333,2.309401077,5.333333333,0,0,0,1,0,0,0,0,1,5.0,2.0,6.0,24,0,0,0,0,0,0,1,2,1,6,1024,0,0,24,0.0,0.0,0,0,0.0,0.0,0,0,PortScan
46,1,1,0,6,0,0,0.0,0.0,6,6,6.0,0.0,130434.7826,43478.26087,46.0,0.0,46,46,0,0.0,0.0,0,0,0,0.0,0.0,0,0,0,0,0,0,40,20,21739.13043,21739.13043,0,6,2.0,3.464101615,12.0,0,0,0,1,0,0,0,0,1,3.0,0.0,6.0,40,0,0,0,0,0,0,1,0,1,6,29200,0,0,40,0.0,0.0,0,0,0.0,0.0,0,0,PortScan
43,1,1,2,6,2,2,2.0,0.0,6,6,6.0,0.0,186046.5116,46511.62791,43.0,0.0,43,43,0,0.0,0.0,0,0,0,0.0,0.0,0,0,0,0,0,0,24,20,23255.81395,23255.81395,2,6,3.333333333,2.309401077,5.333333333,0,0,0,1,0,0,0,0,1,5.0,2.0,6.0,24,0,0,0,0,0,0,1,2,1,6,1024,0,0,24,0.0,0.0,0,0,0.0,0.0,0,0,PortScan
42,1,1,0,6,0,0,0.0,0.0,6,6,6.0,0.0,142857.1429,47619.04762,42.0,0.0,42,42,0,0.0,0.0,0,0,0,0.0,0.0,0,0,0,0,0,0,40,20,23809.52381,23809.52381,0,6,2.0,3.464101615,12.0,0,0,0,1,0,0,0,0,1,3.0,0.0,6.0,40,0,0,0,0,0,0,1,0,1,6,29200,0,0,40,0.0,0.0,0,0,0.0,0.0,0,0,PortScan
40,1,1,0,6,0,0,0.0,0.0,6,6,6.0,0.0,150000.0,50000.0,40.0,0.0,40,40,0,0.0,0.0,0,0,0,0.0,0.0,0,0,0,0,0,0,40,20,25000.0,25000.0,0,6,2.0,3.464101615,12.0,0,0,0,1,0,0,0,0,1,3.0,0.0,6.0,40,0,0,0,0,0,0,1,0,1,6,29200,0,0,40,0.0,0.0,0,0,0.0,0.0,0,0,PortScan
56,1,1,0,6,0,0,0.0,0.0,6,6,6.0,0.0,107142.8571,35714.285710000004,56.0,0.0,56,56,0,0.0,0.0,0,0,0,0.0,0.0,0,0,0,0,0,0,40,20,17857.14286,17857.14286,0,6,2.0,3.464101615,12.0,0,0,0,1,0,0,0,0,1,3.0,0.0,6.0,40,0,0,0,0,0,0,1,0,1,6,29200,0,0,40,0.0,0.0,0,0,0.0,0.0,0,0,PortScan
62,1,1,2,6,2,2,2.0,0.0,6,6,6.0,0.0,129032.2581,32258.06452,62.0,0.0,62,62,0,0.0,0.0,0,0,0,0.0,0.0,0,0,0,0,0,0,24,20,16129.03226,16129.03226,2,6,3.333333333,2.309401077,5.333333333,0,0,0,1,0,0,0,0,1,5.0,2.0,6.0,24,0,0,0,0,0,0,1,2,1,6,1024,0,0,24,0.0,0.0,0,0,0.0,0.0,0,0,PortScan
64,1,1,0,6,0,0,0.0,0.0,6,6,6.0,0.0,93750.0,31250.0,64.0,0.0,64,64,0,0.0,0.0,0,0,0,0.0,0.0,0,0,0,0,0,0,40,20,15625.0,15625.0,0,6,2.0,3.464101615,12.0,0,0,0,1,0,0,0,0,1,3.0,0.0,6.0,40,0,0,0,0,0,0,1,0,1,6,29200,0,0,40,0.0,0.0,0,0,0.0,0.0,0,0,PortScan
52,1,1,0,6,0,0,0.0,0.0,6,6,6.0,0.0,115384.6154,38461.53846,52.0,0.0,52,52,0,0.0,0.0,0,0,0,0.0,0.0,0,0,0,0,0,0,40,20,19230.76923,19230.76923,0,6,2.0,3.464101615,12.0,0,0,0,1,0,0,0,0,1,3.0,0.0,6.0,40,0,0,0,0,0,0,1,0,1,6,29200,0,0,40,0.0,0.0,0,0,0.0,0.0,0,0,PortScan
35,1,1,0,6,0,0,0.0,0.0,6,6,6.0,0.0,171428.5714,57142.85714,35.0,0.0,35,35,0,0.0,0.0,0,0,0,0.0,0.0,0,0,0,0,0,0,40,20,28571.42857,28571.42857,0,6,2.0,3.464101615,12.0,0,0,0,1,0,0,0,0,1,3.0,0.0,6.0,40,0,0,0,0,0,0,1,0,1,6,29200,0,0,40,0.0,0.0,0,0,0.0,0.0,0,0,PortScan
61,1,1,0,6,0,0,0.0,0.0,6,6,6.0,0.0,98360.65574,32786.88525,61.0,0.0,61,61,0,0.0,0.0,0,0,0,0.0,0.0,0,0,0,0,0,0,40,20,16393.442619999998,16393.442619999998,0,6,2.0,3.464101615,12.0,0,0,0,1,0,0,0,0,1,3.0,0.0,6.0,40,0,0,0,0,0,0,1,0,1,6,29200,0,0,40,0.0,0.0,0,0,0.0,0.0,0,0,PortScan
44,1,1,2,6,2,2,2.0,0.0,6,6,6.0,0.0,181818.1818,45454.54545,44.0,0.0,44,44,0,0.0,0.0,0,0,0,0.0,0.0,0,0,0,0,0,0,24,20,22727.27273,22727.27273,2,6,3.333333333,2.309401077,5.333333333,0,0,0,1,0,0,0,0,1,5.0,2.0,6.0,24,0,0,0,0,0,0,1,2,1,6,1024,0,0,24,0.0,0.0,0,0,0.0,0.0,0,0,PortScan
57,1,1,2,6,2,2,2.0,0.0,6,6,6.0,0.0,140350.8772,35087.7193,57.0,0.0,57,57,0,0.0,0.0,0,0,0,0.0,0.0,0,0,0,0,0,0,24,20,17543.85965,17543.85965,2,6,3.333333333,2.309401077,5.333333333,0,0,0,1,0,0,0,0,1,5.0,2.0,6.0,24,0,0,0,0,0,0,1,2,1,6,1024,0,0,24,0.0,0.0,0,0,0.0,0.0,0,0,PortScan
19,1,1,0,6,0,0,0.0,0.0,6,6,6.0,0.0,315789.4737,105263.1579,19.0,0.0,19,19,0,0.0,0.0,0,0,0,0.0,0.0,0,0,0,0,0,0,40,20,52631.57895,52631.57895,0,6,2.0,3.464101615,12.0,0,0,0,1,0,0,0,0,1,3.0,0.0,6.0,40,0,0,0,0,0,0,1,0,1,6,29200,0,0,40,0.0,0.0,0,0,0.0,0.0,0,0,PortScan
101,1,1,2,6,2,2,2.0,0.0,6,6,6.0,0.0,79207.92079,19801.9802,101.0,0.0,101,101,0,0.0,0.0,0,0,0,0.0,0.0,0,0,0,0,0,0,24,20,9900.990099,9900.990099,2,6,3.333333333,2.309401077,5.333333333,0,0,0,1,0,0,0,0,1,5.0,2.0,6.0,24,0,0,0,0,0,0,1,2,1,6,1024,0,0,24,0.0,0.0,0,0,0.0,0.0,0,0,PortScan
72,1,1,2,6,2,2,2.0,0.0,6,6,6.0,0.0,111111.1111,27777.77778,72.0,0.0,72,72,0,0.0,0.0,0,0,0,0.0,0.0,0,0,0,0,0,0,24,20,13888.88889,13888.88889,2,6,3.333333333,2.309401077,5.333333333,0,0,0,1,0,0,0,0,1,5.0,2.0,6.0,24,0,0,0,0,0,0,1,2,1,6,1024,0,0,24,0.0,0.0,0,0,0.0,0.0,0,0,PortScan
82,1,1,0,6,0,0,0.0,0.0,6,6,6.0,0.0,73170.73171000001,24390.2439,82.0,0.0,82,82,0,0.0,0.0,0,0,0,0.0,0.0,0,0,0,0,0,0,40,20,12195.12195,12195.12195,0,6,2.0,3.464101615,12.0,0,0,0,1,0,0,0,0,1,3.0,0.0,6.0,40,0,0,0,0,0,0,1,0,1,6,29200,0,0,40,0.0,0.0,0,0,0.0,0.0,0,0,PortScan
43,1,1,2,6,2,2,2.0,0.0,6,6,6.0,0.0,186046.5116,46511.62791,43.0,0.0,43,43,0,0.0,0.0,0,0,0,0.0,0.0,0,0,0,0,0,0,24,20,23255.81395,23255.81395,2,6,3.333333333,2.309401077,5.333333333,0,0,0,1,0,0,0,0,1,5.0,2.0,6.0,24,0,0,0,0,0,0,1,2,1,6,1024,0,0,24,0.0,0.0,0,0,0.0,0.0,0,0,PortScan
44,1,1,0,6,0,0,0.0,0.0,6,6,6.0,0.0,136363.6364,45454.54545,44.0,0.0,44,44,0,0.0,0.0,0,0,0,0.0,0.0,0,0,0,0,0,0,40,20,22727.27273,22727.27273,0,6,2.0,3.464101615,12.0,0,0,0,1,0,0,0,0,1,3.0,0.0,6.0,40,0,0,0,0,0,0,1,0,1,6,29200,0,0,40,0.0,0.0,0,0,0.0,0.0,0,0,PortScan
70,1,1,2,6,2,2,2.0,0.0,6,6,6.0,0.0,114285.7143,28571.42857,70.0,0.0,70,70,0,0.0,0.0,0,0,0,0.0,0.0,0,0,0,0,0,0,24,20,14285.71429,14285.71429,2,6,3.333333333,2.309401077,5.333333333,0,0,0,1,0,0,0,0,1,5.0,2.0,6.0,24,0,0,0,0,0,0,1,2,1,6,1024,0,0,24,0.0,0.0,0,0,0.0,0.0,0,0,PortScan
44,1,1,2,6,2,2,2.0,0.0,6,6,6.0,0.0,181818.1818,45454.54545,44.0,0.0,44,44,0,0.0,0.0,0,0,0,0.0,0.0,0,0,0,0,0,0,24,20,22727.27273,22727.27273,2,6,3.333333333,2.309401077,5.333333333,0,0,0,1,0,0,0,0,1,5.0,2.0,6.0,24,0,0,0,0,0,0,1,2,1,6,1024,0,0,24,0.0,0.0,0,0,0.0,0.0,0,0,PortScan
55,1,1,2,6,2,2,2.0,0.0,6,6,6.0,0.0,145454.5455,36363.63636,55.0,0.0,55,55,0,0.0,0.0,0,0,0,0.0,0.0,0,0,0,0,0,0,24,20,18181.81818,18181.81818,2,6,3.333333333,2.309401077,5.333333333,0,0,0,1,0,0,0,0,1,5.0,2.0,6.0,24,0,0,0,0,0,0,1,2,1,6,1024,0,0,24,0.0,0.0,0,0,0.0,0.0,0,0,PortScan
89,1,1,2,6,2,2,2.0,0.0,6,6,6.0,0.0,89887.64045,22471.91011,89.0,0.0,89,89,0,0.0,0.0,0,0,0,0.0,0.0,0,0,0,0,0,0,24,20,11235.95506,11235.95506,2,6,3.333333333,2.309401077,5.333333333,0,0,0,1,0,0,0,0,1,5.0,2.0,6.0,24,0,0,0,0,0,0,1,2,1,6,1024,0,0,24,0.0,0.0,0,0,0.0,0.0,0,0,PortScan
46,1,1,0,6,0,0,0.0,0.0,6,6,6.0,0.0,130434.7826,43478.26087,46.0,0.0,46,46,0,0.0,0.0,0,0,0,0.0,0.0,0,0,0,0,0,0,40,20,21739.13043,21739.13043,0,6,2.0,3.464101615,12.0,0,0,0,1,0,0,0,0,1,3.0,0.0,6.0,40,0,0,0,0,0,0,1,0,1,6,29200,0,0,40,0.0,0.0,0,0,0.0,0.0,0,0,PortScan
17,1,1,2,6,2,2,2.0,0.0,6,6,6.0,0.0,470588.2353,117647.0588,17.0,0.0,17,17,0,0.0,0.0,0,0,0,0.0,0.0,0,0,0,0,0,0,24,20,58823.52941,58823.52941,2,6,3.333333333,2.309401077,5.333333333,0,0,0,1,0,0,0,0,1,5.0,2.0,6.0,24,0,0,0,0,0,0,1,2,1,6,1024,0,0,24,0.0,0.0,0,0,0.0,0.0,0,0,PortScan
62,1,1,2,6,2,2,2.0,0.0,6,6,6.0,0.0,129032.2581,32258.06452,62.0,0.0,62,62,0,0.0,0.0,0,0,0,0.0,0.0,0,0,0,0,0,0,24,20,16129.03226,16129.03226,2,6,3.333333333,2.309401077,5.333333333,0,0,0,1,0,0,0,0,1,5.0,2.0,6.0,24,0,0,0,0,0,0,1,2,1,6,1024,0,0,24,0.0,0.0,0,0,0.0,0.0,0,0,PortScan
62,1,1,2,6,2,2,2.0,0.0,6,6,6.0,0.0,129032.2581,32258.06452,62.0,0.0,62,62,0,0.0,0.0,0,0,0,0.0,0.0,0,0,0,0,0,0,24,20,16129.03226,16129.03226,2,6,3.333333333,2.309401077,5.333333333,0,0,0,1,0,0,0,0,1,5.0,2.0,6.0,24,0,0,0,0,0,0,1,2,1,6,1024,0,0,24,0.0,0.0,0,0,0.0,0.0,0,0,PortScan
79,1,1,0,6,0,0,0.0,0.0,6,6,6.0,0.0,75949.36709,25316.4557,79.0,0.0,79,79,0,0.0,0.0,0,0,0,0.0,0.0,0,0,0,0,0,0,40,20,12658.22785,12658.22785,0,6,2.0,3.464101615,12.0,0,0,0,1,0,0,0,0,1,3.0,0.0,6.0,40,0,0,0,0,0,0,1,0,1,6,29200,0,0,40,0.0,0.0,0,0,0.0,0.0,0,0,PortScan
49,1,1,2,6,2,2,2.0,0.0,6,6,6.0,0.0,163265.3061,40816.32653,49.0,0.0,49,49,0,0.0,0.0,0,0,0,0.0,0.0,0,0,0,0,0,0,24,20,20408.16327,20408.16327,2,6,3.333333333,2.309401077,5.333333333,0,0,0,1,0,0,0,0,1,5.0,2.0,6.0,24,0,0,0,0,0,0,1,2,1,6,1024,0,0,24,0.0,0.0,0,0,0.0,0.0,0,0,PortScan
76,1,1,2,6,2,2,2.0,0.0,6,6,6.0,0.0,105263.1579,26315.78947,76.0,0.0,76,76,0,0.0,0.0,0,0,0,0.0,0.0,0,0,0,0,0,0,24,20,13157.89474,13157.89474,2,6,3.333333333,2.309401077,5.333333333,0,0,0,1,0,0,0,0,1,5.0,2.0,6.0,24,0,0,0,0,0,0,1,2,1,6,1024,0,0,24,0.0,0.0,0,0,0.0,0.0,0,0,PortScan
82,1,1,0,6,0,0,0.0,0.0,6,6,6.0,0.0,73170.73171000001,24390.2439,82.0,0.0,82,82,0,0.0,0.0,0,0,0,0.0,0.0,0,0,0,0,0,0,40,20,12195.12195,12195.12195,0,6,2.0,3.464101615,12.0,0,0,0,1,0,0,0,0,1,3.0,0.0,6.0,40,0,0,0,0,0,0,1,0,1,6,29200,0,0,40,0.0,0.0,0,0,0.0,0.0,0,0,PortScan
43,1,1,2,6,2,2,2.0,0.0,6,6,6.0,0.0,186046.5116,46511.62791,43.0,0.0,43,43,0,0.0,0.0,0,0,0,0.0,0.0,0,0,0,0,0,0,24,20,23255.81395,23255.81395,2,6,3.333333333,2.309401077,5.333333333,0,0,0,1,0,0,0,0,1,5.0,2.0,6.0,24,0,0,0,0,0,0,1,2,1,6,1024,0,0,24,0.0,0.0,0,0,0.0,0.0,0,0,PortScan
63,1,1,2,6,2,2,2.0,0.0,6,6,6.0,0.0,126984.127,31746.03175,63.0,0.0,63,63,0,0.0,0.0,0,0,0,0.0,0.0,0,0,0,0,0,0,24,20,15873.01587,15873.01587,2,6,3.333333333,2.309401077,5.333333333,0,0,0,1,0,0,0,0,1,5.0,2.0,6.0,24,0,0,0,0,0,0,1,2,1,6,1024,0,0,24,0.0,0.0,0,0,0.0,0.0,0,0,PortScan
45,1,1,0,6,0,0,0.0,0.0,6,6,6.0,0.0,133333.3333,44444.44444,45.0,0.0,45,45,0,0.0,0.0,0,0,0,0.0,0.0,0,0,0,0,0,0,40,20,22222.22222,22222.22222,0,6,2.0,3.464101615,12.0,0,0,0,1,0,0,0,0,1,3.0,0.0,6.0,40,0,0,0,0,0,0,1,0,1,6,29200,0,0,40,0.0,0.0,0,0,0.0,0.0,0,0,PortScan
45,1,1,2,6,2,2,2.0,0.0,6,6,6.0,0.0,177777.7778,44444.44444,45.0,0.0,45,45,0,0.0,0.0,0,0,0,0.0,0.0,0,0,0,0,0,0,24,20,22222.22222,22222.22222,2,6,3.333333333,2.309401077,5.333333333,0,0,0,1,0,0,0,0,1,5.0,2.0,6.0,24,0,0,0,0,0,0,1,2,1,6,1024,0,0,24,0.0,0.0,0,0,0.0,0.0,0,0,PortScan
44,1,1,2,6,2,2,2.0,0.0,6,6,6.0,0.0,181818.1818,45454.54545,44.0,0.0,44,44,0,0.0,0.0,0,0,0,0.0,0.0,0,0,0,0,0,0,24,20,22727.27273,22727.27273,2,6,3.333333333,2.309401077,5.333333333,0,0,0,1,0,0,0,0,1,5.0,2.0,6.0,24,0,0,0,0,0,0,1,2,1,6,1024,0,0,24,0.0,0.0,0,0,0.0,0.0,0,0,PortScan
31,1,1,0,6,0,0,0.0,0.0,6,6,6.0,0.0,193548.3871,64516.12903,31.0,0.0,31,31,0,0.0,0.0,0,0,0,0.0,0.0,0,0,0,0,0,0,40,20,32258.06452,32258.06452,0,6,2.0,3.464101615,12.0,0,0,0,1,0,0,0,0,1,3.0,0.0,6.0,40,0,0,0,0,0,0,1,0,1,6,29200,0,0,40,0.0,0.0,0,0,0.0,0.0,0,0,PortScan
30,1,1,2,6,2,2,2.0,0.0,6,6,6.0,0.0,266666.6667,66666.66667,30.0,0.0,30,30,0,0.0,0.0,0,0,0,0.0,0.0,0,0,0,0,0,0,24,20,33333.33333,33333.33333,2,6,3.333333333,2.309401077,5.333333333,0,0,0,1,0,0,0,0,1,5.0,2.0,6.0,24,0,0,0,0,0,0,1,2,1,6,1024,0,0,24,0.0,0.0,0,0,0.0,0.0,0,0,PortScan
89,1,1,2,6,2,2,2.0,0.0,6,6,6.0,0.0,89887.64045,22471.91011,89.0,0.0,89,89,0,0.0,0.0,0,0,0,0.0,0.0,0,0,0,0,0,0,24,20,11235.95506,11235.95506,2,6,3.333333333,2.309401077,5.333333333,0,0,0,1,0,0,0,0,1,5.0,2.0,6.0,24,0,0,0,0,0,0,1,2,1,6,1024,0,0,24,0.0,0.0,0,0,0.0,0.0,0,0,PortScan
49,1,1,2,6,2,2,2.0,0.0,6,6,6.0,0.0,163265.3061,40816.32653,49.0,0.0,49,49,0,0.0,0.0,0,0,0,0.0,0.0,0,0,0,0,0,0,24,20,20408.16327,20408.16327,2,6,3.333333333,2.309401077,5.333333333,0,0,0,1,0,0,0,0,1,5.0,2.0,6.0,24,0,0,0,0,0,0,1,2,1,6,1024,0,0,24,0.0,0.0,0,0,0.0,0.0,0,0,PortScan
36,1,1,2,6,2,2,2.0,0.0,6,6,6.0,0.0,222222.2222,55555.55556,36.0,0.0,36,36,0,0.0,0.0,0,0,0,0.0,0.0,0,0,0,0,0,0,24,20,27777.77778,27777.77778,2,6,3.333333333,2.309401077,5.333333333,0,0,0,1,0,0,0,0,1,5.0,2.0,6.0,24,0,0,0,0,0,0,1,2,1,6,1024,0,0,24,0.0,0.0,0,0,0.0,0.0,0,0,PortScan
65,1,1,2,6,2,2,2.0,0.0,6,6,6.0,0.0,123076.9231,30769.23077,65.0,0.0,65,65,0,0.0,0.0,0,0,0,0.0,0.0,0,0,0,0,0,0,24,20,15384.61538,15384.61538,2,6,3.333333333,2.309401077,5.333333333,0,0,0,1,0,0,0,0,1,5.0,2.0,6.0,24,0,0,0,0,0,0,1,2,1,6,1024,0,0,24,0.0,0.0,0,0,0.0,0.0,0,0,PortScan
44,1,1,0,6,0,0,0.0,0.0,6,6,6.0,0.0,136363.6364,45454.54545,44.0,0.0,44,44,0,0.0,0.0,0,0,0,0.0,0.0,0,0,0,0,0,0,40,20,22727.27273,22727.27273,0,6,2.0,3.464101615,12.0,0,0,0,1,0,0,0,0,1,3.0,0.0,6.0,40,0,0,0,0,0,0,1,0,1,6,29200,0,0,40,0.0,0.0,0,0,0.0,0.0,0,0,PortScan
42,1,1,0,6,0,0,0.0,0.0,6,6,6.0,0.0,142857.1429,47619.04762,42.0,0.0,42,42,0,0.0,0.0,0,0,0,0.0,0.0,0,0,0,0,0,0,40,20,23809.52381,23809.52381,0,6,2.0,3.464101615,12.0,0,0,0,1,0,0,0,0,1,3.0,0.0,6.0,40,0,0,0,0,0,0,1,0,1,6,29200,0,0,40,0.0,0.0,0,0,0.0,0.0,0,0,PortScan
48,1,1,2,6,2,2,2.0,0.0,6,6,6.0,0.0,166666.6667,41666.66667,48.0,0.0,48,48,0,0.0,0.0,0,0,0,0.0,0.0,0,0,0,0,0,0,24,20,20833.33333,20833.33333,2,6,3.333333333,2.309401077,5.333333333,0,0,0,1,0,0,0,0,1,5.0,2.0,6.0,24,0,0,0,0,0,0,1,2,1,6,1024,0,0,24,0.0,0.0,0,0,0.0,0.0,0,0,PortScan
87,1,1,0,6,0,0,0.0,0.0,6,6,6.0,0.0,68965.51724,22988.50575,87.0,0.0,87,87,0,0.0,0.0,0,0,0,0.0,0.0,0,0,0,0,0,0,40,20,11494.25287,11494.25287,0,6,2.0,3.464101615,12.0,0,0,0,1,0,0,0,0,1,3.0,0.0,6.0,40,0,0,0,0,0,0,1,0,1,6,29200,0,0,40,0.0,0.0,0,0,0.0,0.0,0,0,PortScan
43,1,1,0,6,0,0,0.0,0.0,6,6,6.0,0.0,139534.8837,46511.62791,43.0,0.0,43,43,0,0.0,0.0,0,0,0,0.0,0.0,0,0,0,0,0,0,40,20,23255.81395,23255.81395,0,6,2.0,3.464101615,12.0,0,0,0,1,0,0,0,0,1,3.0,0.0,6.0,40,0,0,0,0,0,0,1,0,1,6,29200,0,0,40,0.0,0.0,0,0,0.0,0.0,0,0,PortScan
49,1,1,0,6,0,0,0.0,0.0,6,6,6.0,0.0,122448.9796,40816.32653,49.0,0.0,49,49,0,0.0,0.0,0,0,0,0.0,0.0,0,0,0,0,0,0,40,20,20408.16327,20408.16327,0,6,2.0,3.464101615,12.0,0,0,0,1,0,0,0,0,1,3.0,0.0,6.0,40,0,0,0,0,0,0,1,0,1,6,29200,0,0,40,0.0,0.0,0,0,0.0,0.0,0,0,PortScan
61,1,1,0,6,0,0,0.0,0.0,6,6,6.0,0.0,98360.65574,32786.88525,61.0,0.0,61,61,0,0.0,0.0,0,0,0,0.0,0.0,0,0,0,0,0,0,40,20,16393.442619999998,16393.442619999998,0,6,2.0,3.464101615,12.0,0,0,0,1,0,0,0,0,1,3.0,0.0,6.0,40,0,0,0,0,0,0,1,0,1,6,29200,0,0,40,0.0,0.0,0,0,0.0,0.0,0,0,PortScan
43,1,1,0,6,0,0,0.0,0.0,6,6,6.0,0.0,139534.8837,46511.62791,43.0,0.0,43,43,0,0.0,0.0,0,0,0,0.0,0.0,0,0,0,0,0,0,40,20,23255.81395,23255.81395,0,6,2.0,3.464101615,12.0,0,0,0,1,0,0,0,0,1,3.0,0.0,6.0,40,0,0,0,0,0,0,1,0,1,6,29200,0,0,40,0.0,0.0,0,0,0.0,0.0,0,0,PortScan
43,1,1,0,6,0,0,0.0,0.0,6,6,6.0,0.0,139534.8837,46511.62791,43.0,0.0,43,43,0,0.0,0.0,0,0,0,0.0,0.0,0,0,0,0,0,0,40,20,23255.81395,23255.81395,0,6,2.0,3.464101615,12.0,0,0,0,1,0,0,0,0,1,3.0,0.0,6.0,40,0,0,0,0,0,0,1,0,1,6,29200,0,0,40,0.0,0.0,0,0,0.0,0.0,0,0,PortScan
39,1,1,0,6,0,0,0.0,0.0,6,6,6.0,0.0,153846.1538,51282.05128,39.0,0.0,39,39,0,0.0,0.0,0,0,0,0.0,0.0,0,0,0,0,0,0,40,20,25641.02564,25641.02564,0,6,2.0,3.464101615,12.0,0,0,0,1,0,0,0,0,1,3.0,0.0,6.0,40,0,0,0,0,0,0,1,0,1,6,29200,0,0,40,0.0,0.0,0,0,0.0,0.0,0,0,PortScan
46,1,1,0,6,0,0,0.0,0.0,6,6,6.0,0.0,130434.7826,43478.26087,46.0,0.0,46,46,0,0.0,0.0,0,0,0,0.0,0.0,0,0,0,0,0,0,40,20,21739.13043,21739.13043,0,6,2.0,3.464101615,12.0,0,0,0,1,0,0,0,0,1,3.0,0.0,6.0,40,0,0,0,0,0,0,1,0,1,6,29200,0,0,40,0.0,0.0,0,0,0.0,0.0,0,0,PortScan
71,1,1,2,6,2,2,2.0,0.0,6,6,6.0,0.0,112676.0563,28169.01408,71.0,0.0,71,71,0,0.0,0.0,0,0,0,0.0,0.0,0,0,0,0,0,0,24,20,14084.50704,14084.50704,2,6,3.333333333,2.309401077,5.333333333,0,0,0,1,0,0,0,0,1,5.0,2.0,6.0,24,0,0,0,0,0,0,1,2,1,6,1024,0,0,24,0.0,0.0,0,0,0.0,0.0,0,0,PortScan
49,1,1,0,6,0,0,0.0,0.0,6,6,6.0,0.0,122448.9796,40816.32653,49.0,0.0,49,49,0,0.0,0.0,0,0,0,0.0,0.0,0,0,0,0,0,0,40,20,20408.16327,20408.16327,0,6,2.0,3.464101615,12.0,0,0,0,1,0,0,0,0,1,3.0,0.0,6.0,40,0,0,0,0,0,0,1,0,1,6,29200,0,0,40,0.0,0.0,0,0,0.0,0.0,0,0,PortScan
45,1,1,0,6,0,0,0.0,0.0,6,6,6.0,0.0,133333.3333,44444.44444,45.0,0.0,45,45,0,0.0,0.0,0,0,0,0.0,0.0,0,0,0,0,0,0,40,20,22222.22222,22222.22222,0,6,2.0,3.464101615,12.0,0,0,0,1,0,0,0,0,1,3.0,0.0,6.0,40,0,0,0,0,0,0,1,0,1,6,29200,0,0,40,0.0,0.0,0,0,0.0,0.0,0,0,PortScan
16,1,1,2,6,2,2,2.0,0.0,6,6,6.0,0.0,500000.0,125000.0,16.0,0.0,16,16,0,0.0,0.0,0,0,0,0.0,0.0,0,0,0,0,0,0,24,20,62500.0,62500.0,2,6,3.333333333,2.309401077,5.333333333,0,0,0,1,0,0,0,0,1,5.0,2.0,6.0,24,0,0,0,0,0,0,1,2,1,6,1024,0,0,24,0.0,0.0,0,0,0.0,0.0,0,0,PortScan
41,1,1,2,6,2,2,2.0,0.0,6,6,6.0,0.0,195121.9512,48780.4878,41.0,0.0,41,41,0,0.0,0.0,0,0,0,0.0,0.0,0,0,0,0,0,0,24,20,24390.2439,24390.2439,2,6,3.333333333,2.309401077,5.333333333,0,0,0,1,0,0,0,0,1,5.0,2.0,6.0,24,0,0,0,0,0,0,1,2,1,6,1024,0,0,24,0.0,0.0,0,0,0.0,0.0,0,0,PortScan
93,1,1,2,6,2,2,2.0,0.0,6,6,6.0,0.0,86021.50538,21505.37634,93.0,0.0,93,93,0,0.0,0.0,0,0,0,0.0,0.0,0,0,0,0,0,0,24,20,10752.68817,10752.68817,2,6,3.333333333,2.309401077,5.333333333,0,0,0,1,0,0,0,0,1,5.0,2.0,6.0,24,0,0,0,0,0,0,1,2,1,6,1024,0,0,24,0.0,0.0,0,0,0.0,0.0,0,0,PortScan
7,1,1,0,6,0,0,0.0,0.0,6,6,6.0,0.0,857142.8571,285714.2857,7.0,0.0,7,7,0,0.0,0.0,0,0,0,0.0,0.0,0,0,0,0,0,0,40,20,142857.1429,142857.1429,0,6,2.0,3.464101615,12.0,0,0,0,1,0,0,0,0,1,3.0,0.0,6.0,40,0,0,0,0,0,0,1,0,1,6,29200,0,0,40,0.0,0.0,0,0,0.0,0.0,0,0,PortScan
42,1,1,0,6,0,0,0.0,0.0,6,6,6.0,0.0,142857.1429,47619.04762,42.0,0.0,42,42,0,0.0,0.0,0,0,0,0.0,0.0,0,0,0,0,0,0,40,20,23809.52381,23809.52381,0,6,2.0,3.464101615,12.0,0,0,0,1,0,0,0,0,1,3.0,0.0,6.0,40,0,0,0,0,0,0,1,0,1,6,29200,0,0,40,0.0,0.0,0,0,0.0,0.0,0,0,PortScan
17,1,1,2,6,2,2,2.0,0.0,6,6,6.0,0.0,470588.2353,117647.0588,17.0,0.0,17,17,0,0.0,0.0,0,0,0,0.0,0.0,0,0,0,0,0,0,24,20,58823.52941,58823.52941,2,6,3.333333333,2.309401077,5.333333333,0,0,0,1,0,0,0,0,1,5.0,2.0,6.0,24,0,0,0,0,0,0,1,2,1,6,1024,0,0,24,0.0,0.0,0,0,0.0,0.0,0,0,PortScan
44,1,1,0,6,0,0,0.0,0.0,6,6,6.0,0.0,136363.6364,45454.54545,44.0,0.0,44,44,0,0.0,0.0,0,0,0,0.0,0.0,0,0,0,0,0,0,40,20,22727.27273,22727.27273,0,6,2.0,3.464101615,12.0,0,0,0,1,0,0,0,0,1,3.0,0.0,6.0,40,0,0,0,0,0,0,1,0,1,6,29200,0,0,40,0.0,0.0,0,0,0.0,0.0,0,0,PortScan
37,1,1,2,6,2,2,2.0,0.0,6,6,6.0,0.0,216216.2162,54054.05405,37.0,0.0,37,37,0,0.0,0.0,0,0,0,0.0,0.0,0,0,0,0,0,0,24,20,27027.02703,27027.02703,2,6,3.333333333,2.309401077,5.333333333,0,0,0,1,0,0,0,0,1,5.0,2.0,6.0,24,0,0,0,0,0,0,1,2,1,6,1024,0,0,24,0.0,0.0,0,0,0.0,0.0,0,0,PortScan
85,1,1,0,6,0,0,0.0,0.0,6,6,6.0,0.0,70588.23529,23529.41176,85.0,0.0,85,85,0,0.0,0.0,0,0,0,0.0,0.0,0,0,0,0,0,0,40,20,11764.70588,11764.70588,0,6,2.0,3.464101615,12.0,0,0,0,1,0,0,0,0,1,3.0,0.0,6.0,40,0,0,0,0,0,0,1,0,1,6,29200,0,0,40,0.0,0.0,0,0,0.0,0.0,0,0,PortScan
28,1,1,0,6,0,0,0.0,0.0,6,6,6.0,0.0,214285.7143,71428.57143,28.0,0.0,28,28,0,0.0,0.0,0,0,0,0.0,0.0,0,0,0,0,0,0,40,20,35714.285710000004,35714.285710000004,0,6,2.0,3.464101615,12.0,0,0,0,1,0,0,0,0,1,3.0,0.0,6.0,40,0,0,0,0,0,0,1,0,1,6,29200,0,0,40,0.0,0.0,0,0,0.0,0.0,0,0,PortScan
23,1,1,2,6,2,2,2.0,0.0,6,6,6.0,0.0,347826.08700000006,86956.52174,23.0,0.0,23,23,0,0.0,0.0,0,0,0,0.0,0.0,0,0,0,0,0,0,24,20,43478.26087,43478.26087,2,6,3.333333333,2.309401077,5.333333333,0,0,0,1,0,0,0,0,1,5.0,2.0,6.0,24,0,0,0,0,0,0,1,2,1,6,1024,0,0,24,0.0,0.0,0,0,0.0,0.0,0,0,PortScan
71,1,1,0,6,0,0,0.0,0.0,6,6,6.0,0.0,84507.04225,28169.01408,71.0,0.0,71,71,0,0.0,0.0,0,0,0,0.0,0.0,0,0,0,0,0,0,40,20,14084.50704,14084.50704,0,6,2.0,3.464101615,12.0,0,0,0,1,0,0,0,0,1,3.0,0.0,6.0,40,0,0,0,0,0,0,1,0,1,6,29200,0,0,40,0.0,0.0,0,0,0.0,0.0,0,0,PortScan
47,1,1,0,6,0,0,0.0,0.0,6,6,6.0,0.0,127659.5745,42553.19149,47.0,0.0,47,47,0,0.0,0.0,0,0,0,0.0,0.0,0,0,0,0,0,0,40,20,21276.59574,21276.59574,0,6,2.0,3.464101615,12.0,0,0,0,1,0,0,0,0,1,3.0,0.0,6.0,40,0,0,0,0,0,0,1,0,1,6,29200,0,0,40,0.0,0.0,0,0,0.0,0.0,0,0,PortScan
63,1,1,0,6,0,0,0.0,0.0,6,6,6.0,0.0,95238.09524,31746.03175,63.0,0.0,63,63,0,0.0,0.0,0,0,0,0.0,0.0,0,0,0,0,0,0,40,20,15873.01587,15873.01587,0,6,2.0,3.464101615,12.0,0,0,0,1,0,0,0,0,1,3.0,0.0,6.0,40,0,0,0,0,0,0,1,0,1,6,29200,0,0,40,0.0,0.0,0,0,0.0,0.0,0,0,PortScan
63,1,1,2,6,2,2,2.0,0.0,6,6,6.0,0.0,126984.127,31746.03175,63.0,0.0,63,63,0,0.0,0.0,0,0,0,0.0,0.0,0,0,0,0,0,0,24,20,15873.01587,15873.01587,2,6,3.333333333,2.309401077,5.333333333,0,0,0,1,0,0,0,0,1,5.0,2.0,6.0,24,0,0,0,0,0,0,1,2,1,6,1024,0,0,24,0.0,0.0,0,0,0.0,0.0,0,0,PortScan
60,1,1,2,6,2,2,2.0,0.0,6,6,6.0,0.0,133333.3333,33333.33333,60.0,0.0,60,60,0,0.0,0.0,0,0,0,0.0,0.0,0,0,0,0,0,0,24,20,16666.66667,16666.66667,2,6,3.333333333,2.309401077,5.333333333,0,0,0,1,0,0,0,0,1,5.0,2.0,6.0,24,0,0,0,0,0,0,1,2,1,6,1024,0,0,24,0.0,0.0,0,0,0.0,0.0,0,0,PortScan
85,1,1,2,6,2,2,2.0,0.0,6,6,6.0,0.0,94117.64706,23529.41176,85.0,0.0,85,85,0,0.0,0.0,0,0,0,0.0,0.0,0,0,0,0,0,0,24,20,11764.70588,11764.70588,2,6,3.333333333,2.309401077,5.333333333,0,0,0,1,0,0,0,0,1,5.0,2.0,6.0,24,0,0,0,0,0,0,1,2,1,6,1024,0,0,24,0.0,0.0,0,0,0.0,0.0,0,0,PortScan
60,1,1,0,6,0,0,0.0,0.0,6,6,6.0,0.0,100000.0,33333.33333,60.0,0.0,60,60,0,0.0,0.0,0,0,0,0.0,0.0,0,0,0,0,0,0,40,20,16666.66667,16666.66667,0,6,2.0,3.464101615,12.0,0,0,0,1,0,0,0,0,1,3.0,0.0,6.0,40,0,0,0,0,0,0,1,0,1,6,29200,0,0,40,0.0,0.0,0,0,0.0,0.0,0,0,PortScan
45,1,1,2,6,2,2,2.0,0.0,6,6,6.0,0.0,177777.7778,44444.44444,45.0,0.0,45,45,0,0.0,0.0,0,0,0,0.0,0.0,0,0,0,0,0,0,24,20,22222.22222,22222.22222,2,6,3.333333333,2.309401077,5.333333333,0,0,0,1,0,0,0,0,1,5.0,2.0,6.0,24,0,0,0,0,0,0,1,2,1,6,1024,0,0,24,0.0,0.0,0,0,0.0,0.0,0,0,PortScan
81,1,1,2,6,2,2,2.0,0.0,6,6,6.0,0.0,98765.4321,24691.35802,81.0,0.0,81,81,0,0.0,0.0,0,0,0,0.0,0.0,0,0,0,0,0,0,24,20,12345.67901,12345.67901,2,6,3.333333333,2.309401077,5.333333333,0,0,0,1,0,0,0,0,1,5.0,2.0,6.0,24,0,0,0,0,0,0,1,2,1,6,1024,0,0,24,0.0,0.0,0,0,0.0,0.0,0,0,PortScan
18,1,1,0,6,0,0,0.0,0.0,6,6,6.0,0.0,333333.3333,111111.1111,18.0,0.0,18,18,0,0.0,0.0,0,0,0,0.0,0.0,0,0,0,0,0,0,40,20,55555.55556,55555.55556,0,6,2.0,3.464101615,12.0,0,0,0,1,0,0,0,0,1,3.0,0.0,6.0,40,0,0,0,0,0,0,1,0,1,6,29200,0,0,40,0.0,0.0,0,0,0.0,0.0,0,0,PortScan
16,1,1,0,6,0,0,0.0,0.0,6,6,6.0,0.0,375000.0,125000.0,16.0,0.0,16,16,0,0.0,0.0,0,0,0,0.0,0.0,0,0,0,0,0,0,40,20,62500.0,62500.0,0,6,2.0,3.464101615,12.0,0,0,0,1,0,0,0,0,1,3.0,0.0,6.0,40,0,0,0,0,0,0,1,0,1,6,29200,0,0,40,0.0,0.0,0,0,0.0,0.0,0,0,PortScan
16,1,1,0,6,0,0,0.0,0.0,6,6,6.0,0.0,375000.0,125000.0,16.0,0.0,16,16,0,0.0,0.0,0,0,0,0.0,0.0,0,0,0,0,0,0,40,20,62500.0,62500.0,0,6,2.0,3.464101615,12.0,0,0,0,1,0,0,0,0,1,3.0,0.0,6.0,40,0,0,0,0,0,0,1,0,1,6,29200,0,0,40,0.0,0.0,0,0,0.0,0.0,0,0,PortScan
54,1,1,2,6,2,2,2.0,0.0,6,6,6.0,0.0,148148.1481,37037.03704,54.0,0.0,54,54,0,0.0,0.0,0,0,0,0.0,0.0,0,0,0,0,0,0,24,20,18518.51852,18518.51852,2,6,3.333333333,2.309401077,5.333333333,0,0,0,1,0,0,0,0,1,5.0,2.0,6.0,24,0,0,0,0,0,0,1,2,1,6,1024,0,0,24,0.0,0.0,0,0,0.0,0.0,0,0,PortScan
68,1,1,2,6,2,2,2.0,0.0,6,6,6.0,0.0,117647.0588,29411.764710000003,68.0,0.0,68,68,0,0.0,0.0,0,0,0,0.0,0.0,0,0,0,0,0,0,24,20,14705.88235,14705.88235,2,6,3.333333333,2.309401077,5.333333333,0,0,0,1,0,0,0,0,1,5.0,2.0,6.0,24,0,0,0,0,0,0,1,2,1,6,1024,0,0,24,0.0,0.0,0,0,0.0,0.0,0,0,PortScan
15,1,1,0,6,0,0,0.0,0.0,6,6,6.0,0.0,400000.0,133333.3333,15.0,0.0,15,15,0,0.0,0.0,0,0,0,0.0,0.0,0,0,0,0,0,0,40,20,66666.66667,66666.66667,0,6,2.0,3.464101615,12.0,0,0,0,1,0,0,0,0,1,3.0,0.0,6.0,40,0,0,0,0,0,0,1,0,1,6,29200,0,0,40,0.0,0.0,0,0,0.0,0.0,0,0,PortScan
45,1,1,2,6,2,2,2.0,0.0,6,6,6.0,0.0,177777.7778,44444.44444,45.0,0.0,45,45,0,0.0,0.0,0,0,0,0.0,0.0,0,0,0,0,0,0,24,20,22222.22222,22222.22222,2,6,3.333333333,2.309401077,5.333333333,0,0,0,1,0,0,0,0,1,5.0,2.0,6.0,24,0,0,0,0,0,0,1,2,1,6,1024,0,0,24,0.0,0.0,0,0,0.0,0.0,0,0,PortScan
59,1,1,0,6,0,0,0.0,0.0,6,6,6.0,0.0,101694.9153,33898.30508,59.0,0.0,59,59,0,0.0,0.0,0,0,0,0.0,0.0,0,0,0,0,0,0,40,20,16949.15254,16949.15254,0,6,2.0,3.464101615,12.0,0,0,0,1,0,0,0,0,1,3.0,0.0,6.0,40,0,0,0,0,0,0,1,0,1,6,29200,0,0,40,0.0,0.0,0,0,0.0,0.0,0,0,PortScan
44,1,1,2,6,2,2,2.0,0.0,6,6,6.0,0.0,181818.1818,45454.54545,44.0,0.0,44,44,0,0.0,0.0,0,0,0,0.0,0.0,0,0,0,0,0,0,24,20,22727.27273,22727.27273,2,6,3.333333333,2.309401077,5.333333333,0,0,0,1,0,0,0,0,1,5.0,2.0,6.0,24,0,0,0,0,0,0,1,2,1,6,1024,0,0,24,0.0,0.0,0,0,0.0,0.0,0,0,PortScan
61,1,1,2,6,2,2,2.0,0.0,6,6,6.0,0.0,131147.541,32786.88525,61.0,0.0,61,61,0,0.0,0.0,0,0,0,0.0,0.0,0,0,0,0,0,0,24,20,16393.442619999998,16393.442619999998,2,6,3.333333333,2.309401077,5.333333333,0,0,0,1,0,0,0,0,1,5.0,2.0,6.0,24,0,0,0,0,0,0,1,2,1,6,1024,0,0,24,0.0,0.0,0,0,0.0,0.0,0,0,PortScan
54,1,1,0,6,0,0,0.0,0.0,6,6,6.0,0.0,111111.1111,37037.03704,54.0,0.0,54,54,0,0.0,0.0,0,0,0,0.0,0.0,0,0,0,0,0,0,40,20,18518.51852,18518.51852,0,6,2.0,3.464101615,12.0,0,0,0,1,0,0,0,0,1,3.0,0.0,6.0,40,0,0,0,0,0,0,1,0,1,6,29200,0,0,40,0.0,0.0,0,0,0.0,0.0,0,0,PortScan
27,1,1,2,6,2,2,2.0,0.0,6,6,6.0,0.0,296296.2963,74074.07407,27.0,0.0,27,27,0,0.0,0.0,0,0,0,0.0,0.0,0,0,0,0,0,0,24,20,37037.03704,37037.03704,2,6,3.333333333,2.309401077,5.333333333,0,0,0,1,0,0,0,0,1,5.0,2.0,6.0,24,0,0,0,0,0,0,1,2,1,6,1024,0,0,24,0.0,0.0,0,0,0.0,0.0,0,0,PortScan
48,1,1,0,6,0,0,0.0,0.0,6,6,6.0,0.0,125000.0,41666.66667,48.0,0.0,48,48,0,0.0,0.0,0,0,0,0.0,0.0,0,0,0,0,0,0,40,20,20833.33333,20833.33333,0,6,2.0,3.464101615,12.0,0,0,0,1,0,0,0,0,1,3.0,0.0,6.0,40,0,0,0,0,0,0,1,0,1,6,29200,0,0,40,0.0,0.0,0,0,0.0,0.0,0,0,PortScan
52,1,1,2,6,2,2,2.0,0.0,6,6,6.0,0.0,153846.1538,38461.53846,52.0,0.0,52,52,0,0.0,0.0,0,0,0,0.0,0.0,0,0,0,0,0,0,24,20,19230.76923,19230.76923,2,6,3.333333333,2.309401077,5.333333333,0,0,0,1,0,0,0,0,1,5.0,2.0,6.0,24,0,0,0,0,0,0,1,2,1,6,1024,0,0,24,0.0,0.0,0,0,0.0,0.0,0,0,PortScan
48,1,1,2,6,2,2,2.0,0.0,6,6,6.0,0.0,166666.6667,41666.66667,48.0,0.0,48,48,0,0.0,0.0,0,0,0,0.0,0.0,0,0,0,0,0,0,24,20,20833.33333,20833.33333,2,6,3.333333333,2.309401077,5.333333333,0,0,0,1,0,0,0,0,1,5.0,2.0,6.0,24,0,0,0,0,0,0,1,2,1,6,1024,0,0,24,0.0,0.0,0,0,0.0,0.0,0,0,PortScan
11,1,1,2,6,2,2,2.0,0.0,6,6,6.0,0.0,727272.7273,181818.1818,11.0,0.0,11,11,0,0.0,0.0,0,0,0,0.0,0.0,0,0,0,0,0,0,24,20,90909.09091,90909.09091,2,6,3.333333333,2.309401077,5.333333333,0,0,0,1,0,0,0,0,1,5.0,2.0,6.0,24,0,0,0,0,0,0,1,2,1,6,1024,0,0,24,0.0,0.0,0,0,0.0,0.0,0,0,PortScan
43,1,1,2,6,2,2,2.0,0.0,6,6,6.0,0.0,186046.5116,46511.62791,43.0,0.0,43,43,0,0.0,0.0,0,0,0,0.0,0.0,0,0,0,0,0,0,24,20,23255.81395,23255.81395,2,6,3.333333333,2.309401077,5.333333333,0,0,0,1,0,0,0,0,1,5.0,2.0,6.0,24,0,0,0,0,0,0,1,2,1,6,1024,0,0,24,0.0,0.0,0,0,0.0,0.0,0,0,PortScan
17,1,1,0,6,0,0,0.0,0.0,6,6,6.0,0.0,352941.1765,117647.0588,17.0,0.0,17,17,0,0.0,0.0,0,0,0,0.0,0.0,0,0,0,0,0,0,40,20,58823.52941,58823.52941,0,6,2.0,3.464101615,12.0,0,0,0,1,0,0,0,0,1,3.0,0.0,6.0,40,0,0,0,0,0,0,1,0,1,6,29200,0,0,40,0.0,0.0,0,0,0.0,0.0,0,0,PortScan
49,1,1,2,6,2,2,2.0,0.0,6,6,6.0,0.0,163265.3061,40816.32653,49.0,0.0,49,49,0,0.0,0.0,0,0,0,0.0,0.0,0,0,0,0,0,0,24,20,20408.16327,20408.16327,2,6,3.333333333,2.309401077,5.333333333,0,0,0,1,0,0,0,0,1,5.0,2.0,6.0,24,0,0,0,0,0,0,1,2,1,6,1024,0,0,24,0.0,0.0,0,0,0.0,0.0,0,0,PortScan
51,1,1,2,6,2,2,2.0,0.0,6,6,6.0,0.0,156862.7451,39215.68627,51.0,0.0,51,51,0,0.0,0.0,0,0,0,0.0,0.0,0,0,0,0,0,0,24,20,19607.84314,19607.84314,2,6,3.333333333,2.309401077,5.333333333,0,0,0,1,0,0,0,0,1,5.0,2.0,6.0,24,0,0,0,0,0,0,1,2,1,6,1024,0,0,24,0.0,0.0,0,0,0.0,0.0,0,0,PortScan
80,1,1,2,6,2,2,2.0,0.0,6,6,6.0,0.0,100000.0,25000.0,80.0,0.0,80,80,0,0.0,0.0,0,0,0,0.0,0.0,0,0,0,0,0,0,24,20,12500.0,12500.0,2,6,3.333333333,2.309401077,5.333333333,0,0,0,1,0,0,0,0,1,5.0,2.0,6.0,24,0,0,0,0,0,0,1,2,1,6,1024,0,0,24,0.0,0.0,0,0,0.0,0.0,0,0,PortScan
44,1,1,0,6,0,0,0.0,0.0,6,6,6.0,0.0,136363.6364,45454.54545,44.0,0.0,44,44,0,0.0,0.0,0,0,0,0.0,0.0,0,0,0,0,0,0,40,20,22727.27273,22727.27273,0,6,2.0,3.464101615,12.0,0,0,0,1,0,0,0,0,1,3.0,0.0,6.0,40,0,0,0,0,0,0,1,0,1,6,29200,0,0,40,0.0,0.0,0,0,0.0,0.0,0,0,PortScan
44,1,1,0,6,0,0,0.0,0.0,6,6,6.0,0.0,136363.6364,45454.54545,44.0,0.0,44,44,0,0.0,0.0,0,0,0,0.0,0.0,0,0,0,0,0,0,40,20,22727.27273,22727.27273,0,6,2.0,3.464101615,12.0,0,0,0,1,0,0,0,0,1,3.0,0.0,6.0,40,0,0,0,0,0,0,1,0,1,6,29200,0,0,40,0.0,0.0,0,0,0.0,0.0,0,0,PortScan
33,1,1,2,6,2,2,2.0,0.0,6,6,6.0,0.0,242424.2424,60606.06061,33.0,0.0,33,33,0,0.0,0.0,0,0,0,0.0,0.0,0,0,0,0,0,0,24,20,30303.0303,30303.0303,2,6,3.333333333,2.309401077,5.333333333,0,0,0,1,0,0,0,0,1,5.0,2.0,6.0,24,0,0,0,0,0,0,1,2,1,6,1024,0,0,24,0.0,0.0,0,0,0.0,0.0,0,0,PortScan
42,1,1,0,6,0,0,0.0,0.0,6,6,6.0,0.0,142857.1429,47619.04762,42.0,0.0,42,42,0,0.0,0.0,0,0,0,0.0,0.0,0,0,0,0,0,0,40,20,23809.52381,23809.52381,0,6,2.0,3.464101615,12.0,0,0,0,1,0,0,0,0,1,3.0,0.0,6.0,40,0,0,0,0,0,0,1,0,1,6,29200,0,0,40,0.0,0.0,0,0,0.0,0.0,0,0,PortScan
37,1,1,2,6,2,2,2.0,0.0,6,6,6.0,0.0,216216.2162,54054.05405,37.0,0.0,37,37,0,0.0,0.0,0,0,0,0.0,0.0,0,0,0,0,0,0,24,20,27027.02703,27027.02703,2,6,3.333333333,2.309401077,5.333333333,0,0,0,1,0,0,0,0,1,5.0,2.0,6.0,24,0,0,0,0,0,0,1,2,1,6,1024,0,0,24,0.0,0.0,0,0,0.0,0.0,0,0,PortScan
43,1,1,0,6,0,0,0.0,0.0,6,6,6.0,0.0,139534.8837,46511.62791,43.0,0.0,43,43,0,0.0,0.0,0,0,0,0.0,0.0,0,0,0,0,0,0,40,20,23255.81395,23255.81395,0,6,2.0,3.464101615,12.0,0,0,0,1,0,0,0,0,1,3.0,0.0,6.0,40,0,0,0,0,0,0,1,0,1,6,29200,0,0,40,0.0,0.0,0,0,0.0,0.0,0,0,PortScan
47,1,1,2,6,2,2,2.0,0.0,6,6,6.0,0.0,170212.766,42553.19149,47.0,0.0,47,47,0,0.0,0.0,0,0,0,0.0,0.0,0,0,0,0,0,0,24,20,21276.59574,21276.59574,2,6,3.333333333,2.309401077,5.333333333,0,0,0,1,0,0,0,0,1,5.0,2.0,6.0,24,0,0,0,0,0,0,1,2,1,6,1024,0,0,24,0.0,0.0,0,0,0.0,0.0,0,0,PortScan
11,1,1,0,6,0,0,0.0,0.0,6,6,6.0,0.0,545454.5455,181818.1818,11.0,0.0,11,11,0,0.0,0.0,0,0,0,0.0,0.0,0,0,0,0,0,0,40,20,90909.09091,90909.09091,0,6,2.0,3.464101615,12.0,0,0,0,1,0,0,0,0,1,3.0,0.0,6.0,40,0,0,0,0,0,0,1,0,1,6,29200,0,0,40,0.0,0.0,0,0,0.0,0.0,0,0,PortScan
55,1,1,2,6,2,2,2.0,0.0,6,6,6.0,0.0,145454.5455,36363.63636,55.0,0.0,55,55,0,0.0,0.0,0,0,0,0.0,0.0,0,0,0,0,0,0,24,20,18181.81818,18181.81818,2,6,3.333333333,2.309401077,5.333333333,0,0,0,1,0,0,0,0,1,5.0,2.0,6.0,24,0,0,0,0,0,0,1,2,1,6,1024,0,0,24,0.0,0.0,0,0,0.0,0.0,0,0,PortScan
52,1,1,0,6,0,0,0.0,0.0,6,6,6.0,0.0,115384.6154,38461.53846,52.0,0.0,52,52,0,0.0,0.0,0,0,0,0.0,0.0,0,0,0,0,0,0,40,20,19230.76923,19230.76923,0,6,2.0,3.464101615,12.0,0,0,0,1,0,0,0,0,1,3.0,0.0,6.0,40,0,0,0,0,0,0,1,0,1,6,29200,0,0,40,0.0,0.0,0,0,0.0,0.0,0,0,PortScan
63,1,1,0,6,0,0,0.0,0.0,6,6,6.0,0.0,95238.09524,31746.03175,63.0,0.0,63,63,0,0.0,0.0,0,0,0,0.0,0.0,0,0,0,0,0,0,40,20,15873.01587,15873.01587,0,6,2.0,3.464101615,12.0,0,0,0,1,0,0,0,0,1,3.0,0.0,6.0,40,0,0,0,0,0,0,1,0,1,6,29200,0,0,40,0.0,0.0,0,0,0.0,0.0,0,0,PortScan
15,1,1,2,6,2,2,2.0,0.0,6,6,6.0,0.0,533333.3333,133333.3333,15.0,0.0,15,15,0,0.0,0.0,0,0,0,0.0,0.0,0,0,0,0,0,0,24,20,66666.66667,66666.66667,2,6,3.333333333,2.309401077,5.333333333,0,0,0,1,0,0,0,0,1,5.0,2.0,6.0,24,0,0,0,0,0,0,1,2,1,6,1024,0,0,24,0.0,0.0,0,0,0.0,0.0,0,0,PortScan
50,1,1,2,6,2,2,2.0,0.0,6,6,6.0,0.0,160000.0,40000.0,50.0,0.0,50,50,0,0.0,0.0,0,0,0,0.0,0.0,0,0,0,0,0,0,24,20,20000.0,20000.0,2,6,3.333333333,2.309401077,5.333333333,0,0,0,1,0,0,0,0,1,5.0,2.0,6.0,24,0,0,0,0,0,0,1,2,1,6,1024,0,0,24,0.0,0.0,0,0,0.0,0.0,0,0,PortScan
41,1,1,0,6,0,0,0.0,0.0,6,6,6.0,0.0,146341.4634,48780.4878,41.0,0.0,41,41,0,0.0,0.0,0,0,0,0.0,0.0,0,0,0,0,0,0,40,20,24390.2439,24390.2439,0,6,2.0,3.464101615,12.0,0,0,0,1,0,0,0,0,1,3.0,0.0,6.0,40,0,0,0,0,0,0,1,0,1,6,29200,0,0,40,0.0,0.0,0,0,0.0,0.0,0,0,PortScan
12,1,1,0,6,0,0,0.0,0.0,6,6,6.0,0.0,500000.0,166666.6667,12.0,0.0,12,12,0,0.0,0.0,0,0,0,0.0,0.0,0,0,0,0,0,0,40,20,83333.33333,83333.33333,0,6,2.0,3.464101615,12.0,0,0,0,1,0,0,0,0,1,3.0,0.0,6.0,40,0,0,0,0,0,0,1,0,1,6,29200,0,0,40,0.0,0.0,0,0,0.0,0.0,0,0,PortScan
84,1,1,0,6,0,0,0.0,0.0,6,6,6.0,0.0,71428.57143,23809.52381,84.0,0.0,84,84,0,0.0,0.0,0,0,0,0.0,0.0,0,0,0,0,0,0,40,20,11904.7619,11904.7619,0,6,2.0,3.464101615,12.0,0,0,0,1,0,0,0,0,1,3.0,0.0,6.0,40,0,0,0,0,0,0,1,0,1,6,29200,0,0,40,0.0,0.0,0,0,0.0,0.0,0,0,PortScan
49,1,1,0,6,0,0,0.0,0.0,6,6,6.0,0.0,122448.9796,40816.32653,49.0,0.0,49,49,0,0.0,0.0,0,0,0,0.0,0.0,0,0,0,0,0,0,40,20,20408.16327,20408.16327,0,6,2.0,3.464101615,12.0,0,0,0,1,0,0,0,0,1,3.0,0.0,6.0,40,0,0,0,0,0,0,1,0,1,6,29200,0,0,40,0.0,0.0,0,0,0.0,0.0,0,0,PortScan
60202640,9,9,322,256,322,0,35.77777778,107.3333333,256,0,28.44444444,85.33333333,9.600907867,0.29899021,3541331.765,4901981.331,10200000,47,51200000,6396441.875,5268489.909,10200000,234,60200000,7518953.625,4645137.318,10300000,637,0,0,0,0,296,296,0.149495105,0.149495105,0,322,30.42105263,91.78375297,8424.257309999999,0,0,0,1,0,0,0,0,1,32.11111111,35.77777778,28.44444444,296,0,0,0,0,0,0,9,322,9,256,29200,110,1,32,63678.2,22252.53596,103175,50911,10200000.0,34941.27201,10200000,10100000,Bot
57891,1,1,0,0,0,0,0.0,0.0,0,0,0.0,0.0,0.0,34.54768444,57891.0,0.0,57891,57891,0,0.0,0.0,0,0,0,0.0,0.0,0,0,0,0,0,0,32,32,17.27384222,17.27384222,0,0,0.0,0.0,0.0,0,0,0,0,1,1,0,0,1,0.0,0.0,0.0,32,0,0,0,0,0,0,1,0,1,0,237,110,0,32,0.0,0.0,0,0,0.0,0.0,0,0,Bot
134812,4,3,206,134,194,0,51.5,95.04209594,128,0,44.66666667,72.23111056,2522.03068,51.92416105,22468.66667,53230.91125,131123,123,134812,44937.33333,76126.81717000001,132841,949,132783,66391.5,91544.16521,131123,1660,0,0,0,0,92,72,29.67094917,22.25321188,0,194,42.5,75.2880184,5668.285714,0,0,0,1,0,0,0,0,0,48.57142857,51.5,44.66666667,92,0,0,0,0,0,0,4,206,3,134,8192,237,3,20,0.0,0.0,0,0,0.0,0.0,0,0,Bot
84,1,1,6,6,6,6,6.0,0.0,6,6,6.0,0.0,142857.1429,23809.52381,84.0,0.0,84,84,0,0.0,0.0,0,0,0,0.0,0.0,0,0,0,0,0,0,20,20,11904.7619,11904.7619,6,6,6.0,0.0,0.0,0,0,0,0,1,1,0,0,1,9.0,6.0,6.0,20,0,0,0,0,0,0,1,6,1,6,237,256,0,20,0.0,0.0,0,0,0.0,0.0,0,0,Bot
127781,4,3,206,134,194,0,51.5,95.04209594,128,0,44.66666667,72.23111056,2660.802467,54.78122726,21296.83333,50455.70005,124286,75,127781,42593.66667,72173.33699,125932,745,125987,62993.5,86680.68477,124286,1701,0,0,0,0,92,72,31.30355843,23.47766882,0,194,42.5,75.2880184,5668.285714,0,0,0,1,0,0,0,0,0,48.57142857,51.5,44.66666667,92,0,0,0,0,0,0,4,206,3,134,8192,237,3,20,0.0,0.0,0,0,0.0,0.0,0,0,Bot
33,1,1,6,6,6,6,6.0,0.0,6,6,6.0,0.0,363636.3636,60606.06061,33.0,0.0,33,33,0,0.0,0.0,0,0,0,0.0,0.0,0,0,0,0,0,0,20,20,30303.0303,30303.0303,6,6,6.0,0.0,0.0,0,0,0,0,1,1,0,0,1,9.0,6.0,6.0,20,0,0,0,0,0,0,1,6,1,6,237,256,0,20,0.0,0.0,0,0,0.0,0.0,0,0,Bot
165810,5,4,212,140,194,0,42.4,84.78679142,128,0,35.0,62.0644826,2122.911766,54.27899403,20726.25,57769.37467999999,163697,43,165810,41452.5,82023.50566,164487,43,164470,54823.33333,94287.53776,163697,204,0,0,0,0,112,92,30.15499668,24.12399735,0,194,35.2,68.15798641,4645.511111,0,0,0,1,0,0,0,0,0,39.11111111,42.4,35.0,112,0,0,0,0,0,0,5,212,4,140,8192,237,4,20,0.0,0.0,0,0,0.0,0.0,0,0,Bot
65033,4,3,1870,134,1858,0,467.5,927.004315,128,0,44.66666667,72.23111056,30815.12463,107.6376609,10838.83333,25181.30773,62233,55,65033,21677.66667,36790.82389,64158,76,63250,31625.0,43286.24872,62233,1017,0,0,0,0,92,72,61.50723479,46.13042609,0,1858,250.5,651.0051569,423807.7143,0,0,0,1,0,0,0,0,0,286.2857143,467.5,44.66666667,92,0,0,0,0,0,0,4,1870,3,134,8192,258,3,20,0.0,0.0,0,0,0.0,0.0,0,0,Bot
42,1,1,6,6,6,6,6.0,0.0,6,6,6.0,0.0,285714.2857,47619.04762,42.0,0.0,42,42,0,0.0,0.0,0,0,0,0.0,0.0,0,0,0,0,0,0,20,20,23809.52381,23809.52381,6,6,6.0,0.0,0.0,0,0,0,0,1,1,0,0,1,9.0,6.0,6.0,20,0,0,0,0,0,0,1,6,1,6,237,256,0,20,0.0,0.0,0,0,0.0,0.0,0,0,Bot
29,1,1,6,6,6,6,6.0,0.0,6,6,6.0,0.0,413793.1034,68965.51724,29.0,0.0,29,29,0,0.0,0.0,0,0,0,0.0,0.0,0,0,0,0,0,0,20,20,34482.75862,34482.75862,6,6,6.0,0.0,0.0,0,0,0,0,1,1,0,0,1,9.0,6.0,6.0,20,0,0,0,0,0,0,1,6,1,6,258,256,0,20,0.0,0.0,0,0,0.0,0.0,0,0,Bot
80105,4,3,206,134,194,0,51.5,95.04209594,128,0,44.66666667,72.23111056,4244.429187,87.38530678,13350.83333,31571.77286,77792,41,80105,26701.66667,45582.23957,79334,41,78429,39214.5,54556.8237,77792,637,0,0,0,0,92,72,49.93446102,37.45084576,0,194,42.5,75.2880184,5668.285714,0,0,0,1,0,0,0,0,0,48.57142857,51.5,44.66666667,92,0,0,0,0,0,0,4,206,3,134,8192,237,3,20,0.0,0.0,0,0,0.0,0.0,0,0,Bot
22,1,1,6,6,6,6,6.0,0.0,6,6,6.0,0.0,545454.5455,90909.09091,22.0,0.0,22,22,0,0.0,0.0,0,0,0,0.0,0.0,0,0,0,0,0,0,20,20,45454.54545,45454.54545,6,6,6.0,0.0,0.0,0,0,0,0,1,1,0,0,1,9.0,6.0,6.0,20,0,0,0,0,0,0,1,6,1,6,237,256,0,20,0.0,0.0,0,0,0.0,0.0,0,0,Bot
82050,4,3,206,134,194,0,51.5,95.04209594,128,0,44.66666667,72.23111056,4143.814746999999,85.31383303,13675.0,32528.21995,80070,19,82050,27350.0,46779.48077,81365,19,80648,40324.0,56209.33225,80070,578,0,0,0,0,92,72,48.75076173,36.5630713,0,194,42.5,75.2880184,5668.285714,0,0,0,1,0,0,0,0,0,48.57142857,51.5,44.66666667,92,0,0,0,0,0,0,4,206,3,134,8192,237,3,20,0.0,0.0,0,0,0.0,0.0,0,0,Bot
23,1,1,6,6,6,6,6.0,0.0,6,6,6.0,0.0,521739.1304,86956.52174,23.0,0.0,23,23,0,0.0,0.0,0,0,0,0.0,0.0,0,0,0,0,0,0,20,20,43478.26087,43478.26087,6,6,6.0,0.0,0.0,0,0,0,0,1,1,0,0,1,9.0,6.0,6.0,20,0,0,0,0,0,0,1,6,1,6,237,256,0,20,0.0,0.0,0,0,0.0,0.0,0,0,Bot
90356,4,3,206,134,194,0,51.5,95.04209594,128,0,44.66666667,72.23111056,3762.893444,77.47133561,15059.33333,35660.57504,87847,59,90356,30118.66667,51327.06041000001,89384,59,88509,44254.5,61649.10472,87847,662,0,0,0,0,92,72,44.26933463,33.20200097,0,194,42.5,75.2880184,5668.285714,0,0,0,1,0,0,0,0,0,48.57142857,51.5,44.66666667,92,0,0,0,0,0,0,4,206,3,134,8192,237,3,20,0.0,0.0,0,0,0.0,0.0,0,0,Bot
38,1,1,6,6,6,6,6.0,0.0,6,6,6.0,0.0,315789.4737,52631.57895,38.0,0.0,38,38,0,0.0,0.0,0,0,0,0.0,0.0,0,0,0,0,0,0,20,20,26315.78947,26315.78947,6,6,6.0,0.0,0.0,0,0,0,0,1,1,0,0,1,9.0,6.0,6.0,20,0,0,0,0,0,0,1,6,1,6,237,256,0,20,0.0,0.0,0,0,0.0,0.0,0,0,Bot
77514,4,3,206,134,194,0,51.5,95.04209594,128,0,44.66666667,72.23111056,4386.30441,90.30626725,12919.0,30510.8509,75195,40,77514,25838.0,44009.67498,76654,40,75852,37926.0,52706.32526000001,75195,657,0,0,0,0,92,72,51.60358129,38.70268597,0,194,42.5,75.2880184,5668.285714,0,0,0,1,0,0,0,0,0,48.57142857,51.5,44.66666667,92,0,0,0,0,0,0,4,206,3,134,8192,237,3,20,0.0,0.0,0,0,0.0,0.0,0,0,Bot
83,1,1,6,6,6,6,6.0,0.0,6,6,6.0,0.0,144578.3133,24096.38554,83.0,0.0,83,83,0,0.0,0.0,0,0,0,0.0,0.0,0,0,0,0,0,0,20,20,12048.19277,12048.19277,6,6,6.0,0.0,0.0,0,0,0,0,1,1,0,0,1,9.0,6.0,6.0,20,0,0,0,0,0,0,1,6,1,6,237,256,0,20,0.0,0.0,0,0,0.0,0.0,0,0,Bot
75628,4,3,206,134,194,0,51.5,95.04209594,128,0,44.66666667,72.23111056,4495.689427,92.55831174,12604.66667,29762.921660000004,73354,43,75628,25209.33333,42894.10601,74737,43,73970,36985.0,51433.53305,73354,616,0,0,0,0,92,72,52.89046385,39.66784789,0,194,42.5,75.2880184,5668.285714,0,0,0,1,0,0,0,0,0,48.57142857,51.5,44.66666667,92,0,0,0,0,0,0,4,206,3,134,8192,237,3,20,0.0,0.0,0,0,0.0,0.0,0,0,Bot
95,1,1,6,6,6,6,6.0,0.0,6,6,6.0,0.0,126315.7895,21052.63158,95.0,0.0,95,95,0,0.0,0.0,0,0,0,0.0,0.0,0,0,0,0,0,0,20,20,10526.31579,10526.31579,6,6,6.0,0.0,0.0,0,0,0,0,1,1,0,0,1,9.0,6.0,6.0,20,0,0,0,0,0,0,1,6,1,6,237,256,0,20,0.0,0.0,0,0,0.0,0.0,0,0,Bot
82746,4,3,206,134,194,0,51.5,95.04209594,128,0,44.66666667,72.23111056,4108.95995,84.59623426,13791.0,32736.7976,80611,57,82746,27582.0,47215.58547,82101,57,81255,40627.5,56545.20797,80611,644,0,0,0,0,92,72,48.34070529,36.25552897,0,194,42.5,75.2880184,5668.285714,0,0,0,1,0,0,0,0,0,48.57142857,51.5,44.66666667,92,0,0,0,0,0,0,4,206,3,134,8192,237,3,20,0.0,0.0,0,0,0.0,0.0,0,0,Bot
94,1,1,6,6,6,6,6.0,0.0,6,6,6.0,0.0,127659.5745,21276.59574,94.0,0.0,94,94,0,0.0,0.0,0,0,0,0.0,0.0,0,0,0,0,0,0,20,20,10638.29787,10638.29787,6,6,6.0,0.0,0.0,0,0,0,0,1,1,0,0,1,9.0,6.0,6.0,20,0,0,0,0,0,0,1,6,1,6,237,256,0,20,0.0,0.0,0,0,0.0,0.0,0,0,Bot
80984,4,3,206,134,194,0,51.5,95.04209594,128,0,44.66666667,72.23111056,4198.36017,86.43682703,13497.33333,32102.2667,79023,49,80984,26994.66667,46232.02055,80378,49,79665,39832.5,55423.73662,79023,642,0,0,0,0,92,72,49.39247259,37.04435444,0,194,42.5,75.2880184,5668.285714,0,0,0,1,0,0,0,0,0,48.57142857,51.5,44.66666667,92,0,0,0,0,0,0,4,206,3,134,8192,237,3,20,0.0,0.0,0,0,0.0,0.0,0,0,Bot
90,1,1,6,6,6,6,6.0,0.0,6,6,6.0,0.0,133333.3333,22222.22222,90.0,0.0,90,90,0,0.0,0.0,0,0,0,0.0,0.0,0,0,0,0,0,0,20,20,11111.11111,11111.11111,6,6,6.0,0.0,0.0,0,0,0,0,1,1,0,0,1,9.0,6.0,6.0,20,0,0,0,0,0,0,1,6,1,6,237,256,0,20,0.0,0.0,0,0,0.0,0.0,0,0,Bot
79325,4,3,206,134,194,0,51.5,95.04209594,128,0,44.66666667,72.23111056,4286.164513000001,88.2445635,13220.83333,31279.07095,77065,40,79325,26441.66667,45142.27347,78566,40,77724,38862.0,54027.20072000001,77065,659,0,0,0,0,92,72,50.42546486,37.81909864,0,194,42.5,75.2880184,5668.285714,0,0,0,1,0,0,0,0,0,48.57142857,51.5,44.66666667,92,0,0,0,0,0,0,4,206,3,134,8192,237,3,20,0.0,0.0,0,0,0.0,0.0,0,0,Bot
36,1,1,6,6,6,6,6.0,0.0,6,6,6.0,0.0,333333.3333,55555.55556,36.0,0.0,36,36,0,0.0,0.0,0,0,0,0.0,0.0,0,0,0,0,0,0,20,20,27777.77778,27777.77778,6,6,6.0,0.0,0.0,0,0,0,0,1,1,0,0,1,9.0,6.0,6.0,20,0,0,0,0,0,0,1,6,1,6,237,256,0,20,0.0,0.0,0,0,0.0,0.0,0,0,Bot
73364,4,3,206,134,194,0,51.5,95.04209594,128,0,44.66666667,72.23111056,4634.425604,95.41464478,12227.33333,28822.97472,71058,96,73364,24454.66667,41687.43716,72590,96,71797,35898.5,49723.04175,71058,739,0,0,0,0,92,72,54.52265416,40.89199062,0,194,42.5,75.2880184,5668.285714,0,0,0,1,0,0,0,0,0,48.57142857,51.5,44.66666667,92,0,0,0,0,0,0,4,206,3,134,8192,237,3,20,0.0,0.0,0,0,0.0,0.0,0,0,Bot
50,1,1,6,6,6,6,6.0,0.0,6,6,6.0,0.0,240000.0,40000.0,50.0,0.0,50,50,0,0.0,0.0,0,0,0,0.0,0.0,0,0,0,0,0,0,20,20,20000.0,20000.0,6,6,6.0,0.0,0.0,0,0,0,0,1,1,0,0,1,9.0,6.0,6.0,20,0,0,0,0,0,0,1,6,1,6,237,256,0,20,0.0,0.0,0,0,0.0,0.0,0,0,Bot
93102,4,3,206,134,194,0,51.5,95.04209594,128,0,44.66666667,72.23111056,3651.908659,75.18635475,15517.0,36822.76251,90678,75,93102,31034.0,52856.25708,92065,75,91394,45697.0,63612.74025,90678,716,0,0,0,0,92,72,42.96363129,32.22272346,0,194,42.5,75.2880184,5668.285714,0,0,0,1,0,0,0,0,0,48.57142857,51.5,44.66666667,92,0,0,0,0,0,0,4,206,3,134,8192,237,3,20,0.0,0.0,0,0,0.0,0.0,0,0,Bot
90,1,1,6,6,6,6,6.0,0.0,6,6,6.0,0.0,133333.3333,22222.22222,90.0,0.0,90,90,0,0.0,0.0,0,0,0,0.0,0.0,0,0,0,0,0,0,20,20,11111.11111,11111.11111,6,6,6.0,0.0,0.0,0,0,0,0,1,1,0,0,1,9.0,6.0,6.0,20,0,0,0,0,0,0,1,6,1,6,237,256,0,20,0.0,0.0,0,0,0.0,0.0,0,0,Bot
74258,4,3,206,134,194,0,51.5,95.04209594,128,0,44.66666667,72.23111056,4578.631259000001,94.26593768,12376.33333,29204.45022,71985,46,74258,24752.66667,42255.67864,73544,46,72645,36322.5,50434.39117,71985,660,0,0,0,0,92,72,53.8662501,40.39968758,0,194,42.5,75.2880184,5668.285714,0,0,0,1,0,0,0,0,0,48.57142857,51.5,44.66666667,92,0,0,0,0,0,0,4,206,3,134,8192,237,3,20,0.0,0.0,0,0,0.0,0.0,0,0,Bot
29,1,1,6,6,6,6,6.0,0.0,6,6,6.0,0.0,413793.1034,68965.51724,29.0,0.0,29,29,0,0.0,0.0,0,0,0,0.0,0.0,0,0,0,0,0,0,20,20,34482.75862,34482.75862,6,6,6.0,0.0,0.0,0,0,0,0,1,1,0,0,1,9.0,6.0,6.0,20,0,0,0,0,0,0,1,6,1,6,237,256,0,20,0.0,0.0,0,0,0.0,0.0,0,0,Bot
80458,4,3,206,134,194,0,51.5,95.04209594,128,0,44.66666667,72.23111056,4225.807253,87.00191404,13409.66667,31668.80874,78049,70,80458,26819.33333,45728.05049,79620,70,78739,39369.5,54701.07349,78049,690,0,0,0,0,92,72,49.71537945,37.28653459,0,194,42.5,75.2880184,5668.285714,0,0,0,1,0,0,0,0,0,48.57142857,51.5,44.66666667,92,0,0,0,0,0,0,4,206,3,134,8192,237,3,20,0.0,0.0,0,0,0.0,0.0,0,0,Bot
4,1,1,6,6,6,6,6.0,0.0,6,6,6.0,0.0,3000000.0,500000.0,4.0,0.0,4,4,0,0.0,0.0,0,0,0,0.0,0.0,0,0,0,0,0,0,20,20,250000.0,250000.0,6,6,6.0,0.0,0.0,0,0,0,0,1,1,0,0,1,9.0,6.0,6.0,20,0,0,0,0,0,0,1,6,1,6,237,256,0,20,0.0,0.0,0,0,0.0,0.0,0,0,Bot
70522,4,3,207,134,195,0,51.75,95.54187564,128,0,44.66666667,72.23111056,4835.370523,99.25980545,11753.66667,27628.19445,68143,55,70522,23507.33333,40128.0105,69842,55,68761,34380.5,47747.3854,68143,618,0,0,0,0,92,72,56.71988883,42.53991662,0,195,42.625,75.57576615,5711.696429,0,0,0,1,0,0,0,0,0,48.71428571,51.75,44.66666667,92,0,0,0,0,0,0,4,207,3,134,8192,237,3,20,0.0,0.0,0,0,0.0,0.0,0,0,Bot
7,1,1,6,6,6,6,6.0,0.0,6,6,6.0,0.0,1714285.7140000002,285714.2857,7.0,0.0,7,7,0,0.0,0.0,0,0,0,0.0,0.0,0,0,0,0,0,0,20,20,142857.1429,142857.1429,6,6,6.0,0.0,0.0,0,0,0,0,1,1,0,0,1,9.0,6.0,6.0,20,0,0,0,0,0,0,1,6,1,6,237,256,0,20,0.0,0.0,0,0,0.0,0.0,0,0,Bot
124786,4,3,207,134,195,0,51.75,95.54187564,128,0,44.66666667,72.23111056,2732.678345,56.09603641,20797.66667,49885.59796,122624,51,124786,41595.33333,71379.85646,124017,92,123236,61618.0,86275.51259,122624,612,0,0,0,0,92,72,32.05487795,24.04115846,0,195,42.625,75.57576615,5711.696429,0,0,0,1,0,0,0,0,0,48.71428571,51.75,44.66666667,92,0,0,0,0,0,0,4,207,3,134,8192,237,3,20,0.0,0.0,0,0,0.0,0.0,0,0,Bot
0,1,1,6,6,6,6,6.0,0.0,6,6,6.0,0.0,inf,inf,0.0,0.0,0,0,0,0.0,0.0,0,0,0,0.0,0.0,0,0,0,0,0,0,20,20,0.0,0.0,6,6,6.0,0.0,0.0,0,0,0,0,1,0,0,0,1,9.0,6.0,6.0,20,0,0,0,0,0,0,1,6,1,6,256,237,0,20,0.0,0.0,0,0,0.0,0.0,0,0,Bot
98306,4,3,207,134,195,0,51.75,95.54187564,128,0,44.66666667,72.23111056,3468.760808,71.20623359999999,16384.33333,39068.29249,96129,48,98306,32768.66667,56141.23035,97594,48,96739,48369.5,67542.13263,96129,610,0,0,0,0,92,72,40.68927634,30.51695726,0,195,42.625,75.57576615,5711.696429,0,0,0,1,0,0,0,0,0,48.71428571,51.75,44.66666667,92,0,0,0,0,0,0,4,207,3,134,8192,237,3,20,0.0,0.0,0,0,0.0,0.0,0,0,Bot
3,1,1,6,6,6,6,6.0,0.0,6,6,6.0,0.0,4000000.0,666666.6667,3.0,0.0,3,3,0,0.0,0.0,0,0,0,0.0,0.0,0,0,0,0,0,0,20,20,333333.3333,333333.3333,6,6,6.0,0.0,0.0,0,0,0,0,1,1,0,0,1,9.0,6.0,6.0,20,0,0,0,0,0,0,1,6,1,6,237,256,0,20,0.0,0.0,0,0,0.0,0.0,0,0,Bot
66276,4,3,207,134,195,0,51.75,95.54187564,128,0,44.66666667,72.23111056,5145.150582,105.6189269,11046.0,25014.61933,62096,95,66276,22092.0,36054.11992,63721,866,64533,32266.5,42185.28346000001,62096,2437,0,0,0,0,92,72,60.35367252,45.26525439,0,195,42.625,75.57576615,5711.696429,0,0,0,1,0,0,0,0,0,48.71428571,51.75,44.66666667,92,0,0,0,0,0,0,4,207,3,134,8192,237,3,20,0.0,0.0,0,0,0.0,0.0,0,0,Bot
39,1,1,6,6,6,6,6.0,0.0,6,6,6.0,0.0,307692.3077,51282.05128,39.0,0.0,39,39,0,0.0,0.0,0,0,0,0.0,0.0,0,0,0,0,0,0,20,20,25641.02564,25641.02564,6,6,6.0,0.0,0.0,0,0,0,0,1,1,0,0,1,9.0,6.0,6.0,20,0,0,0,0,0,0,1,6,1,6,237,256,0,20,0.0,0.0,0,0,0.0,0.0,0,0,Bot
59248,4,3,207,134,195,0,51.75,95.54187564,128,0,44.66666667,72.23111056,5755.468539,118.147448,9874.666667,23206.99424,57241,48,59248,19749.33333,33710.5974,58674,48,57847,28923.5,40046.99255,57241,606,0,0,0,0,92,72,67.51282744,50.63462058,0,195,42.625,75.57576615,5711.696429,0,0,0,1,0,0,0,0,0,48.71428571,51.75,44.66666667,92,0,0,0,0,0,0,4,207,3,134,8192,237,3,20,0.0,0.0,0,0,0.0,0.0,0,0,Bot
2,1,1,6,6,6,6,6.0,0.0,6,6,6.0,0.0,6000000.0,1000000.0,2.0,0.0,2,2,0,0.0,0.0,0,0,0,0.0,0.0,0,0,0,0,0,0,20,20,500000.0,500000.0,6,6,6.0,0.0,0.0,0,0,0,0,1,0,0,0,1,9.0,6.0,6.0,20,0,0,0,0,0,0,1,6,1,6,256,237,0,20,0.0,0.0,0,0,0.0,0.0,0,0,Bot
61529,4,3,207,134,195,0,51.75,95.54187564,128,0,44.66666667,72.23111056,5542.102097999999,113.7674918,10254.83333,24150.10996,59547,45,61529,20509.66667,34980.76479,60901,71,60143,30071.5,41684.65186000001,59547,596,0,0,0,0,92,72,65.00999529,48.75749647,0,195,42.625,75.57576615,5711.696429,0,0,0,1,0,0,0,0,0,48.71428571,51.75,44.66666667,92,0,0,0,0,0,0,4,207,3,134,8192,237,3,20,0.0,0.0,0,0,0.0,0.0,0,0,Bot
1,1,1,6,6,6,6,6.0,0.0,6,6,6.0,0.0,12000000.0,2000000.0,1.0,0.0,1,1,0,0.0,0.0,0,0,0,0.0,0.0,0,0,0,0,0,0,20,20,1000000.0,1000000.0,6,6,6.0,0.0,0.0,0,0,0,0,1,0,0,0,1,9.0,6.0,6.0,20,0,0,0,0,0,0,1,6,1,6,256,237,0,20,0.0,0.0,0,0,0.0,0.0,0,0,Bot
63843,4,3,207,134,195,0,51.75,95.54187564,128,0,44.66666667,72.23111056,5341.227699,109.6439704,10640.5,24941.20116,61546,4,63843,21281.0,36097.72412,62960,4,62125,31062.5,43110.17913,61546,579,0,0,0,0,92,72,62.65369735,46.99027301,0,195,42.625,75.57576615,5711.696429,0,0,0,1,0,0,0,0,0,48.71428571,51.75,44.66666667,92,0,0,0,0,0,0,4,207,3,134,8192,237,3,20,0.0,0.0,0,0,0.0,0.0,0,0,Bot
28,1,1,6,6,6,6,6.0,0.0,6,6,6.0,0.0,428571.4286,71428.57143,28.0,0.0,28,28,0,0.0,0.0,0,0,0,0.0,0.0,0,0,0,0,0,0,20,20,35714.285710000004,35714.285710000004,6,6,6.0,0.0,0.0,0,0,0,0,1,1,0,0,1,9.0,6.0,6.0,20,0,0,0,0,0,0,1,6,1,6,237,256,0,20,0.0,0.0,0,0,0.0,0.0,0,0,Bot
146372,4,3,207,134,195,0,51.75,95.54187564,128,0,44.66666667,72.23111056,2329.68054,47.82335419,24395.33333,58722.06621000001,144259,3,146372,48790.66667,83984.50226000001,145767,3,144858,72429.0,101582.9602,144259,599,0,0,0,0,92,72,27.32763097,20.49572323,0,195,42.625,75.57576615,5711.696429,0,0,0,1,0,0,0,0,0,48.71428571,51.75,44.66666667,92,0,0,0,0,0,0,4,207,3,134,8192,237,3,20,0.0,0.0,0,0,0.0,0.0,0,0,Bot
67,1,1,6,6,6,6,6.0,0.0,6,6,6.0,0.0,179104.4776,29850.74627,67.0,0.0,67,67,0,0.0,0.0,0,0,0,0.0,0.0,0,0,0,0,0,0,20,20,14925.373130000002,14925.373130000002,6,6,6.0,0.0,0.0,0,0,0,0,1,1,0,0,1,9.0,6.0,6.0,20,0,0,0,0,0,0,1,6,1,6,237,256,0,20,0.0,0.0,0,0,0.0,0.0,0,0,Bot
66381,4,3,207,134,195,0,51.75,95.54187564,128,0,44.66666667,72.23111056,5137.012097,105.4518612,11063.5,25949.31795,64027,18,66381,22127.0,37649.70408,65599,18,64720,32360.0,44783.90088,64027,693,0,0,0,0,92,72,60.25820641,45.19365481,0,195,42.625,75.57576615,5711.696429,0,0,0,1,0,0,0,0,0,48.71428571,51.75,44.66666667,92,0,0,0,0,0,0,4,207,3,134,8192,237,3,20,0.0,0.0,0,0,0.0,0.0,0,0,Bot
91244,4,3,206,134,194,0,51.5,95.04209594,128,0,44.66666667,72.23111056,3726.272412,76.71737320000001,15207.33333,36103.11221,88899,75,91244,30414.66667,52095.84216,90569,75,89739,44869.5,62267.11604,88899,840,0,0,0,0,92,72,43.83849897,32.87887423,0,194,42.5,75.2880184,5668.285714,0,0,0,1,0,0,0,0,0,48.57142857,51.5,44.66666667,92,0,0,0,0,0,0,4,206,3,134,8192,237,3,20,0.0,0.0,0,0,0.0,0.0,0,0,Bot
90,1,1,6,6,6,6,6.0,0.0,6,6,6.0,0.0,133333.3333,22222.22222,90.0,0.0,90,90,0,0.0,0.0,0,0,0,0.0,0.0,0,0,0,0,0,0,20,20,11111.11111,11111.11111,6,6,6.0,0.0,0.0,0,0,0,0,1,1,0,0,1,9.0,6.0,6.0,20,0,0,0,0,0,0,1,6,1,6,237,256,0,20,0.0,0.0,0,0,0.0,0.0,0,0,Bot
70,1,1,6,6,6,6,6.0,0.0,6,6,6.0,0.0,171428.5714,28571.42857,70.0,0.0,70,70,0,0.0,0.0,0,0,0,0.0,0.0,0,0,0,0,0,0,20,20,14285.71429,14285.71429,6,6,6.0,0.0,0.0,0,0,0,0,1,1,0,0,1,9.0,6.0,6.0,20,0,0,0,0,0,0,1,6,1,6,237,256,0,20,0.0,0.0,0,0,0.0,0.0,0,0,Bot
63341,4,3,207,134,195,0,51.75,95.54187564,128,0,44.66666667,72.23111056,5383.558832,110.5129379,10556.83333,24791.335,61157,48,63341,21113.66667,35937.419780000004,62609,48,61764,30882.0,42815.3156,61157,607,0,0,0,0,92,72,63.15025023,47.36268767,0,195,42.625,75.57576615,5711.696429,0,0,0,1,0,0,0,0,0,48.71428571,51.75,44.66666667,92,0,0,0,0,0,0,4,207,3,134,8192,237,3,20,0.0,0.0,0,0,0.0,0.0,0,0,Bot
8,1,1,6,6,6,6,6.0,0.0,6,6,6.0,0.0,1500000.0,250000.0,8.0,0.0,8,8,0,0.0,0.0,0,0,0,0.0,0.0,0,0,0,0,0,0,20,20,125000.0,125000.0,6,6,6.0,0.0,0.0,0,0,0,0,1,1,0,0,1,9.0,6.0,6.0,20,0,0,0,0,0,0,1,6,1,6,237,256,0,20,0.0,0.0,0,0,0.0,0.0,0,0,Bot
63096,4,3,207,134,195,0,51.75,95.54187564,128,0,44.66666667,72.23111056,5404.46304,110.9420565,10516.0,24746.92297,61026,49,63096,21032.0,35873.535469999995,62454,49,61642,30821.0,42716.32065,61026,616,0,0,0,0,92,72,63.39546089,47.54659566,0,195,42.625,75.57576615,5711.696429,0,0,0,1,0,0,0,0,0,48.71428571,51.75,44.66666667,92,0,0,0,0,0,0,4,207,3,134,8192,237,3,20,0.0,0.0,0,0,0.0,0.0,0,0,Bot
48,1,1,6,6,6,6,6.0,0.0,6,6,6.0,0.0,250000.0,41666.66667,48.0,0.0,48,48,0,0.0,0.0,0,0,0,0.0,0.0,0,0,0,0,0,0,20,20,20833.33333,20833.33333,6,6,6.0,0.0,0.0,0,0,0,0,1,1,0,0,1,9.0,6.0,6.0,20,0,0,0,0,0,0,1,6,1,6,237,256,0,20,0.0,0.0,0,0,0.0,0.0,0,0,Bot
102679,4,3,207,134,195,0,51.75,95.54187564,128,0,44.66666667,72.23111056,3321.029617,68.17362849,17113.16667,40742.07682,100274,54,102679,34226.33333,58475.20155,101746,54,100887,50443.5,70470.96892,100274,613,0,0,0,0,92,72,38.95635914,29.21726935,0,195,42.625,75.57576615,5711.696429,0,0,0,1,0,0,0,0,0,48.71428571,51.75,44.66666667,92,0,0,0,0,0,0,4,207,3,134,8192,237,3,20,0.0,0.0,0,0,0.0,0.0,0,0,Bot
19,1,1,6,6,6,6,6.0,0.0,6,6,6.0,0.0,631578.9474,105263.1579,19.0,0.0,19,19,0,0.0,0.0,0,0,0,0.0,0.0,0,0,0,0,0,0,20,20,52631.57895,52631.57895,6,6,6.0,0.0,0.0,0,0,0,0,1,1,0,0,1,9.0,6.0,6.0,20,0,0,0,0,0,0,1,6,1,6,237,256,0,20,0.0,0.0,0,0,0.0,0.0,0,0,Bot
53900,4,3,207,134,195,0,51.75,95.54187564,128,0,44.66666667,72.23111056,6326.530612,129.87012990000002,8983.333333,20960.1369,51762,36,53900,17966.66667,30519.74248,53206,36,52336,26168.0,36195.38192,51762,574,0,0,0,0,92,72,74.21150278,55.65862709,0,195,42.625,75.57576615,5711.696429,0,0,0,1,0,0,0,0,0,48.71428571,51.75,44.66666667,92,0,0,0,0,0,0,4,207,3,134,8192,237,3,20,0.0,0.0,0,0,0.0,0.0,0,0,Bot
60,1,1,6,6,6,6,6.0,0.0,6,6,6.0,0.0,200000.0,33333.33333,60.0,0.0,60,60,0,0.0,0.0,0,0,0,0.0,0.0,0,0,0,0,0,0,20,20,16666.66667,16666.66667,6,6,6.0,0.0,0.0,0,0,0,0,1,1,0,0,1,9.0,6.0,6.0,20,0,0,0,0,0,0,1,6,1,6,237,256,0,20,0.0,0.0,0,0,0.0,0.0,0,0,Bot
54896,4,3,207,134,195,0,51.75,95.54187564,128,0,44.66666667,72.23111056,6211.745847,127.5138444,9149.333333,21327.17971,52678,23,54896,18298.66667,30938.36561,54020,23,53290,26645.0,36816.22167,52678,612,0,0,0,0,92,72,72.86505392,54.64879044,0,195,42.625,75.57576615,5711.696429,0,0,0,1,0,0,0,0,0,48.71428571,51.75,44.66666667,92,0,0,0,0,0,0,4,207,3,134,8192,237,3,20,0.0,0.0,0,0,0.0,0.0,0,0,Bot
64,1,1,6,6,6,6,6.0,0.0,6,6,6.0,0.0,187500.0,31250.0,64.0,0.0,64,64,0,0.0,0.0,0,0,0,0.0,0.0,0,0,0,0,0,0,20,20,15625.0,15625.0,6,6,6.0,0.0,0.0,0,0,0,0,1,1,0,0,1,9.0,6.0,6.0,20,0,0,0,0,0,0,1,6,1,6,237,256,0,20,0.0,0.0,0,0,0.0,0.0,0,0,Bot
69103,4,3,207,134,195,0,51.75,95.54187564,128,0,44.66666667,72.23111056,4934.66275,101.2980623,11517.16667,27281.11405,67201,26,69103,23034.33333,39434.91451,68569,26,67810,33905.0,47087.65477,67201,609,0,0,0,0,92,72,57.88460704,43.41345528,0,195,42.625,75.57576615,5711.696429,0,0,0,1,0,0,0,0,0,48.71428571,51.75,44.66666667,92,0,0,0,0,0,0,4,207,3,134,8192,237,3,20,0.0,0.0,0,0,0.0,0.0,0,0,Bot
36,1,1,6,6,6,6,6.0,0.0,6,6,6.0,0.0,333333.3333,55555.55556,36.0,0.0,36,36,0,0.0,0.0,0,0,0,0.0,0.0,0,0,0,0,0,0,20,20,27777.77778,27777.77778,6,6,6.0,0.0,0.0,0,0,0,0,1,1,0,0,1,9.0,6.0,6.0,20,0,0,0,0,0,0,1,6,1,6,237,256,0,20,0.0,0.0,0,0,0.0,0.0,0,0,Bot
64953,4,3,207,134,195,0,51.75,95.54187564,128,0,44.66666667,72.23111056,5249.949964,107.77023390000002,10825.5,25641.83636,63164,22,64953,21651.0,36994.13376,64367,22,63778,31889.0,44229.52916000001,63164,614,0,0,0,0,92,72,61.58299078,46.18724308,0,195,42.625,75.57576615,5711.696429,0,0,0,1,0,0,0,0,0,48.71428571,51.75,44.66666667,92,0,0,0,0,0,0,4,207,3,134,8192,237,3,20,0.0,0.0,0,0,0.0,0.0,0,0,Bot
34,1,1,6,6,6,6,6.0,0.0,6,6,6.0,0.0,352941.1765,58823.52941,34.0,0.0,34,34,0,0.0,0.0,0,0,0,0.0,0.0,0,0,0,0,0,0,20,20,29411.764710000003,29411.764710000003,6,6,6.0,0.0,0.0,0,0,0,0,1,1,0,0,1,9.0,6.0,6.0,20,0,0,0,0,0,0,1,6,1,6,237,256,0,20,0.0,0.0,0,0,0.0,0.0,0,0,Bot
60469,4,3,207,134,195,0,51.75,95.54187564,128,0,44.66666667,72.23111056,5639.253171,115.7617953,10078.16667,23736.17199,58526,23,60469,20156.33333,34295.93886,59756,23,59132,29566.0,40955.62477,58526,606,0,0,0,0,92,72,66.14959731,49.61219799,0,195,42.625,75.57576615,5711.696429,0,0,0,1,0,0,0,0,0,48.71428571,51.75,44.66666667,92,0,0,0,0,0,0,4,207,3,134,8192,237,3,20,0.0,0.0,0,0,0.0,0.0,0,0,Bot
31,1,1,6,6,6,6,6.0,0.0,6,6,6.0,0.0,387096.7742,64516.12903,31.0,0.0,31,31,0,0.0,0.0,0,0,0,0.0,0.0,0,0,0,0,0,0,20,20,32258.06452,32258.06452,6,6,6.0,0.0,0.0,0,0,0,0,1,1,0,0,1,9.0,6.0,6.0,20,0,0,0,0,0,0,1,6,1,6,237,256,0,20,0.0,0.0,0,0,0.0,0.0,0,0,Bot
72661,4,3,207,134,195,0,51.75,95.54187564,128,0,44.66666667,72.23111056,4693.02652,96.33778781,12110.16667,28649.82499,70588,52,72661,24220.33333,41300.86769,71909,52,71196,35598.0,49483.33255,70588,608,0,0,0,0,92,72,55.05016446,41.28762335,0,195,42.625,75.57576615,5711.696429,0,0,0,1,0,0,0,0,0,48.71428571,51.75,44.66666667,92,0,0,0,0,0,0,4,207,3,134,8192,237,3,20,0.0,0.0,0,0,0.0,0.0,0,0,Bot
32,1,1,6,6,6,6,6.0,0.0,6,6,6.0,0.0,375000.0,62500.0,32.0,0.0,32,32,0,0.0,0.0,0,0,0,0.0,0.0,0,0,0,0,0,0,20,20,31250.0,31250.0,6,6,6.0,0.0,0.0,0,0,0,0,1,1,0,0,1,9.0,6.0,6.0,20,0,0,0,0,0,0,1,6,1,6,237,256,0,20,0.0,0.0,0,0,0.0,0.0,0,0,Bot
121206,4,3,206,134,194,0,51.5,95.04209594,128,0,44.66666667,72.23111056,2805.14166,57.75291652,20201.0,48365.63664,118924,55,121206,40402.0,69371.86229,120505,55,119584,59792.0,83625.27637,118924,660,0,0,0,0,92,72,33.00166658,24.75124994,0,194,42.5,75.2880184,5668.285714,0,0,0,1,0,0,0,0,0,48.57142857,51.5,44.66666667,92,0,0,0,0,0,0,4,206,3,134,8192,237,3,20,0.0,0.0,0,0,0.0,0.0,0,0,Bot
92,1,1,6,6,6,6,6.0,0.0,6,6,6.0,0.0,130434.7826,21739.13043,92.0,0.0,92,92,0,0.0,0.0,0,0,0,0.0,0.0,0,0,0,0,0,0,20,20,10869.56522,10869.56522,6,6,6.0,0.0,0.0,0,0,0,0,1,1,0,0,1,9.0,6.0,6.0,20,0,0,0,0,0,0,1,6,1,6,237,256,0,20,0.0,0.0,0,0,0.0,0.0,0,0,Bot
76790,4,3,207,134,195,0,51.75,95.54187564,128,0,44.66666667,72.23111056,4440.6823810000005,91.15770283,12798.33333,30426.15009,74903,26,76790,25596.66667,43762.48121000001,76128,26,75512,37756.0,52533.7912,74903,609,0,0,0,0,92,72,52.0901159,39.06758693,0,195,42.625,75.57576615,5711.696429,0,0,0,1,0,0,0,0,0,48.71428571,51.75,44.66666667,92,0,0,0,0,0,0,4,207,3,134,8192,237,3,20,0.0,0.0,0,0,0.0,0.0,0,0,Bot
65,1,1,6,6,6,6,6.0,0.0,6,6,6.0,0.0,184615.3846,30769.23077,65.0,0.0,65,65,0,0.0,0.0,0,0,0,0.0,0.0,0,0,0,0,0,0,20,20,15384.61538,15384.61538,6,6,6.0,0.0,0.0,0,0,0,0,1,1,0,0,1,9.0,6.0,6.0,20,0,0,0,0,0,0,1,6,1,6,237,256,0,20,0.0,0.0,0,0,0.0,0.0,0,0,Bot
73289,4,3,207,134,195,0,51.75,95.54187564,128,0,44.66666667,72.23111056,4652.812837,95.51228697,12214.83333,28896.34325,71196,23,73289,24429.66667,41748.15011,72635,23,72030,36015.0,49753.44734,71196,834,0,0,0,0,92,72,54.5784497,40.93383727,0,195,42.625,75.57576615,5711.696429,0,0,0,1,0,0,0,0,0,48.71428571,51.75,44.66666667,92,0,0,0,0,0,0,4,207,3,134,8192,237,3,20,0.0,0.0,0,0,0.0,0.0,0,0,Bot
39,1,1,6,6,6,6,6.0,0.0,6,6,6.0,0.0,307692.3077,51282.05128,39.0,0.0,39,39,0,0.0,0.0,0,0,0,0.0,0.0,0,0,0,0,0,0,20,20,25641.02564,25641.02564,6,6,6.0,0.0,0.0,0,0,0,0,1,1,0,0,1,9.0,6.0,6.0,20,0,0,0,0,0,0,1,6,1,6,237,256,0,20,0.0,0.0,0,0,0.0,0.0,0,0,Bot
77676,4,3,207,134,195,0,51.75,95.54187564,128,0,44.66666667,72.23111056,4390.030383,90.11792574,12946.0,30647.50889,75501,21,77676,25892.0,44217.98551000001,76949,21,76106,38053.0,52959.46948,75501,605,0,0,0,0,92,72,51.49595757,38.62196818,0,195,42.625,75.57576615,5711.696429,0,0,0,1,0,0,0,0,0,48.71428571,51.75,44.66666667,92,0,0,0,0,0,0,4,207,3,134,8192,237,3,20,0.0,0.0,0,0,0.0,0.0,0,0,Bot
66,1,1,6,6,6,6,6.0,0.0,6,6,6.0,0.0,181818.1818,30303.0303,66.0,0.0,66,66,0,0.0,0.0,0,0,0,0.0,0.0,0,0,0,0,0,0,20,20,15151.51515,15151.51515,6,6,6.0,0.0,0.0,0,0,0,0,1,1,0,0,1,9.0,6.0,6.0,20,0,0,0,0,0,0,1,6,1,6,237,256,0,20,0.0,0.0,0,0,0.0,0.0,0,0,Bot
72235,4,3,207,134,195,0,51.75,95.54187564,128,0,44.66666667,72.23111056,4720.70326,96.90593203,12039.16667,28385.79577,69977,3,72235,24078.33333,40980.41796,71396,3,70586,35293.0,49050.5832,69977,609,0,0,0,0,92,72,55.3748183,41.53111373,0,195,42.625,75.57576615,5711.696429,0,0,0,1,0,0,0,0,0,48.71428571,51.75,44.66666667,92,0,0,0,0,0,0,4,207,3,134,8192,237,3,20,0.0,0.0,0,0,0.0,0.0,0,0,Bot
61,1,1,6,6,6,6,6.0,0.0,6,6,6.0,0.0,196721.3115,32786.88525,61.0,0.0,61,61,0,0.0,0.0,0,0,0,0.0,0.0,0,0,0,0,0,0,20,20,16393.442619999998,16393.442619999998,6,6,6.0,0.0,0.0,0,0,0,0,1,1,0,0,1,9.0,6.0,6.0,20,0,0,0,0,0,0,1,6,1,6,237,256,0,20,0.0,0.0,0,0,0.0,0.0,0,0,Bot
65459,4,3,207,134,195,0,51.75,95.54187564,128,0,44.66666667,72.23111056,5209.367696,106.9371668,10909.83333,25645.49165,63254,24,65459,21819.66667,37061.401,64612,24,63864,31932.0,44295.9972,63254,610,0,0,0,0,92,72,61.10695244,45.83021433,0,195,42.625,75.57576615,5711.696429,0,0,0,1,0,0,0,0,0,48.71428571,51.75,44.66666667,92,0,0,0,0,0,0,4,207,3,134,8192,237,3,20,0.0,0.0,0,0,0.0,0.0,0,0,Bot
36,1,1,6,6,6,6,6.0,0.0,6,6,6.0,0.0,333333.3333,55555.55556,36.0,0.0,36,36,0,0.0,0.0,0,0,0,0.0,0.0,0,0,0,0,0,0,20,20,27777.77778,27777.77778,6,6,6.0,0.0,0.0,0,0,0,0,1,1,0,0,1,9.0,6.0,6.0,20,0,0,0,0,0,0,1,6,1,6,237,256,0,20,0.0,0.0,0,0,0.0,0.0,0,0,Bot
86430,4,3,207,134,195,0,51.75,95.54187564,128,0,44.66666667,72.23111056,3945.389332,80.99039685,14405.0,34242.105019999995,84298,21,86430,28810.0,49225.40473,85649,21,84847,42423.5,59219.48582,84298,549,0,0,0,0,92,72,46.28022677,34.71017008,0,195,42.625,75.57576615,5711.696429,0,0,0,1,0,0,0,0,0,48.71428571,51.75,44.66666667,92,0,0,0,0,0,0,4,207,3,134,8192,237,3,20,0.0,0.0,0,0,0.0,0.0,0,0,Bot
68,1,1,6,6,6,6,6.0,0.0,6,6,6.0,0.0,176470.5882,29411.764710000003,68.0,0.0,68,68,0,0.0,0.0,0,0,0,0.0,0.0,0,0,0,0,0,0,20,20,14705.88235,14705.88235,6,6,6.0,0.0,0.0,0,0,0,0,1,1,0,0,1,9.0,6.0,6.0,20,0,0,0,0,0,0,1,6,1,6,237,256,0,20,0.0,0.0,0,0,0.0,0.0,0,0,Bot
66050,4,3,207,134,195,0,51.75,95.54187564,128,0,44.66666667,72.23111056,5162.755488000001,105.9803179,11008.33333,26017.39741,64113,23,66050,22016.66667,37505.06902,65322,23,64714,32357.0,44909.76589,64113,601,0,0,0,0,92,72,60.56018168,45.42013626,0,195,42.625,75.57576615,5711.696429,0,0,0,1,0,0,0,0,0,48.71428571,51.75,44.66666667,92,0,0,0,0,0,0,4,207,3,134,8192,237,3,20,0.0,0.0,0,0,0.0,0.0,0,0,Bot
34,1,1,6,6,6,6,6.0,0.0,6,6,6.0,0.0,352941.1765,58823.52941,34.0,0.0,34,34,0,0.0,0.0,0,0,0,0.0,0.0,0,0,0,0,0,0,20,20,29411.764710000003,29411.764710000003,6,6,6.0,0.0,0.0,0,0,0,0,1,1,0,0,1,9.0,6.0,6.0,20,0,0,0,0,0,0,1,6,1,6,237,256,0,20,0.0,0.0,0,0,0.0,0.0,0,0,Bot
78871,4,3,206,134,194,0,51.5,95.04209594,128,0,44.66666667,72.23111056,4310.836683,88.75251994,13145.16667,30981.83644,76382,91,78871,26290.33333,44890.16102,78124,91,77233,38616.5,53408.48229,76382,851,0,0,0,0,92,72,50.71572568,38.03679426,0,194,42.5,75.2880184,5668.285714,0,0,0,1,0,0,0,0,0,48.57142857,51.5,44.66666667,92,0,0,0,0,0,0,4,206,3,134,8192,237,3,20,0.0,0.0,0,0,0.0,0.0,0,0,Bot
59,1,1,6,6,6,6,6.0,0.0,6,6,6.0,0.0,203389.8305,33898.30508,59.0,0.0,59,59,0,0.0,0.0,0,0,0,0.0,0.0,0,0,0,0,0,0,20,20,16949.15254,16949.15254,6,6,6.0,0.0,0.0,0,0,0,0,1,1,0,0,1,9.0,6.0,6.0,20,0,0,0,0,0,0,1,6,1,6,237,256,0,20,0.0,0.0,0,0,0.0,0.0,0,0,Bot
74319,4,3,207,134,195,0,51.75,95.54187564,128,0,44.66666667,72.23111056,4588.328691,94.18856551,12386.5,29430.12535,72458,56,74319,24773.0,42345.16972,73668,56,73061,36530.5,50809.15776,72458,603,0,0,0,0,92,72,53.82203743,40.36652807,0,195,42.625,75.57576615,5711.696429,0,0,0,1,0,0,0,0,0,48.71428571,51.75,44.66666667,92,0,0,0,0,0,0,4,207,3,134,8192,237,3,20,0.0,0.0,0,0,0.0,0.0,0,0,Bot
3,1,1,6,6,6,6,6.0,0.0,6,6,6.0,0.0,4000000.0,666666.6667,3.0,0.0,3,3,0,0.0,0.0,0,0,0,0.0,0.0,0,0,0,0,0,0,20,20,333333.3333,333333.3333,6,6,6.0,0.0,0.0,0,0,0,0,1,1,0,0,1,9.0,6.0,6.0,20,0,0,0,0,0,0,1,6,1,6,237,256,0,20,0.0,0.0,0,0,0.0,0.0,0,0,Bot
68412,4,3,207,134,195,0,51.75,95.54187564,128,0,44.66666667,72.23111056,4984.505642,102.3212302,11402.0,26888.02265,66283,54,68412,22804.0,38787.45668,67590,54,66871,33435.5,46453.37999,66283,588,0,0,0,0,92,72,58.4692744,43.8519558,0,195,42.625,75.57576615,5711.696429,0,0,0,1,0,0,0,0,0,48.71428571,51.75,44.66666667,92,0,0,0,0,0,0,4,207,3,134,8192,237,3,20,0.0,0.0,0,0,0.0,0.0,0,0,Bot
3,1,1,6,6,6,6,6.0,0.0,6,6,6.0,0.0,4000000.0,666666.6667,3.0,0.0,3,3,0,0.0,0.0,0,0,0,0.0,0.0,0,0,0,0,0,0,20,20,333333.3333,333333.3333,6,6,6.0,0.0,0.0,0,0,0,0,1,1,0,0,1,9.0,6.0,6.0,20,0,0,0,0,0,0,1,6,1,6,237,256,0,20,0.0,0.0,0,0,0.0,0.0,0,0,Bot
79451,4,3,206,134,194,0,51.5,95.04209594,128,0,44.66666667,72.23111056,4279.367157,88.10461794,13241.83333,31342.02165,77214,52,79451,26483.66667,45227.8654,78707,52,77784,38892.0,54195.49214,77214,570,0,0,0,0,92,72,50.34549597,37.75912197,0,194,42.5,75.2880184,5668.285714,0,0,0,1,0,0,0,0,0,48.57142857,51.5,44.66666667,92,0,0,0,0,0,0,4,206,3,134,8192,237,3,20,0.0,0.0,0,0,0.0,0.0,0,0,Bot
26,1,1,6,6,6,6,6.0,0.0,6,6,6.0,0.0,461538.4615,76923.07692,26.0,0.0,26,26,0,0.0,0.0,0,0,0,0.0,0.0,0,0,0,0,0,0,20,20,38461.53846,38461.53846,6,6,6.0,0.0,0.0,0,0,0,0,1,1,0,0,1,9.0,6.0,6.0,20,0,0,0,0,0,0,1,6,1,6,237,256,0,20,0.0,0.0,0,0,0.0,0.0,0,0,Bot
76434,4,3,207,134,195,0,51.75,95.54187564,128,0,44.66666667,72.23111056,4461.365361,91.58228014,12739.0,30195.746560000003,74372,28,76434,25478.0,43566.42371,75783,28,74954,37477.0,52177.40938000001,74372,582,0,0,0,0,92,72,52.33273151,39.24954863,0,195,42.625,75.57576615,5711.696429,0,0,0,1,0,0,0,0,0,48.71428571,51.75,44.66666667,92,0,0,0,0,0,0,4,207,3,134,8192,237,3,20,0.0,0.0,0,0,0.0,0.0,0,0,Bot
67,1,1,6,6,6,6,6.0,0.0,6,6,6.0,0.0,179104.4776,29850.74627,67.0,0.0,67,67,0,0.0,0.0,0,0,0,0.0,0.0,0,0,0,0,0,0,20,20,14925.373130000002,14925.373130000002,6,6,6.0,0.0,0.0,0,0,0,0,1,1,0,0,1,9.0,6.0,6.0,20,0,0,0,0,0,0,1,6,1,6,237,256,0,20,0.0,0.0,0,0,0.0,0.0,0,0,Bot
70530,4,3,207,134,195,0,51.75,95.54187564,128,0,44.66666667,72.23111056,4834.822061999999,99.24854672,11755.0,27733.81047,68362,48,70530,23510.0,40111.12239,69825,48,68970,34485.0,47909.31285,68362,608,0,0,0,0,92,72,56.71345527,42.53509145,0,195,42.625,75.57576615,5711.696429,0,0,0,1,0,0,0,0,0,48.71428571,51.75,44.66666667,92,0,0,0,0,0,0,4,207,3,134,8192,237,3,20,0.0,0.0,0,0,0.0,0.0,0,0,Bot
37,1,1,6,6,6,6,6.0,0.0,6,6,6.0,0.0,324324.3243,54054.05405,37.0,0.0,37,37,0,0.0,0.0,0,0,0,0.0,0.0,0,0,0,0,0,0,20,20,27027.02703,27027.02703,6,6,6.0,0.0,0.0,0,0,0,0,1,1,0,0,1,9.0,6.0,6.0,20,0,0,0,0,0,0,1,6,1,6,237,256,0,20,0.0,0.0,0,0,0.0,0.0,0,0,Bot
73457,4,3,206,134,194,0,51.5,95.04209594,128,0,44.66666667,72.23111056,4628.558204,95.29384538,12242.83333,28964.27811000001,71362,98,73457,24485.66667,41858.47266,72819,99,72006,36003.0,50005.17735,71362,644,0,0,0,0,92,72,54.45362593,40.84021945,0,194,42.5,75.2880184,5668.285714,0,0,0,1,0,0,0,0,0,48.57142857,51.5,44.66666667,92,0,0,0,0,0,0,4,206,3,134,8192,237,3,20,0.0,0.0,0,0,0.0,0.0,0,0,Bot
51,1,1,6,6,6,6,6.0,0.0,6,6,6.0,0.0,235294.1176,39215.68627,51.0,0.0,51,51,0,0.0,0.0,0,0,0,0.0,0.0,0,0,0,0,0,0,20,20,19607.84314,19607.84314,6,6,6.0,0.0,0.0,0,0,0,0,1,1,0,0,1,9.0,6.0,6.0,20,0,0,0,0,0,0,1,6,1,6,237,256,0,20,0.0,0.0,0,0,0.0,0.0,0,0,Bot
79411,4,3,207,134,195,0,51.75,95.54187564,128,0,44.66666667,72.23111056,4294.115425,88.14899699,13235.16667,31462.39425,77454,21,79411,26470.33333,45373.22244,78862,21,78030,39015.0,54360.95512000001,77454,576,0,0,0,0,92,72,50.37085542,37.77814157,0,195,42.625,75.57576615,5711.696429,0,0,0,1,0,0,0,0,0,48.71428571,51.75,44.66666667,92,0,0,0,0,0,0,4,207,3,134,8192,237,3,20,0.0,0.0,0,0,0.0,0.0,0,0,Bot
35,1,1,6,6,6,6,6.0,0.0,6,6,6.0,0.0,342857.1429,57142.85714,35.0,0.0,35,35,0,0.0,0.0,0,0,0,0.0,0.0,0,0,0,0,0,0,20,20,28571.42857,28571.42857,6,6,6.0,0.0,0.0,0,0,0,0,1,1,0,0,1,9.0,6.0,6.0,20,0,0,0,0,0,0,1,6,1,6,237,256,0,20,0.0,0.0,0,0,0.0,0.0,0,0,Bot
70751,4,3,207,134,195,0,51.75,95.54187564,128,0,44.66666667,72.23111056,4819.719863,98.9385309,11791.83333,27786.11513,68506,24,70751,23583.66667,40217.35603,70021,24,69283,34641.5,47891.63518000001,68506,777,0,0,0,0,92,72,56.53630337,42.40222753,0,195,42.625,75.57576615,5711.696429,0,0,0,1,0,0,0,0,0,48.71428571,51.75,44.66666667,92,0,0,0,0,0,0,4,207,3,134,8192,237,3,20,0.0,0.0,0,0,0.0,0.0,0,0,Bot
35,1,1,6,6,6,6,6.0,0.0,6,6,6.0,0.0,342857.1429,57142.85714,35.0,0.0,35,35,0,0.0,0.0,0,0,0,0.0,0.0,0,0,0,0,0,0,20,20,28571.42857,28571.42857,6,6,6.0,0.0,0.0,0,0,0,0,1,1,0,0,1,9.0,6.0,6.0,20,0,0,0,0,0,0,1,6,1,6,237,256,0,20,0.0,0.0,0,0,0.0,0.0,0,0,Bot
120667,4,3,206,134,194,0,51.5,95.04209594,128,0,44.66666667,72.23111056,2817.671774,58.01088947,20111.16667,48037.9003,118165,57,120667,40222.33333,68826.68523999999,119695,57,118817,59408.5,83094.23917999999,118165,652,0,0,0,0,92,72,33.1490797,24.86180977,0,194,42.5,75.2880184,5668.285714,0,0,0,1,0,0,0,0,0,48.57142857,51.5,44.66666667,92,0,0,0,0,0,0,4,206,3,134,8192,237,3,20,0.0,0.0,0,0,0.0,0.0,0,0,Bot
94,1,1,6,6,6,6,6.0,0.0,6,6,6.0,0.0,127659.5745,21276.59574,94.0,0.0,94,94,0,0.0,0.0,0,0,0,0.0,0.0,0,0,0,0,0,0,20,20,10638.29787,10638.29787,6,6,6.0,0.0,0.0,0,0,0,0,1,1,0,0,1,9.0,6.0,6.0,20,0,0,0,0,0,0,1,6,1,6,237,256,0,20,0.0,0.0,0,0,0.0,0.0,0,0,Bot
72297,4,3,207,134,195,0,51.75,95.54187564,128,0,44.66666667,72.23111056,4716.65491,96.82282806,12049.5,28486.00113,70192,24,72297,24099.0,41200.43664,71672,24,70809,35404.5,49196.9543,70192,617,0,0,0,0,92,72,55.32733032,41.49549774,0,195,42.625,75.57576615,5711.696429,0,0,0,1,0,0,0,0,0,48.71428571,51.75,44.66666667,92,0,0,0,0,0,0,4,207,3,134,8192,237,3,20,0.0,0.0,0,0,0.0,0.0,0,0,Bot
53,1,1,6,6,6,6,6.0,0.0,6,6,6.0,0.0,226415.0943,37735.84906,53.0,0.0,53,53,0,0.0,0.0,0,0,0,0.0,0.0,0,0,0,0,0,0,20,20,18867.92453,18867.92453,6,6,6.0,0.0,0.0,0,0,0,0,1,1,0,0,1,9.0,6.0,6.0,20,0,0,0,0,0,0,1,6,1,6,237,256,0,20,0.0,0.0,0,0,0.0,0.0,0,0,Bot
72799,4,3,207,134,195,0,51.75,95.54187564,128,0,44.66666667,72.23111056,4684.130277,96.15516697,12133.16667,28770.03276,70857,24,72799,24266.33333,41373.87456,72039,24,71467,35733.5,49672.13006,70857,610,0,0,0,0,92,72,54.94580970000001,41.20935727,0,195,42.625,75.57576615,5711.696429,0,0,0,1,0,0,0,0,0,48.71428571,51.75,44.66666667,92,0,0,0,0,0,0,4,207,3,134,8192,237,3,20,0.0,0.0,0,0,0.0,0.0,0,0,Bot
2,1,1,6,6,6,6,6.0,0.0,6,6,6.0,0.0,6000000.0,1000000.0,2.0,0.0,2,2,0,0.0,0.0,0,0,0,0.0,0.0,0,0,0,0,0,0,20,20,500000.0,500000.0,6,6,6.0,0.0,0.0,0,0,0,0,1,1,0,0,1,9.0,6.0,6.0,20,0,0,0,0,0,0,1,6,1,6,237,256,0,20,0.0,0.0,0,0,0.0,0.0,0,0,Bot
75793,4,3,206,134,194,0,51.5,95.04209594,128,0,44.66666667,72.23111056,4485.902392,92.35681395,12632.16667,28995.2624,71786,89,75793,25264.33333,42918.15297,74820,106,72358,36179.0,50355.90232,71786,572,0,0,0,0,92,72,52.77532226,39.58149169,0,194,42.5,75.2880184,5668.285714,0,0,0,1,0,0,0,0,0,48.57142857,51.5,44.66666667,92,0,0,0,0,0,0,4,206,3,134,8192,237,3,20,0.0,0.0,0,0,0.0,0.0,0,0,Bot
84,1,1,6,6,6,6,6.0,0.0,6,6,6.0,0.0,142857.1429,23809.52381,84.0,0.0,84,84,0,0.0,0.0,0,0,0,0.0,0.0,0,0,0,0,0,0,20,20,11904.7619,11904.7619,6,6,6.0,0.0,0.0,0,0,0,0,1,1,0,0,1,9.0,6.0,6.0,20,0,0,0,0,0,0,1,6,1,6,237,256,0,20,0.0,0.0,0,0,0.0,0.0,0,0,Bot
68082,4,3,207,134,195,0,51.75,95.54187564,128,0,44.66666667,72.23111056,5008.666020000001,102.817191,11347.0,25980.81016,64346,19,68082,22694.0,38734.2468,67419,19,64969,32484.5,45058.96542,64346,623,0,0,0,0,92,72,58.75268059,44.06451044,0,195,42.625,75.57576615,5711.696429,0,0,0,1,0,0,0,0,0,48.71428571,51.75,44.66666667,92,0,0,0,0,0,0,4,207,3,134,8192,237,3,20,0.0,0.0,0,0,0.0,0.0,0,0,Bot
38,1,1,6,6,6,6,6.0,0.0,6,6,6.0,0.0,315789.4737,52631.57895,38.0,0.0,38,38,0,0.0,0.0,0,0,0,0.0,0.0,0,0,0,0,0,0,20,20,26315.78947,26315.78947,6,6,6.0,0.0,0.0,0,0,0,0,1,1,0,0,1,9.0,6.0,6.0,20,0,0,0,0,0,0,1,6,1,6,237,256,0,20,0.0,0.0,0,0,0.0,0.0,0,0,Bot
66585,4,3,207,134,195,0,51.75,95.54187564,128,0,44.66666667,72.23111056,5121.2735600000005,105.1287828,11097.5,26203.74465,64581,23,66585,22195.0,37996.72528,66069,23,65190,32595.0,45235.03501,64581,609,0,0,0,0,92,72,60.07359015,45.05519261,0,195,42.625,75.57576615,5711.696429,0,0,0,1,0,0,0,0,0,48.71428571,51.75,44.66666667,92,0,0,0,0,0,0,4,207,3,134,8192,237,3,20,0.0,0.0,0,0,0.0,0.0,0,0,Bot
40,1,1,6,6,6,6,6.0,0.0,6,6,6.0,0.0,300000.0,50000.0,40.0,0.0,40,40,0,0.0,0.0,0,0,0,0.0,0.0,0,0,0,0,0,0,20,20,25000.0,25000.0,6,6,6.0,0.0,0.0,0,0,0,0,1,1,0,0,1,9.0,6.0,6.0,20,0,0,0,0,0,0,1,6,1,6,237,256,0,20,0.0,0.0,0,0,0.0,0.0,0,0,Bot
73911,4,3,206,134,194,0,51.5,95.04209594,128,0,44.66666667,72.23111056,4600.12718,94.70850076,12318.5,28968.08084,71444,70,73911,24637.0,41921.54433,73042,70,72106,36053.0,50050.43219,71444,662,0,0,0,0,92,72,54.11914329,40.58935747,0,194,42.5,75.2880184,5668.285714,0,0,0,1,0,0,0,0,0,48.57142857,51.5,44.66666667,92,0,0,0,0,0,0,4,206,3,134,8192,237,3,20,0.0,0.0,0,0,0.0,0.0,0,0,Bot
125,1,1,6,6,6,6,6.0,0.0,6,6,6.0,0.0,96000.0,16000.0,125.0,0.0,125,125,0,0.0,0.0,0,0,0,0.0,0.0,0,0,0,0,0,0,20,20,8000.0,8000.0,6,6,6.0,0.0,0.0,0,0,0,0,1,1,0,0,1,9.0,6.0,6.0,20,0,0,0,0,0,0,1,6,1,6,237,256,0,20,0.0,0.0,0,0,0.0,0.0,0,0,Bot
76828,4,3,207,134,195,0,51.75,95.54187564,128,0,44.66666667,72.23111056,4438.485968999999,91.11261519,12804.66667,30097.67452,74235,45,76828,25609.33333,43560.17751,75906,45,74856,37428.0,52052.95859,74235,621,0,0,0,0,92,72,52.06435154,39.04826365,0,195,42.625,75.57576615,5711.696429,0,0,0,1,0,0,0,0,0,48.71428571,51.75,44.66666667,92,0,0,0,0,0,0,4,207,3,134,8192,237,3,20,0.0,0.0,0,0,0.0,0.0,0,0,Bot
4,1,1,6,6,6,6,6.0,0.0,6,6,6.0,0.0,3000000.0,500000.0,4.0,0.0,4,4,0,0.0,0.0,0,0,0,0.0,0.0,0,0,0,0,0,0,20,20,250000.0,250000.0,6,6,6.0,0.0,0.0,0,0,0,0,1,1,0,0,1,9.0,6.0,6.0,20,0,0,0,0,0,0,1,6,1,6,237,256,0,20,0.0,0.0,0,0,0.0,0.0,0,0,Bot
62757,4,3,207,134,195,0,51.75,95.54187564,128,0,44.66666667,72.23111056,5433.656803,111.541342,10459.5,23821.4848,59049,18,62757,20919.0,35651.35847,62084,18,59671,29835.5,41314.1279,59049,622,0,0,0,0,92,72,63.73790972,47.80343229,0,195,42.625,75.57576615,5711.696429,0,0,0,1,0,0,0,0,0,48.71428571,51.75,44.66666667,92,0,0,0,0,0,0,4,207,3,134,8192,237,3,20,0.0,0.0,0,0,0.0,0.0,0,0,Bot
43,1,1,6,6,6,6,6.0,0.0,6,6,6.0,0.0,279069.7674,46511.62791,43.0,0.0,43,43,0,0.0,0.0,0,0,0,0.0,0.0,0,0,0,0,0,0,20,20,23255.81395,23255.81395,6,6,6.0,0.0,0.0,0,0,0,0,1,1,0,0,1,9.0,6.0,6.0,20,0,0,0,0,0,0,1,6,1,6,237,256,0,20,0.0,0.0,0,0,0.0,0.0,0,0,Bot
79204,4,3,206,134,194,0,51.5,95.04209594,128,0,44.66666667,72.23111056,4292.7124890000005,88.37937478,13200.66667,24166.61504,60745,59,79204,26401.33333,31917.30635,62078,557,77889,38944.5,30830.56277,60745,17144,0,0,0,0,92,72,50.50249987,37.87687491,0,194,42.5,75.2880184,5668.285714,0,0,0,1,0,0,0,0,0,48.57142857,51.5,44.66666667,92,0,0,0,0,0,0,4,206,3,134,8192,237,3,20,0.0,0.0,0,0,0.0,0.0,0,0,Bot
48,1,1,6,6,6,6,6.0,0.0,6,6,6.0,0.0,250000.0,41666.66667,48.0,0.0,48,48,0,0.0,0.0,0,0,0,0.0,0.0,0,0,0,0,0,0,20,20,20833.33333,20833.33333,6,6,6.0,0.0,0.0,0,0,0,0,1,1,0,0,1,9.0,6.0,6.0,20,0,0,0,0,0,0,1,6,1,6,237,256,0,20,0.0,0.0,0,0,0.0,0.0,0,0,Bot
197145,5,4,213,140,195,0,42.6,85.23379611,128,0,35.0,62.0644826,1790.560248,45.6516777,24643.125,68826.98241,194980,24,197145,49286.25,97667.04434,195786,24,195789,65263.0,112338.4034,194980,200,0,0,0,0,112,92,25.36204317,20.28963453,0,195,35.3,68.41710312,4680.9,0,0,0,1,0,0,0,0,0,39.22222222,42.6,35.0,112,0,0,0,0,0,0,5,213,4,140,8192,237,4,20,0.0,0.0,0,0,0.0,0.0,0,0,Bot
39,1,1,6,6,6,6,6.0,0.0,6,6,6.0,0.0,307692.3077,51282.05128,39.0,0.0,39,39,0,0.0,0.0,0,0,0,0.0,0.0,0,0,0,0,0,0,20,20,25641.02564,25641.02564,6,6,6.0,0.0,0.0,0,0,0,0,1,1,0,0,1,9.0,6.0,6.0,20,0,0,0,0,0,0,1,6,1,6,237,256,0,20,0.0,0.0,0,0,0.0,0.0,0,0,Bot
66679,4,3,1053,134,1041,0,263.25,518.5077144999998,128,0,44.66666667,72.23111056,17801.706680000003,104.9805786,11113.16667,26224.80616,64640,62,66679,22226.33333,37961.84983,66060,66,65223,32611.5,45295.13908,64640,583,0,0,0,0,92,72,59.98890205,44.99167654,0,1041,148.375,363.328241,132007.4107,0,0,0,1,0,0,0,0,0,169.5714286,263.25,44.66666667,92,0,0,0,0,0,0,4,1053,3,134,8192,245,3,20,0.0,0.0,0,0,0.0,0.0,0,0,Bot
0,1,1,6,6,6,6,6.0,0.0,6,6,6.0,0.0,inf,inf,0.0,0.0,0,0,0,0.0,0.0,0,0,0,0.0,0.0,0,0,0,0,0,0,20,20,0.0,0.0,6,6,6.0,0.0,0.0,0,0,0,0,1,1,0,0,1,9.0,6.0,6.0,20,0,0,0,0,0,0,1,6,1,6,245,256,0,20,0.0,0.0,0,0,0.0,0.0,0,0,Bot
67835,4,3,207,134,195,0,51.75,95.54187564,128,0,44.66666667,72.23111056,5026.903515999999,103.1915678,11305.83333,26692.68081,65788,53,67835,22611.66667,38623.29874,67209,53,66403,33201.5,46084.27025,65788,615,0,0,0,0,92,72,58.96661016,44.22495762,0,195,42.625,75.57576615,5711.696429,0,0,0,1,0,0,0,0,0,48.71428571,51.75,44.66666667,92,0,0,0,0,0,0,4,207,3,134,8192,237,3,20,0.0,0.0,0,0,0.0,0.0,0,0,Bot
3,1,1,6,6,6,6,6.0,0.0,6,6,6.0,0.0,4000000.0,666666.6667,3.0,0.0,3,3,0,0.0,0.0,0,0,0,0.0,0.0,0,0,0,0,0,0,20,20,333333.3333,333333.3333,6,6,6.0,0.0,0.0,0,0,0,0,1,1,0,0,1,9.0,6.0,6.0,20,0,0,0,0,0,0,1,6,1,6,237,256,0,20,0.0,0.0,0,0,0.0,0.0,0,0,Bot
71792,4,3,207,134,195,0,51.75,95.54187564,128,0,44.66666667,72.23111056,4749.83285,97.50390016,11965.33333,28252.20659,69631,60,71792,23930.66667,40709.45808,70936,62,70209,35104.5,48827.84456000001,69631,578,0,0,0,0,92,72,55.71651437,41.78738578,0,195,42.625,75.57576615,5711.696429,0,0,0,1,0,0,0,0,0,48.71428571,51.75,44.66666667,92,0,0,0,0,0,0,4,207,3,134,8192,237,3,20,0.0,0.0,0,0,0.0,0.0,0,0,Bot
4,1,1,6,6,6,6,6.0,0.0,6,6,6.0,0.0,3000000.0,500000.0,4.0,0.0,4,4,0,0.0,0.0,0,0,0,0.0,0.0,0,0,0,0,0,0,20,20,250000.0,250000.0,6,6,6.0,0.0,0.0,0,0,0,0,1,1,0,0,1,9.0,6.0,6.0,20,0,0,0,0,0,0,1,6,1,6,237,256,0,20,0.0,0.0,0,0,0.0,0.0,0,0,Bot
71766,4,3,207,134,195,0,51.75,95.54187564,128,0,44.66666667,72.23111056,4751.553661,97.5392247,11961.0,28320.07336,69766,54,71766,23922.0,40834.14899,71072,54,70399,35199.5,48884.4131,69766,633,0,0,0,0,92,72,55.73669983,41.80252487,0,195,42.625,75.57576615,5711.696429,0,0,0,1,0,0,0,0,0,48.71428571,51.75,44.66666667,92,0,0,0,0,0,0,4,207,3,134,8192,237,3,20,0.0,0.0,0,0,0.0,0.0,0,0,Bot
3,1,1,6,6,6,6,6.0,0.0,6,6,6.0,0.0,4000000.0,666666.6667,3.0,0.0,3,3,0,0.0,0.0,0,0,0,0.0,0.0,0,0,0,0,0,0,20,20,333333.3333,333333.3333,6,6,6.0,0.0,0.0,0,0,0,0,1,1,0,0,1,9.0,6.0,6.0,20,0,0,0,0,0,0,1,6,1,6,237,256,0,20,0.0,0.0,0,0,0.0,0.0,0,0,Bot
75708,4,3,207,134,195,0,51.75,95.54187564,128,0,44.66666667,72.23111056,4504.147514,92.46050616,12618.0,29920.45178,73690,52,75708,25236.0,43109.15932,75013,52,74349,37174.5,51640.71534,73690,659,0,0,0,0,92,72,52.83457495,39.62593121,0,195,42.625,75.57576615,5711.696429,0,0,0,1,0,0,0,0,0,48.71428571,51.75,44.66666667,92,0,0,0,0,0,0,4,207,3,134,8192,237,3,20,0.0,0.0,0,0,0.0,0.0,0,0,Bot
4,1,1,6,6,6,6,6.0,0.0,6,6,6.0,0.0,3000000.0,500000.0,4.0,0.0,4,4,0,0.0,0.0,0,0,0,0.0,0.0,0,0,0,0,0,0,20,20,250000.0,250000.0,6,6,6.0,0.0,0.0,0,0,0,0,1,1,0,0,1,9.0,6.0,6.0,20,0,0,0,0,0,0,1,6,1,6,237,256,0,20,0.0,0.0,0,0,0.0,0.0,0,0,Bot
79235,4,3,207,134,195,0,51.75,95.54187564,128,0,44.66666667,72.23111056,4303.653688,88.34479712,13205.83333,31380.05053,77257,23,79235,26411.66667,45218.08953000001,78624,23,77870,38935.0,54195.49214,77257,613,0,0,0,0,92,72,50.48274121,37.86205591,0,195,42.625,75.57576615,5711.696429,0,0,0,1,0,0,0,0,0,48.71428571,51.75,44.66666667,92,0,0,0,0,0,0,4,207,3,134,8192,237,3,20,0.0,0.0,0,0,0.0,0.0,0,0,Bot
33,1,1,6,6,6,6,6.0,0.0,6,6,6.0,0.0,363636.3636,60606.06061,33.0,0.0,33,33,0,0.0,0.0,0,0,0,0.0,0.0,0,0,0,0,0,0,20,20,30303.0303,30303.0303,6,6,6.0,0.0,0.0,0,0,0,0,1,1,0,0,1,9.0,6.0,6.0,20,0,0,0,0,0,0,1,6,1,6,237,256,0,20,0.0,0.0,0,0,0.0,0.0,0,0,Bot
61105,4,3,207,134,195,0,51.75,95.54187564,128,0,44.66666667,72.23111056,5580.558056,114.5569102,10184.16667,23922.80673,59012,22,61105,20368.33333,34733.76623,60474,22,59709,29854.5,41234.93194,59012,697,0,0,0,0,92,72,65.46109156,49.09581867,0,195,42.625,75.57576615,5711.696429,0,0,0,1,0,0,0,0,0,48.71428571,51.75,44.66666667,92,0,0,0,0,0,0,4,207,3,134,8192,237,3,20,0.0,0.0,0,0,0.0,0.0,0,0,Bot
34,1,1,6,6,6,6,6.0,0.0,6,6,6.0,0.0,352941.1765,58823.52941,34.0,0.0,34,34,0,0.0,0.0,0,0,0,0.0,0.0,0,0,0,0,0,0,20,20,29411.764710000003,29411.764710000003,6,6,6.0,0.0,0.0,0,0,0,0,1,1,0,0,1,9.0,6.0,6.0,20,0,0,0,0,0,0,1,6,1,6,237,256,0,20,0.0,0.0,0,0,0.0,0.0,0,0,Bot
81532,4,3,207,134,195,0,51.75,95.54187564,128,0,44.66666667,72.23111056,4182.406908,85.85586028,13588.66667,32322.97043,79565,22,81532,27177.33333,46424.34518,80782,22,80146,40073.0,55850.12201,79565,581,0,0,0,0,92,72,49.06049159,36.79536869,0,195,42.625,75.57576615,5711.696429,0,0,0,1,0,0,0,0,0,48.71428571,51.75,44.66666667,92,0,0,0,0,0,0,4,207,3,134,8192,237,3,20,0.0,0.0,0,0,0.0,0.0,0,0,Bot
32,1,1,6,6,6,6,6.0,0.0,6,6,6.0,0.0,375000.0,62500.0,32.0,0.0,32,32,0,0.0,0.0,0,0,0,0.0,0.0,0,0,0,0,0,0,20,20,31250.0,31250.0,6,6,6.0,0.0,0.0,0,0,0,0,1,1,0,0,1,9.0,6.0,6.0,20,0,0,0,0,0,0,1,6,1,6,237,256,0,20,0.0,0.0,0,0,0.0,0.0,0,0,Bot
74804,4,3,206,134,194,0,51.5,95.04209594,128,0,44.66666667,72.23111056,4545.211486,93.57788354,12467.33333,29422.217460000003,72521,94,74804,24934.66667,42502.42789,74011,94,73180,36590.0,50814.10751,72521,659,0,0,0,0,92,72,53.47307631,40.10480723,0,194,42.5,75.2880184,5668.285714,0,0,0,1,0,0,0,0,0,48.57142857,51.5,44.66666667,92,0,0,0,0,0,0,4,206,3,134,8192,237,3,20,0.0,0.0,0,0,0.0,0.0,0,0,Bot
83,1,1,6,6,6,6,6.0,0.0,6,6,6.0,0.0,144578.3133,24096.38554,83.0,0.0,83,83,0,0.0,0.0,0,0,0,0.0,0.0,0,0,0,0,0,0,20,20,12048.19277,12048.19277,6,6,6.0,0.0,0.0,0,0,0,0,1,1,0,0,1,9.0,6.0,6.0,20,0,0,0,0,0,0,1,6,1,6,237,256,0,20,0.0,0.0,0,0,0.0,0.0,0,0,Bot
69912,4,3,207,134,195,0,51.75,95.54187564,128,0,44.66666667,72.23111056,4877.560362,100.1258725,11652.0,27407.209960000004,67592,25,69912,23304.0,39517.74302,68932,25,68203,34101.5,47362.71931,67592,611,0,0,0,0,92,72,57.2147843,42.91108823,0,195,42.625,75.57576615,5711.696429,0,0,0,1,0,0,0,0,0,48.71428571,51.75,44.66666667,92,0,0,0,0,0,0,4,207,3,134,8192,237,3,20,0.0,0.0,0,0,0.0,0.0,0,0,Bot
36,1,1,6,6,6,6,6.0,0.0,6,6,6.0,0.0,333333.3333,55555.55556,36.0,0.0,36,36,0,0.0,0.0,0,0,0,0.0,0.0,0,0,0,0,0,0,20,20,27777.77778,27777.77778,6,6,6.0,0.0,0.0,0,0,0,0,1,1,0,0,1,9.0,6.0,6.0,20,0,0,0,0,0,0,1,6,1,6,237,256,0,20,0.0,0.0,0,0,0.0,0.0,0,0,Bot
65318,4,3,207,134,195,0,51.75,95.54187564,128,0,44.66666667,72.23111056,5220.613001,107.1680088,10886.33333,25649.80999,63240,22,65318,21772.66667,37054.915,64558,22,63865,31932.5,44275.4911,63240,625,0,0,0,0,92,72,61.23886218,45.92914664,0,195,42.625,75.57576615,5711.696429,0,0,0,1,0,0,0,0,0,48.71428571,51.75,44.66666667,92,0,0,0,0,0,0,4,207,3,134,8192,237,3,20,0.0,0.0,0,0,0.0,0.0,0,0,Bot
34,1,1,6,6,6,6,6.0,0.0,6,6,6.0,0.0,352941.1765,58823.52941,34.0,0.0,34,34,0,0.0,0.0,0,0,0,0.0,0.0,0,0,0,0,0,0,20,20,29411.764710000003,29411.764710000003,6,6,6.0,0.0,0.0,0,0,0,0,1,1,0,0,1,9.0,6.0,6.0,20,0,0,0,0,0,0,1,6,1,6,237,256,0,20,0.0,0.0,0,0,0.0,0.0,0,0,Bot
77554,4,3,207,134,195,0,51.75,95.54187564,128,0,44.66666667,72.23111056,4396.936328,90.25969002,12925.66667,30773.87003,75740,21,77554,25851.33333,44283.83827,76985,21,76313,38156.5,53151.09542,75740,573,0,0,0,0,92,72,51.57696573,38.6827243,0,195,42.625,75.57576615,5711.696429,0,0,0,1,0,0,0,0,0,48.71428571,51.75,44.66666667,92,0,0,0,0,0,0,4,207,3,134,8192,237,3,20,0.0,0.0,0,0,0.0,0.0,0,0,Bot
33,1,1,6,6,6,6,6.0,0.0,6,6,6.0,0.0,363636.3636,60606.06061,33.0,0.0,33,33,0,0.0,0.0,0,0,0,0.0,0.0,0,0,0,0,0,0,20,20,30303.0303,30303.0303,6,6,6.0,0.0,0.0,0,0,0,0,1,1,0,0,1,9.0,6.0,6.0,20,0,0,0,0,0,0,1,6,1,6,237,256,0,20,0.0,0.0,0,0,0.0,0.0,0,0,Bot
74845,4,3,207,134,195,0,51.75,95.54187564,128,0,44.66666667,72.23111056,4556.082571,93.52662168,12474.16667,29562.61509,72815,22,74845,24948.33333,42672.36647,74221,22,73422,36711.0,51058.76646,72815,607,0,0,0,0,92,72,53.44378382,40.08283786,0,195,42.625,75.57576615,5711.696429,0,0,0,1,0,0,0,0,0,48.71428571,51.75,44.66666667,92,0,0,0,0,0,0,4,207,3,134,8192,237,3,20,0.0,0.0,0,0,0.0,0.0,0,0,Bot
39,1,1,6,6,6,6,6.0,0.0,6,6,6.0,0.0,307692.3077,51282.05128,39.0,0.0,39,39,0,0.0,0.0,0,0,0,0.0,0.0,0,0,0,0,0,0,20,20,25641.02564,25641.02564,6,6,6.0,0.0,0.0,0,0,0,0,1,1,0,0,1,9.0,6.0,6.0,20,0,0,0,0,0,0,1,6,1,6,237,256,0,20,0.0,0.0,0,0,0.0,0.0,0,0,Bot
86573,4,3,207,134,195,0,51.75,95.54187564,128,0,44.66666667,72.23111056,3938.872397,80.85661811,14428.83333,34274.80733,84389,23,86573,28857.66667,49334.68157,85823,23,85139,42569.5,59141.70407000001,84389,750,0,0,0,0,92,72,46.20378178,34.65283633,0,195,42.625,75.57576615,5711.696429,0,0,0,1,0,0,0,0,0,48.71428571,51.75,44.66666667,92,0,0,0,0,0,0,4,207,3,134,8192,237,3,20,0.0,0.0,0,0,0.0,0.0,0,0,Bot
47,1,1,6,6,6,6,6.0,0.0,6,6,6.0,0.0,255319.1489,42553.19149,47.0,0.0,47,47,0,0.0,0.0,0,0,0,0.0,0.0,0,0,0,0,0,0,20,20,21276.59574,21276.59574,6,6,6.0,0.0,0.0,0,0,0,0,1,1,0,0,1,9.0,6.0,6.0,20,0,0,0,0,0,0,1,6,1,6,237,256,0,20,0.0,0.0,0,0,0.0,0.0,0,0,Bot
58659,4,3,207,134,195,0,51.75,95.54187564,128,0,44.66666667,72.23111056,5813.259687,119.33377659999998,9776.5,22985.76472,56692,22,58659,19553.0,33302.66697,58006,22,57292,28646.0,39663.03357,56692,600,0,0,0,0,92,72,68.19072947,51.1430471,0,195,42.625,75.57576615,5711.696429,0,0,0,1,0,0,0,0,0,48.71428571,51.75,44.66666667,92,0,0,0,0,0,0,4,207,3,134,8192,237,3,20,0.0,0.0,0,0,0.0,0.0,0,0,Bot
35,1,1,6,6,6,6,6.0,0.0,6,6,6.0,0.0,342857.1429,57142.85714,35.0,0.0,35,35,0,0.0,0.0,0,0,0,0.0,0.0,0,0,0,0,0,0,20,20,28571.42857,28571.42857,6,6,6.0,0.0,0.0,0,0,0,0,1,1,0,0,1,9.0,6.0,6.0,20,0,0,0,0,0,0,1,6,1,6,237,256,0,20,0.0,0.0,0,0,0.0,0.0,0,0,Bot
82147,4,3,207,134,195,0,51.75,95.54187564,128,0,44.66666667,72.23111056,4151.094988,85.2130936,13691.16667,32608.6549,80251,31,82147,27382.33333,46860.4211,81491,31,80876,40438.0,56304.08456,80251,625,0,0,0,0,92,72,48.69319634,36.51989726,0,195,42.625,75.57576615,5711.696429,0,0,0,1,0,0,0,0,0,48.71428571,51.75,44.66666667,92,0,0,0,0,0,0,4,207,3,134,8192,237,3,20,0.0,0.0,0,0,0.0,0.0,0,0,Bot
32,1,1,6,6,6,6,6.0,0.0,6,6,6.0,0.0,375000.0,62500.0,32.0,0.0,32,32,0,0.0,0.0,0,0,0,0.0,0.0,0,0,0,0,0,0,20,20,31250.0,31250.0,6,6,6.0,0.0,0.0,0,0,0,0,1,1,0,0,1,9.0,6.0,6.0,20,0,0,0,0,0,0,1,6,1,6,237,256,0,20,0.0,0.0,0,0,0.0,0.0,0,0,Bot
87850,4,3,207,134,195,0,51.75,95.54187564,128,0,44.66666667,72.23111056,3881.616392,79.6812749,14641.66667,34651.11094,85368,45,87850,29283.33333,49896.76475,86897,45,85934,42967.0,59964.06926,85368,566,0,0,0,0,92,72,45.53215709,34.14911781,0,195,42.625,75.57576615,5711.696429,0,0,0,1,0,0,0,0,0,48.71428571,51.75,44.66666667,92,0,0,0,0,0,0,4,207,3,134,8192,237,3,20,0.0,0.0,0,0,0.0,0.0,0,0,Bot
40,1,1,6,6,6,6,6.0,0.0,6,6,6.0,0.0,300000.0,50000.0,40.0,0.0,40,40,0,0.0,0.0,0,0,0,0.0,0.0,0,0,0,0,0,0,20,20,25000.0,25000.0,6,6,6.0,0.0,0.0,0,0,0,0,1,1,0,0,1,9.0,6.0,6.0,20,0,0,0,0,0,0,1,6,1,6,237,256,0,20,0.0,0.0,0,0,0.0,0.0,0,0,Bot
64912,4,3,207,134,195,0,51.75,95.54187564,128,0,44.66666667,72.23111056,5253.26596,107.8383042,10818.66667,25551.82566,62973,40,64912,21637.33333,36810.87652,64141,40,63553,31776.5,44118.5134,62973,580,0,0,0,0,92,72,61.62188809,46.21641607,0,195,42.625,75.57576615,5711.696429,0,0,0,1,0,0,0,0,0,48.71428571,51.75,44.66666667,92,0,0,0,0,0,0,4,207,3,134,8192,237,3,20,0.0,0.0,0,0,0.0,0.0,0,0,Bot
50,1,1,6,6,6,6,6.0,0.0,6,6,6.0,0.0,240000.0,40000.0,50.0,0.0,50,50,0,0.0,0.0,0,0,0,0.0,0.0,0,0,0,0,0,0,20,20,20000.0,20000.0,6,6,6.0,0.0,0.0,0,0,0,0,1,1,0,0,1,9.0,6.0,6.0,20,0,0,0,0,0,0,1,6,1,6,237,256,0,20,0.0,0.0,0,0,0.0,0.0,0,0,Bot
122917,4,3,207,134,195,0,51.75,95.54187564,128,0,44.66666667,72.23111056,2774.229765,56.9489981,20486.16667,49289.32798,121096,41,122917,40972.33333,70490.23746,122367,41,121700,60850.0,85200.71028,121096,604,0,0,0,0,92,72,32.54228463,24.40671347,0,195,42.625,75.57576615,5711.696429,0,0,0,1,0,0,0,0,0,48.71428571,51.75,44.66666667,92,0,0,0,0,0,0,4,207,3,134,8192,237,3,20,0.0,0.0,0,0,0.0,0.0,0,0,Bot
48,1,1,6,6,6,6,6.0,0.0,6,6,6.0,0.0,250000.0,41666.66667,48.0,0.0,48,48,0,0.0,0.0,0,0,0,0.0,0.0,0,0,0,0,0,0,20,20,20833.33333,20833.33333,6,6,6.0,0.0,0.0,0,0,0,0,1,1,0,0,1,9.0,6.0,6.0,20,0,0,0,0,0,0,1,6,1,6,237,256,0,20,0.0,0.0,0,0,0.0,0.0,0,0,Bot
66386,4,3,206,134,194,0,51.5,95.04209594,128,0,44.66666667,72.23111056,5121.561775,105.4439189,11064.33333,25858.55062,63842,70,66386,22128.66667,37427.43387,65343,70,64493,32246.5,44682.78461,63842,651,0,0,0,0,92,72,60.25366794,45.19025096,0,194,42.5,75.2880184,5668.285714,0,0,0,1,0,0,0,0,0,48.57142857,51.5,44.66666667,92,0,0,0,0,0,0,4,206,3,134,8192,237,3,20,0.0,0.0,0,0,0.0,0.0,0,0,Bot
86,1,1,6,6,6,6,6.0,0.0,6,6,6.0,0.0,139534.8837,23255.81395,86.0,0.0,86,86,0,0.0,0.0,0,0,0,0.0,0.0,0,0,0,0,0,0,20,20,11627.90698,11627.90698,6,6,6.0,0.0,0.0,0,0,0,0,1,1,0,0,1,9.0,6.0,6.0,20,0,0,0,0,0,0,1,6,1,6,237,256,0,20,0.0,0.0,0,0,0.0,0.0,0,0,Bot
64018,4,3,207,134,195,0,51.75,95.54187564,128,0,44.66666667,72.23111056,5326.626886,109.3442469,10669.66667,25111.78034,61925,41,64018,21339.33333,36194.88304,63131,41,62529,31264.5,43360.49493,61925,604,0,0,0,0,92,72,62.48242682,46.86182011,0,195,42.625,75.57576615,5711.696429,0,0,0,1,0,0,0,0,0,48.71428571,51.75,44.66666667,92,0,0,0,0,0,0,4,207,3,134,8192,237,3,20,0.0,0.0,0,0,0.0,0.0,0,0,Bot
46,1,1,6,6,6,6,6.0,0.0,6,6,6.0,0.0,260869.5652,43478.26087,46.0,0.0,46,46,0,0.0,0.0,0,0,0,0.0,0.0,0,0,0,0,0,0,20,20,21739.13043,21739.13043,6,6,6.0,0.0,0.0,0,0,0,0,1,1,0,0,1,9.0,6.0,6.0,20,0,0,0,0,0,0,1,6,1,6,237,256,0,20,0.0,0.0,0,0,0.0,0.0,0,0,Bot
201470,5,4,213,145,195,0,42.6,85.23379611,129,0,36.25,61.96975069,1776.939495,44.67166327,25183.75,70418.76206000001,199460,3,201470,50367.5,99810.7906,200083,43,200075,66691.66667,114981.1527,199460,3,0,0,0,0,112,92,24.81759071,19.85407257,0,195,35.8,68.38908295,4677.066667,0,0,0,1,0,0,0,0,0,39.77777778,42.6,36.25,112,0,0,0,0,0,0,5,213,4,145,8192,237,4,20,0.0,0.0,0,0,0.0,0.0,0,0,Bot
160712,27,53,115100,434,13140,0,4262.962963,3320.650417000001,128,0,8.188679245,16.79406558,718888.4464,497.7848574,2034.329114,16662.81846,148247,0,160712,6181.230769,29986.98258,153199,3,159421,3065.788462,20530.2795,148247,0,0,0,0,0,552,1072,168.0023894,329.782468,0,13140,1426.345679,2767.192924,7657356.679,0,0,0,1,0,0,0,0,1,1444.175,4262.962963,8.188679245,552,0,0,0,0,0,0,27,115100,53,434,8192,1164,26,20,0.0,0.0,0,0,0.0,0.0,0,0,Bot
41,1,1,6,6,6,6,6.0,0.0,6,6,6.0,0.0,292682.9268,48780.4878,41.0,0.0,41,41,0,0.0,0.0,0,0,0,0.0,0.0,0,0,0,0,0,0,20,20,24390.2439,24390.2439,6,6,6.0,0.0,0.0,0,0,0,0,1,1,0,0,1,9.0,6.0,6.0,20,0,0,0,0,0,0,1,6,1,6,237,256,0,20,0.0,0.0,0,0,0.0,0.0,0,0,Bot
30,1,1,6,6,6,6,6.0,0.0,6,6,6.0,0.0,400000.0,66666.66667,30.0,0.0,30,30,0,0.0,0.0,0,0,0,0.0,0.0,0,0,0,0,0,0,20,20,33333.33333,33333.33333,6,6,6.0,0.0,0.0,0,0,0,0,1,1,0,0,1,9.0,6.0,6.0,20,0,0,0,0,0,0,1,6,1,6,1164,256,0,20,0.0,0.0,0,0,0.0,0.0,0,0,Bot
69044,4,3,207,134,195,0,51.75,95.54187564,128,0,44.66666667,72.23111056,4938.879555,101.3846243,11507.33333,27134.78908,66892,55,69044,23014.66667,39188.3787,68264,70,67505,33752.5,46866.33035,66892,613,0,0,0,0,92,72,57.93407103,43.45055327,0,195,42.625,75.57576615,5711.696429,0,0,0,1,0,0,0,0,0,48.71428571,51.75,44.66666667,92,0,0,0,0,0,0,4,207,3,134,8192,237,3,20,0.0,0.0,0,0,0.0,0.0,0,0,Bot
10,1,1,6,6,6,6,6.0,0.0,6,6,6.0,0.0,1200000.0,200000.0,10.0,0.0,10,10,0,0.0,0.0,0,0,0,0.0,0.0,0,0,0,0,0,0,20,20,100000.0,100000.0,6,6,6.0,0.0,0.0,0,0,0,0,1,1,0,0,1,9.0,6.0,6.0,20,0,0,0,0,0,0,1,6,1,6,237,256,0,20,0.0,0.0,0,0,0.0,0.0,0,0,Bot
88940,4,3,207,134,195,0,51.75,95.54187564,128,0,44.66666667,72.23111056,3834.045424,78.70474477,14823.33333,35319.9478,86917,36,88940,29646.66667,50757.15412,88255,49,87502,43751.0,61045.94263,86917,585,0,0,0,0,92,72,44.97413987,33.7306049,0,195,42.625,75.57576615,5711.696429,0,0,0,1,0,0,0,0,0,48.71428571,51.75,44.66666667,92,0,0,0,0,0,0,4,207,3,134,8192,237,3,20,0.0,0.0,0,0,0.0,0.0,0,0,Bot
21,1,1,6,6,6,6,6.0,0.0,6,6,6.0,0.0,571428.5714,95238.09524,21.0,0.0,21,21,0,0.0,0.0,0,0,0,0.0,0.0,0,0,0,0,0,0,20,20,47619.04762,47619.04762,6,6,6.0,0.0,0.0,0,0,0,0,1,1,0,0,1,9.0,6.0,6.0,20,0,0,0,0,0,0,1,6,1,6,237,256,0,20,0.0,0.0,0,0,0.0,0.0,0,0,Bot
114721,4,3,207,134,195,0,51.75,95.54187564,128,0,44.66666667,72.23111056,2972.428762,61.01759922,19120.16667,45829.91893,112668,50,114721,38240.33333,65583.66767000001,113969,69,113265,56632.5,79246.16407,112668,597,0,0,0,0,92,72,34.86719955,26.15039967,0,195,42.625,75.57576615,5711.696429,0,0,0,1,0,0,0,0,0,48.71428571,51.75,44.66666667,92,0,0,0,0,0,0,4,207,3,134,8192,237,3,20,0.0,0.0,0,0,0.0,0.0,0,0,Bot
19,1,1,6,6,6,6,6.0,0.0,6,6,6.0,0.0,631578.9474,105263.1579,19.0,0.0,19,19,0,0.0,0.0,0,0,0,0.0,0.0,0,0,0,0,0,0,20,20,52631.57895,52631.57895,6,6,6.0,0.0,0.0,0,0,0,0,1,1,0,0,1,9.0,6.0,6.0,20,0,0,0,0,0,0,1,6,1,6,237,256,0,20,0.0,0.0,0,0,0.0,0.0,0,0,Bot
64611,4,3,207,134,195,0,51.75,95.54187564,128,0,44.66666667,72.23111056,5277.739085,108.340685,10768.5,25355.37175,62521,43,64611,21537.0,36646.54849,63851,43,63129,31564.5,43779.10214,62521,608,0,0,0,0,92,72,61.90896287,46.43172215,0,195,42.625,75.57576615,5711.696429,0,0,0,1,0,0,0,0,0,48.71428571,51.75,44.66666667,92,0,0,0,0,0,0,4,207,3,134,8192,237,3,20,0.0,0.0,0,0,0.0,0.0,0,0,Bot
192824,5,4,213,145,195,0,42.6,85.23379611,129,0,36.25,61.96975069,1856.615359,46.6746878,24103.0,67158.88102999999,190310,4,192824,48206.0,95264.34248,191101,24,191113,63704.33333,109644.4441,190310,4,0,0,0,0,112,92,25.93038211,20.74430569,0,195,35.8,68.38908295,4677.066667,0,0,0,1,0,0,0,0,0,39.77777778,42.6,36.25,112,0,0,0,0,0,0,5,213,4,145,8192,237,4,20,0.0,0.0,0,0,0.0,0.0,0,0,Bot
34,1,1,6,6,6,6,6.0,0.0,6,6,6.0,0.0,352941.1765,58823.52941,34.0,0.0,34,34,0,0.0,0.0,0,0,0,0.0,0.0,0,0,0,0,0,0,20,20,29411.764710000003,29411.764710000003,6,6,6.0,0.0,0.0,0,0,0,0,1,1,0,0,1,9.0,6.0,6.0,20,0,0,0,0,0,0,1,6,1,6,237,256,0,20,0.0,0.0,0,0,0.0,0.0,0,0,Bot
52,1,1,6,6,6,6,6.0,0.0,6,6,6.0,0.0,230769.2308,38461.53846,52.0,0.0,52,52,0,0.0,0.0,0,0,0,0.0,0.0,0,0,0,0,0,0,20,20,19230.76923,19230.76923,6,6,6.0,0.0,0.0,0,0,0,0,1,1,0,0,1,9.0,6.0,6.0,20,0,0,0,0,0,0,1,6,1,6,237,256,0,20,0.0,0.0,0,0,0.0,0.0,0,0,Bot
90712,21,28,64938,284,7300,0,3092.285714,2399.381361,128,0,10.14285714,23.12560596,719000.7937,540.1710909,1889.833333,11892.04577,82557,3,90712,4535.6,19210.66567,86151,152,89515,3315.37037,15837.5934,82557,3,0,0,0,0,432,572,231.5018961,308.6691948,0,7300,1304.44,2170.707598,4711971.476,0,0,0,1,0,0,0,0,1,1331.061224,3092.285714,10.14285714,432,0,0,0,0,0,0,21,64938,28,284,8192,1210,20,20,0.0,0.0,0,0,0.0,0.0,0,0,Bot
3,1,1,6,6,6,6,6.0,0.0,6,6,6.0,0.0,4000000.0,666666.6667,3.0,0.0,3,3,0,0.0,0.0,0,0,0,0.0,0.0,0,0,0,0,0,0,20,20,333333.3333,333333.3333,6,6,6.0,0.0,0.0,0,0,0,0,1,1,0,0,1,9.0,6.0,6.0,20,0,0,0,0,0,0,1,6,1,6,1210,256,0,20,0.0,0.0,0,0,0.0,0.0,0,0,Bot
60257,4,3,207,134,195,0,51.75,95.54187564,128,0,44.66666667,72.23111056,5659.093549,116.1690758,10042.83333,23660.79681,58337,54,60257,20085.66667,34182.73562,59555,54,58937,29468.5,40826.22423,58337,600,0,0,0,0,92,72,66.38232902,49.78674677,0,195,42.625,75.57576615,5711.696429,0,0,0,1,0,0,0,0,0,48.71428571,51.75,44.66666667,92,0,0,0,0,0,0,4,207,3,134,8192,237,3,20,0.0,0.0,0,0,0.0,0.0,0,0,Bot
39,1,1,6,6,6,6,6.0,0.0,6,6,6.0,0.0,307692.3077,51282.05128,39.0,0.0,39,39,0,0.0,0.0,0,0,0,0.0,0.0,0,0,0,0,0,0,20,20,25641.02564,25641.02564,6,6,6.0,0.0,0.0,0,0,0,0,1,1,0,0,1,9.0,6.0,6.0,20,0,0,0,0,0,0,1,6,1,6,237,256,0,20,0.0,0.0,0,0,0.0,0.0,0,0,Bot
89694,4,3,207,134,195,0,51.75,95.54187564,128,0,44.66666667,72.23111056,3801.81506,78.04312440000001,14949.0,35516.936819999995,87444,17,89694,29898.0,51022.78239,88812,17,88028,44014.0,61419.29501,87444,584,0,0,0,0,92,72,44.59607109,33.44705331,0,195,42.625,75.57576615,5711.696429,0,0,0,1,0,0,0,0,0,48.71428571,51.75,44.66666667,92,0,0,0,0,0,0,4,207,3,134,8192,237,3,20,0.0,0.0,0,0,0.0,0.0,0,0,Bot
54,1,1,6,6,6,6,6.0,0.0,6,6,6.0,0.0,222222.2222,37037.03704,54.0,0.0,54,54,0,0.0,0.0,0,0,0,0.0,0.0,0,0,0,0,0,0,20,20,18518.51852,18518.51852,6,6,6.0,0.0,0.0,0,0,0,0,1,1,0,0,1,9.0,6.0,6.0,20,0,0,0,0,0,0,1,6,1,6,237,256,0,20,0.0,0.0,0,0,0.0,0.0,0,0,Bot
79121,4,3,207,134,195,0,51.75,95.54187564,128,0,44.66666667,72.23111056,4309.854527,88.47208706,13186.83333,31169.75647,76808,25,79121,26373.66667,44972.89953,78302,25,77532,38766.0,53799.51234,76808,724,0,0,0,0,92,72,50.55547832,37.91660874,0,195,42.625,75.57576615,5711.696429,0,0,0,1,0,0,0,0,0,48.71428571,51.75,44.66666667,92,0,0,0,0,0,0,4,207,3,134,8192,237,3,20,0.0,0.0,0,0,0.0,0.0,0,0,Bot
35,1,1,6,6,6,6,6.0,0.0,6,6,6.0,0.0,342857.1429,57142.85714,35.0,0.0,35,35,0,0.0,0.0,0,0,0,0.0,0.0,0,0,0,0,0,0,20,20,28571.42857,28571.42857,6,6,6.0,0.0,0.0,0,0,0,0,1,1,0,0,1,9.0,6.0,6.0,20,0,0,0,0,0,0,1,6,1,6,237,256,0,20,0.0,0.0,0,0,0.0,0.0,0,0,Bot
72932,4,3,207,134,195,0,51.75,95.54187564,128,0,44.66666667,72.23111056,4675.588219,95.97981682,12155.33333,28653.88785,70641,41,72932,24310.66667,41382.44551000001,72093,41,71409,35704.5,49407.67212,70641,768,0,0,0,0,92,72,54.84560961,41.13420721,0,195,42.625,75.57576615,5711.696429,0,0,0,1,0,0,0,0,0,48.71428571,51.75,44.66666667,92,0,0,0,0,0,0,4,207,3,134,8192,237,3,20,0.0,0.0,0,0,0.0,0.0,0,0,Bot
45,1,1,6,6,6,6,6.0,0.0,6,6,6.0,0.0,266666.6667,44444.44444,45.0,0.0,45,45,0,0.0,0.0,0,0,0,0.0,0.0,0,0,0,0,0,0,20,20,22222.22222,22222.22222,6,6,6.0,0.0,0.0,0,0,0,0,1,1,0,0,1,9.0,6.0,6.0,20,0,0,0,0,0,0,1,6,1,6,237,256,0,20,0.0,0.0,0,0,0.0,0.0,0,0,Bot
92548,4,3,207,134,195,0,51.75,95.54187564,128,0,44.66666667,72.23111056,3684.574491,75.6364265,15424.66667,36865.40709,90673,22,92548,30849.33333,53038.10518,92092,22,91286,45643.0,63682.03671,90673,613,0,0,0,0,92,72,43.22081514,32.41561136,0,195,42.625,75.57576615,5711.696429,0,0,0,1,0,0,0,0,0,48.71428571,51.75,44.66666667,92,0,0,0,0,0,0,4,207,3,134,8192,237,3,20,0.0,0.0,0,0,0.0,0.0,0,0,Bot
43,1,1,6,6,6,6,6.0,0.0,6,6,6.0,0.0,279069.7674,46511.62791,43.0,0.0,43,43,0,0.0,0.0,0,0,0,0.0,0.0,0,0,0,0,0,0,20,20,23255.81395,23255.81395,6,6,6.0,0.0,0.0,0,0,0,0,1,1,0,0,1,9.0,6.0,6.0,20,0,0,0,0,0,0,1,6,1,6,237,256,0,20,0.0,0.0,0,0,0.0,0.0,0,0,Bot
81674,4,3,207,134,195,0,51.75,95.54187564,128,0,44.66666667,72.23111056,4175.135294,85.70658961,13612.33333,32335.04946,79613,43,81674,27224.66667,46498.41021,80915,43,80214,40107.0,55869.921,79613,601,0,0,0,0,92,72,48.97519406,36.73139555,0,195,42.625,75.57576615,5711.696429,0,0,0,1,0,0,0,0,0,48.71428571,51.75,44.66666667,92,0,0,0,0,0,0,4,207,3,134,8192,237,3,20,0.0,0.0,0,0,0.0,0.0,0,0,Bot
54,1,1,6,6,6,6,6.0,0.0,6,6,6.0,0.0,222222.2222,37037.03704,54.0,0.0,54,54,0,0.0,0.0,0,0,0,0.0,0.0,0,0,0,0,0,0,20,20,18518.51852,18518.51852,6,6,6.0,0.0,0.0,0,0,0,0,1,1,0,0,1,9.0,6.0,6.0,20,0,0,0,0,0,0,1,6,1,6,237,256,0,20,0.0,0.0,0,0,0.0,0.0,0,0,Bot
73795,4,3,207,134,195,0,51.75,95.54187564,128,0,44.66666667,72.23111056,4620.909275999999,94.85737516,12299.16667,29175.01616000001,71849,34,73795,24598.33333,42123.03344,73237,34,72461,36230.5,50372.16577,71849,612,0,0,0,0,92,72,54.20421438,40.65316078,0,195,42.625,75.57576615,5711.696429,0,0,0,1,0,0,0,0,0,48.71428571,51.75,44.66666667,92,0,0,0,0,0,0,4,207,3,134,8192,237,3,20,0.0,0.0,0,0,0.0,0.0,0,0,Bot
32,1,1,6,6,6,6,6.0,0.0,6,6,6.0,0.0,375000.0,62500.0,32.0,0.0,32,32,0,0.0,0.0,0,0,0,0.0,0.0,0,0,0,0,0,0,20,20,31250.0,31250.0,6,6,6.0,0.0,0.0,0,0,0,0,1,1,0,0,1,9.0,6.0,6.0,20,0,0,0,0,0,0,1,6,1,6,237,256,0,20,0.0,0.0,0,0,0.0,0.0,0,0,Bot
65614,4,3,207,134,195,0,51.75,95.54187564,128,0,44.66666667,72.23111056,5197.061603,106.684549,10935.66667,25820.06643000001,63637,42,65614,21871.33333,37319.55485,64963,42,64225,32112.5,44582.37545,63637,588,0,0,0,0,92,72,60.96259945,45.72194958,0,195,42.625,75.57576615,5711.696429,0,0,0,1,0,0,0,0,0,48.71428571,51.75,44.66666667,92,0,0,0,0,0,0,4,207,3,134,8192,237,3,20,0.0,0.0,0,0,0.0,0.0,0,0,Bot
80,1,1,6,6,6,6,6.0,0.0,6,6,6.0,0.0,150000.0,25000.0,80.0,0.0,80,80,0,0.0,0.0,0,0,0,0.0,0.0,0,0,0,0,0,0,20,20,12500.0,12500.0,6,6,6.0,0.0,0.0,0,0,0,0,1,1,0,0,1,9.0,6.0,6.0,20,0,0,0,0,0,0,1,6,1,6,237,256,0,20,0.0,0.0,0,0,0.0,0.0,0,0,Bot
103072,4,3,207,134,195,0,51.75,95.54187564,128,0,44.66666667,72.23111056,3308.3669670000004,67.9136914,17178.66667,41079.52994,101029,52,103072,34357.33333,59016.33647,102503,52,101635,50817.5,71009.78429,101029,606,0,0,0,0,92,72,38.80782366,29.10586774,0,195,42.625,75.57576615,5711.696429,0,0,0,1,0,0,0,0,0,48.71428571,51.75,44.66666667,92,0,0,0,0,0,0,4,207,3,134,8192,237,3,20,0.0,0.0,0,0,0.0,0.0,0,0,Bot
7,1,1,6,6,6,6,6.0,0.0,6,6,6.0,0.0,1714285.7140000002,285714.2857,7.0,0.0,7,7,0,0.0,0.0,0,0,0,0.0,0.0,0,0,0,0,0,0,20,20,142857.1429,142857.1429,6,6,6.0,0.0,0.0,0,0,0,0,1,1,0,0,1,9.0,6.0,6.0,20,0,0,0,0,0,0,1,6,1,6,237,256,0,20,0.0,0.0,0,0,0.0,0.0,0,0,Bot
225624,5,4,212,145,194,0,42.4,84.78679142,129,0,36.25,61.96975069,1582.278481,39.88937347,28203.0,78749.14794,223096,86,225624,56406.0,111674.5328,223917,86,224000,74666.66667,128543.6857,223096,282,0,0,0,0,112,92,22.16076304,17.72861043,0,194,35.7,68.13067509,4641.788889,0,0,0,1,0,0,0,0,0,39.66666667,42.4,36.25,112,0,0,0,0,0,0,5,212,4,145,8192,237,4,20,0.0,0.0,0,0,0.0,0.0,0,0,Bot
95744,38,78,190959,584,18980,0,5025.236842,5396.903914,128,0,7.487179487000001,13.83928494,2000574.449,1211.564171,832.5565217,6126.720648,65267,0,95744,2587.6756760000007,13558.92534,82807,3,93933,1219.909091,7476.957648,65267,0,0,0,0,0,772,1572,396.8917112,814.6724598999997,0,18980,1637.119658,3854.842085,14900000.0,0,0,0,1,0,0,0,0,2,1651.232759,5025.236842,7.487179487000001,772,0,0,0,0,0,0,38,190959,78,584,8192,1346,37,20,0.0,0.0,0,0,0.0,0.0,0,0,Bot
3,1,1,6,6,6,6,6.0,0.0,6,6,6.0,0.0,4000000.0,666666.6667,3.0,0.0,3,3,0,0.0,0.0,0,0,0,0.0,0.0,0,0,0,0,0,0,20,20,333333.3333,333333.3333,6,6,6.0,0.0,0.0,0,0,0,0,1,1,0,0,1,9.0,6.0,6.0,20,0,0,0,0,0,0,1,6,1,6,237,256,0,20,0.0,0.0,0,0,0.0,0.0,0,0,Bot
144,1,1,6,6,6,6,6.0,0.0,6,6,6.0,0.0,83333.33333,13888.88889,144.0,0.0,144,144,0,0.0,0.0,0,0,0,0.0,0.0,0,0,0,0,0,0,20,20,6944.444444,6944.444444,6,6,6.0,0.0,0.0,0,0,0,0,1,1,0,0,1,9.0,6.0,6.0,20,0,0,0,0,0,0,1,6,1,6,1346,256,0,20,0.0,0.0,0,0,0.0,0.0,0,0,Bot
184861,5,4,213,145,195,0,42.6,85.23379611,129,0,36.25,61.96975069,1936.590195,48.68522836,23107.625,64435.07384,182575,42,184861,46215.25,91459.13452,183403,42,183397,61132.33333,105172.6079,182575,220,0,0,0,0,112,92,27.04734909,21.63787927,0,195,35.8,68.38908295,4677.066667,0,0,0,1,0,0,0,0,0,39.77777778,42.6,36.25,112,0,0,0,0,0,0,5,213,4,145,8192,237,4,20,0.0,0.0,0,0,0.0,0.0,0,0,Bot
78413,21,34,57592,320,5840,0,2742.47619,1726.635214,128,0,9.411764706,20.97923598,738551.0056,701.4143062999999,1452.092593,9611.123754,70758,0,78413,3920.65,16555.32547,74253,3,76834,2328.30303,12285.78136,70758,0,0,0,0,0,432,692,267.8127351,433.6015712,0,5840,1034.142857,1693.293331,2867242.3060000013,0,0,0,1,0,0,0,0,1,1052.945455,2742.47619,9.411764706,432,0,0,0,0,0,0,21,57592,34,320,8192,1128,20,20,0.0,0.0,0,0,0.0,0.0,0,0,Bot
39,1,1,6,6,6,6,6.0,0.0,6,6,6.0,0.0,307692.3077,51282.05128,39.0,0.0,39,39,0,0.0,0.0,0,0,0,0.0,0.0,0,0,0,0,0,0,20,20,25641.02564,25641.02564,6,6,6.0,0.0,0.0,0,0,0,0,1,1,0,0,1,9.0,6.0,6.0,20,0,0,0,0,0,0,1,6,1,6,237,256,0,20,0.0,0.0,0,0,0.0,0.0,0,0,Bot
34,1,1,6,6,6,6,6.0,0.0,6,6,6.0,0.0,352941.1765,58823.52941,34.0,0.0,34,34,0,0.0,0.0,0,0,0,0.0,0.0,0,0,0,0,0,0,20,20,29411.764710000003,29411.764710000003,6,6,6.0,0.0,0.0,0,0,0,0,1,1,0,0,1,9.0,6.0,6.0,20,0,0,0,0,0,0,1,6,1,6,1128,256,0,20,0.0,0.0,0,0,0.0,0.0,0,0,Bot
203518,5,4,213,145,195,0,42.6,85.23379611,129,0,36.25,61.96975069,1759.058167,44.22213269,25439.75,71005.35777,201167,4,203518,50879.5,100727.6944,201970,4,201946,67315.33333,115919.5847,201167,4,0,0,0,0,112,92,24.56785149,19.65428119,0,195,35.8,68.38908295,4677.066667,0,0,0,1,0,0,0,0,0,39.77777778,42.6,36.25,112,0,0,0,0,0,0,5,213,4,145,8192,237,4,20,0.0,0.0,0,0,0.0,0.0,0,0,Bot
32,1,1,6,6,6,6,6.0,0.0,6,6,6.0,0.0,375000.0,62500.0,32.0,0.0,32,32,0,0.0,0.0,0,0,0,0.0,0.0,0,0,0,0,0,0,20,20,31250.0,31250.0,6,6,6.0,0.0,0.0,0,0,0,0,1,1,0,0,1,9.0,6.0,6.0,20,0,0,0,0,0,0,1,6,1,6,237,256,0,20,0.0,0.0,0,0,0.0,0.0,0,0,Bot
85043,21,30,64935,296,5840,0,3092.142857,1984.699279,128,0,9.866666667,22.33866809,767035.4997,599.6966241,1700.86,10826.06827,76710,0,85043,4252.15,17802.823269999993,79882,4,83501,2879.344828,14201.42814,76710,0,0,0,0,0,432,612,246.933904,352.76272,0,5840,1254.442308,1969.163189,3877603.663,0,0,0,1,0,0,0,0,1,1279.039216,3092.142857,9.866666667,432,0,0,0,0,0,0,21,64935,30,296,8192,1164,20,20,0.0,0.0,0,0,0.0,0.0,0,0,Bot
45,1,1,6,6,6,6,6.0,0.0,6,6,6.0,0.0,266666.6667,44444.44444,45.0,0.0,45,45,0,0.0,0.0,0,0,0,0.0,0.0,0,0,0,0,0,0,20,20,22222.22222,22222.22222,6,6,6.0,0.0,0.0,0,0,0,0,1,1,0,0,1,9.0,6.0,6.0,20,0,0,0,0,0,0,1,6,1,6,1164,256,0,20,0.0,0.0,0,0,0.0,0.0,0,0,Bot
303605,5,4,212,145,194,0,42.4,84.78679142,129,0,36.25,61.96975069,1175.869963,29.64378057,37950.625,106568.6104,301694,20,303605,75901.25,151147.314,302622,68,302646,100882.0,173908.3034,301694,417,0,0,0,0,112,92,16.46876698,13.17501359,0,194,35.7,68.13067509,4641.788889,0,0,0,1,0,0,0,0,0,39.66666667,42.4,36.25,112,0,0,0,0,0,0,5,212,4,145,8192,237,4,20,0.0,0.0,0,0,0.0,0.0,0,0,Bot
11,1,1,6,6,6,6,6.0,0.0,6,6,6.0,0.0,1090909.091,181818.1818,11.0,0.0,11,11,0,0.0,0.0,0,0,0,0.0,0.0,0,0,0,0,0,0,20,20,90909.09091,90909.09091,6,6,6.0,0.0,0.0,0,0,0,0,1,0,0,0,1,9.0,6.0,6.0,20,0,0,0,0,0,0,1,6,1,6,256,237,0,20,0.0,0.0,0,0,0.0,0.0,0,0,Bot
95671,34,77,186441,578,21900,0,5483.558824000002,5762.073497,128,0,7.506493506,13.92897716,1954813.893,1160.226192,869.7363636,7144.412692,75052,0,95671,2899.121212,14390.659119999998,83036,7,94213,1239.644737,8590.858564,75052,0,0,0,0,0,692,1552,355.38459930000016,804.8415924999997,0,21900,1669.8125,4033.353972,16300000.0,0,0,0,1,0,0,0,0,2,1684.855856,5483.558824000002,7.506493506,692,0,0,0,0,0,0,34,186441,77,578,8192,1255,33,20,0.0,0.0,0,0,0.0,0.0,0,0,Bot
54,1,1,6,6,6,6,6.0,0.0,6,6,6.0,0.0,222222.2222,37037.03704,54.0,0.0,54,54,0,0.0,0.0,0,0,0,0.0,0.0,0,0,0,0,0,0,20,20,18518.51852,18518.51852,6,6,6.0,0.0,0.0,0,0,0,0,1,1,0,0,1,9.0,6.0,6.0,20,0,0,0,0,0,0,1,6,1,6,1255,256,0,20,0.0,0.0,0,0,0.0,0.0,0,0,Bot
71826,4,3,207,134,195,0,51.75,95.54187564,128,0,44.66666667,72.23111056,4747.58444,97.45774511,11971.0,28302.65973,69740,38,71826,23942.0,40816.32322,71071,38,70341,35170.5,48888.65574,69740,601,0,0,0,0,92,72,55.69014006,41.76760505,0,195,42.625,75.57576615,5711.696429,0,0,0,1,0,0,0,0,0,48.71428571,51.75,44.66666667,92,0,0,0,0,0,0,4,207,3,134,8192,237,3,20,0.0,0.0,0,0,0.0,0.0,0,0,Bot
54,1,1,6,6,6,6,6.0,0.0,6,6,6.0,0.0,222222.2222,37037.03704,54.0,0.0,54,54,0,0.0,0.0,0,0,0,0.0,0.0,0,0,0,0,0,0,20,20,18518.51852,18518.51852,6,6,6.0,0.0,0.0,0,0,0,0,1,1,0,0,1,9.0,6.0,6.0,20,0,0,0,0,0,0,1,6,1,6,237,256,0,20,0.0,0.0,0,0,0.0,0.0,0,0,Bot
152729,4,3,207,134,195,0,51.75,95.54187564,128,0,44.66666667,72.23111056,2232.712844,45.83281499,25454.83333,61304.87133,150591,53,152729,50909.66667,87533.52343,151984,53,151174,75587.0,106071.674,150591,583,0,0,0,0,92,72,26.19017999,19.64263499,0,195,42.625,75.57576615,5711.696429,0,0,0,1,0,0,0,0,0,48.71428571,51.75,44.66666667,92,0,0,0,0,0,0,4,207,3,134,8192,237,3,20,0.0,0.0,0,0,0.0,0.0,0,0,Bot
30,1,1,6,6,6,6,6.0,0.0,6,6,6.0,0.0,400000.0,66666.66667,30.0,0.0,30,30,0,0.0,0.0,0,0,0,0.0,0.0,0,0,0,0,0,0,20,20,33333.33333,33333.33333,6,6,6.0,0.0,0.0,0,0,0,0,1,1,0,0,1,9.0,6.0,6.0,20,0,0,0,0,0,0,1,6,1,6,237,256,0,20,0.0,0.0,0,0,0.0,0.0,0,0,Bot
129606,4,3,206,134,194,0,51.5,95.04209594,128,0,44.66666667,72.23111056,2623.335339,54.00984522,21601.0,49522.33007,122629,60,129606,43202.0,70133.59392,124152,716,128114,64057.0,82833.31678,122629,5485,0,0,0,0,92,72,30.8627687,23.14707652,0,194,42.5,75.2880184,5668.285714,0,0,0,1,0,0,0,0,0,48.57142857,51.5,44.66666667,92,0,0,0,0,0,0,4,206,3,134,8192,237,3,20,0.0,0.0,0,0,0.0,0.0,0,0,Bot
22,1,1,6,6,6,6,6.0,0.0,6,6,6.0,0.0,545454.5455,90909.09091,22.0,0.0,22,22,0,0.0,0.0,0,0,0,0.0,0.0,0,0,0,0,0,0,20,20,45454.54545,45454.54545,6,6,6.0,0.0,0.0,0,0,0,0,1,1,0,0,1,9.0,6.0,6.0,20,0,0,0,0,0,0,1,6,1,6,237,256,0,20,0.0,0.0,0,0,0.0,0.0,0,0,Bot
63315,4,3,207,134,195,0,51.75,95.54187564,128,0,44.66666667,72.23111056,5385.769565,110.5583195,10552.5,24840.48422,61254,44,63315,21105.0,35920.72189,62581,44,61858,30929.0,42886.02628,61254,604,0,0,0,0,92,72,63.17618258,47.38213693,0,195,42.625,75.57576615,5711.696429,0,0,0,1,0,0,0,0,0,48.71428571,51.75,44.66666667,92,0,0,0,0,0,0,4,207,3,134,8192,237,3,20,0.0,0.0,0,0,0.0,0.0,0,0,Bot
10,1,1,6,6,6,6,6.0,0.0,6,6,6.0,0.0,1200000.0,200000.0,10.0,0.0,10,10,0,0.0,0.0,0,0,0,0.0,0.0,0,0,0,0,0,0,20,20,100000.0,100000.0,6,6,6.0,0.0,0.0,0,0,0,0,1,1,0,0,1,9.0,6.0,6.0,20,0,0,0,0,0,0,1,6,1,6,237,256,0,20,0.0,0.0,0,0,0.0,0.0,0,0,Bot
61440,4,3,207,134,195,0,51.75,95.54187564,128,0,44.66666667,72.23111056,5550.130208,113.9322917,10240.0,23982.29583000001,59189,22,61440,20480.0,34723.13482,60572,22,59883,29941.5,41362.21117,59189,694,0,0,0,0,92,72,65.10416667,48.828125,0,195,42.625,75.57576615,5711.696429,0,0,0,1,0,0,0,0,0,48.71428571,51.75,44.66666667,92,0,0,0,0,0,0,4,207,3,134,8192,237,3,20,0.0,0.0,0,0,0.0,0.0,0,0,Bot
34,1,1,6,6,6,6,6.0,0.0,6,6,6.0,0.0,352941.1765,58823.52941,34.0,0.0,34,34,0,0.0,0.0,0,0,0,0.0,0.0,0,0,0,0,0,0,20,20,29411.764710000003,29411.764710000003,6,6,6.0,0.0,0.0,0,0,0,0,1,1,0,0,1,9.0,6.0,6.0,20,0,0,0,0,0,0,1,6,1,6,237,256,0,20,0.0,0.0,0,0,0.0,0.0,0,0,Bot
100595,4,3,206,134,194,0,51.5,95.04209594,128,0,44.66666667,72.23111056,3379.889657,69.58596352,16765.83333,40005.73319,98424,42,100595,33531.66667,57462.38467000001,99883,130,99014,49507.0,69179.08482999999,98424,590,0,0,0,0,92,72,39.76340772,29.82255579,0,194,42.5,75.2880184,5668.285714,0,0,0,1,0,0,0,0,0,48.57142857,51.5,44.66666667,92,0,0,0,0,0,0,4,206,3,134,8192,237,3,20,0.0,0.0,0,0,0.0,0.0,0,0,Bot
56,1,1,6,6,6,6,6.0,0.0,6,6,6.0,0.0,214285.7143,35714.285710000004,56.0,0.0,56,56,0,0.0,0.0,0,0,0,0.0,0.0,0,0,0,0,0,0,20,20,17857.14286,17857.14286,6,6,6.0,0.0,0.0,0,0,0,0,1,1,0,0,1,9.0,6.0,6.0,20,0,0,0,0,0,0,1,6,1,6,237,256,0,20,0.0,0.0,0,0,0.0,0.0,0,0,Bot
64479,4,3,207,134,195,0,51.75,95.54187564,128,0,44.66666667,72.23111056,5288.543557,108.5624777,10746.5,25241.20128,62265,56,64479,21493.0,36518.4193,63659,69,62840,31420.0,43621.41733,62265,575,0,0,0,0,92,72,62.03570155,46.52677616,0,195,42.625,75.57576615,5711.696429,0,0,0,1,0,0,0,0,0,48.71428571,51.75,44.66666667,92,0,0,0,0,0,0,4,207,3,134,8192,237,3,20,0.0,0.0,0,0,0.0,0.0,0,0,Bot
12,1,1,6,6,6,6,6.0,0.0,6,6,6.0,0.0,1000000.0,166666.6667,12.0,0.0,12,12,0,0.0,0.0,0,0,0,0.0,0.0,0,0,0,0,0,0,20,20,83333.33333,83333.33333,6,6,6.0,0.0,0.0,0,0,0,0,1,1,0,0,1,9.0,6.0,6.0,20,0,0,0,0,0,0,1,6,1,6,237,256,0,20,0.0,0.0,0,0,0.0,0.0,0,0,Bot
65479,4,3,207,134,195,0,51.75,95.54187564,128,0,44.66666667,72.23111056,5207.776539,106.9045037,10913.16667,25724.78957,63419,46,65479,21826.33333,37268.31759,64859,46,63989,31994.5,44440.95409,63419,570,0,0,0,0,92,72,61.08828785,45.81621589,0,195,42.625,75.57576615,5711.696429,0,0,0,1,0,0,0,0,0,48.71428571,51.75,44.66666667,92,0,0,0,0,0,0,4,207,3,134,8192,237,3,20,0.0,0.0,0,0,0.0,0.0,0,0,Bot
11,1,1,6,6,6,6,6.0,0.0,6,6,6.0,0.0,1090909.091,181818.1818,11.0,0.0,11,11,0,0.0,0.0,0,0,0,0.0,0.0,0,0,0,0,0,0,20,20,90909.09091,90909.09091,6,6,6.0,0.0,0.0,0,0,0,0,1,1,0,0,1,9.0,6.0,6.0,20,0,0,0,0,0,0,1,6,1,6,237,256,0,20,0.0,0.0,0,0,0.0,0.0,0,0,Bot
91924,4,3,206,134,194,0,51.5,95.04209594,128,0,44.66666667,72.23111056,3698.707628,76.14986293,15320.66667,36453.65677,89728,83,91924,30641.33333,52466.80774,91224,83,90370,45185.0,62993.31471000001,89728,642,0,0,0,0,92,72,43.51420739,32.63565554,0,194,42.5,75.2880184,5668.285714,0,0,0,1,0,0,0,0,0,48.57142857,51.5,44.66666667,92,0,0,0,0,0,0,4,206,3,134,8192,237,3,20,0.0,0.0,0,0,0.0,0.0,0,0,Bot
51,1,1,6,6,6,6,6.0,0.0,6,6,6.0,0.0,235294.1176,39215.68627,51.0,0.0,51,51,0,0.0,0.0,0,0,0,0.0,0.0,0,0,0,0,0,0,20,20,19607.84314,19607.84314,6,6,6.0,0.0,0.0,0,0,0,0,1,1,0,0,1,9.0,6.0,6.0,20,0,0,0,0,0,0,1,6,1,6,237,256,0,20,0.0,0.0,0,0,0.0,0.0,0,0,Bot
73526,4,3,207,134,195,0,51.75,95.54187564,128,0,44.66666667,72.23111056,4637.815195,95.20441748,12254.33333,29081.12622,71613,47,73526,24508.66667,41912.26953,72904,72,72210,36105.0,50215.89517,71613,597,0,0,0,0,92,72,54.40252428,40.80189321,0,195,42.625,75.57576615,5711.696429,0,0,0,1,0,0,0,0,0,48.71428571,51.75,44.66666667,92,0,0,0,0,0,0,4,207,3,134,8192,237,3,20,0.0,0.0,0,0,0.0,0.0,0,0,Bot
21,1,1,6,6,6,6,6.0,0.0,6,6,6.0,0.0,571428.5714,95238.09524,21.0,0.0,21,21,0,0.0,0.0,0,0,0,0.0,0.0,0,0,0,0,0,0,20,20,47619.04762,47619.04762,6,6,6.0,0.0,0.0,0,0,0,0,1,1,0,0,1,9.0,6.0,6.0,20,0,0,0,0,0,0,1,6,1,6,237,256,0,20,0.0,0.0,0,0,0.0,0.0,0,0,Bot
77743,4,3,207,134,195,0,51.75,95.54187564,128,0,44.66666667,72.23111056,4386.246993,90.04026086,12957.16667,30547.236760000003,75306,18,77743,25914.33333,44102.4683,76837,18,75875,37937.5,52847.03951,75306,569,0,0,0,0,92,72,51.45157763,38.58868323,0,195,42.625,75.57576615,5711.696429,0,0,0,1,0,0,0,0,0,48.71428571,51.75,44.66666667,92,0,0,0,0,0,0,4,207,3,134,8192,237,3,20,0.0,0.0,0,0,0.0,0.0,0,0,Bot
36,1,1,6,6,6,6,6.0,0.0,6,6,6.0,0.0,333333.3333,55555.55556,36.0,0.0,36,36,0,0.0,0.0,0,0,0,0.0,0.0,0,0,0,0,0,0,20,20,27777.77778,27777.77778,6,6,6.0,0.0,0.0,0,0,0,0,1,1,0,0,1,9.0,6.0,6.0,20,0,0,0,0,0,0,1,6,1,6,237,256,0,20,0.0,0.0,0,0,0.0,0.0,0,0,Bot
75174,4,3,206,134,194,0,51.5,95.04209594,128,0,44.66666667,72.23111056,4522.840344,93.11730119,12529.0,29595.29248,72936,49,75174,25058.0,42739.65876000001,74408,49,73573,36786.5,51123.11317,72936,637,0,0,0,0,92,72,53.2098864,39.9074148,0,194,42.5,75.2880184,5668.285714,0,0,0,1,0,0,0,0,0,48.57142857,51.5,44.66666667,92,0,0,0,0,0,0,4,206,3,134,8192,237,3,20,0.0,0.0,0,0,0.0,0.0,0,0,Bot
84,1,1,6,6,6,6,6.0,0.0,6,6,6.0,0.0,142857.1429,23809.52381,84.0,0.0,84,84,0,0.0,0.0,0,0,0,0.0,0.0,0,0,0,0,0,0,20,20,11904.7619,11904.7619,6,6,6.0,0.0,0.0,0,0,0,0,1,1,0,0,1,9.0,6.0,6.0,20,0,0,0,0,0,0,1,6,1,6,237,256,0,20,0.0,0.0,0,0,0.0,0.0,0,0,Bot
64593,4,3,207,134,195,0,51.75,95.54187564,128,0,44.66666667,72.23111056,5279.209821,108.3708761,10765.5,25234.98461,62271,35,64593,21531.0,36497.48513,63672,50,62921,31460.5,43572.62696,62271,650,0,0,0,0,92,72,61.92621491,46.44466119,0,195,42.625,75.57576615,5711.696429,0,0,0,1,0,0,0,0,0,48.71428571,51.75,44.66666667,92,0,0,0,0,0,0,4,207,3,134,8192,237,3,20,0.0,0.0,0,0,0.0,0.0,0,0,Bot
19,1,1,6,6,6,6,6.0,0.0,6,6,6.0,0.0,631578.9474,105263.1579,19.0,0.0,19,19,0,0.0,0.0,0,0,0,0.0,0.0,0,0,0,0,0,0,20,20,52631.57895,52631.57895,6,6,6.0,0.0,0.0,0,0,0,0,1,1,0,0,1,9.0,6.0,6.0,20,0,0,0,0,0,0,1,6,1,6,237,256,0,20,0.0,0.0,0,0,0.0,0.0,0,0,Bot
63432,4,3,207,134,195,0,51.75,95.54187564,128,0,44.66666667,72.23111056,5375.83554,110.3543953,10572.0,24896.06554,61387,20,63432,21144.0,35997.10455,62708,20,61998,30999.0,42975.12173,61387,611,0,0,0,0,92,72,63.05965443,47.29474082,0,195,42.625,75.57576615,5711.696429,0,0,0,1,0,0,0,0,0,48.71428571,51.75,44.66666667,92,0,0,0,0,0,0,4,207,3,134,8192,237,3,20,0.0,0.0,0,0,0.0,0.0,0,0,Bot
62432,4,3,207,134,195,0,51.75,95.54187564,128,0,44.66666667,72.23111056,5461.942594,112.12198870000002,10405.33333,24430.34555,60268,20,62432,20810.66667,35474.90974,61772,20,60844,30422.0,42208.61798,60268,576,0,0,0,0,92,72,64.06970784,48.05228088,0,195,42.625,75.57576615,5711.696429,0,0,0,1,0,0,0,0,0,48.71428571,51.75,44.66666667,92,0,0,0,0,0,0,4,207,3,134,8192,237,3,20,0.0,0.0,0,0,0.0,0.0,0,0,Bot
34,1,1,6,6,6,6,6.0,0.0,6,6,6.0,0.0,352941.1765,58823.52941,34.0,0.0,34,34,0,0.0,0.0,0,0,0,0.0,0.0,0,0,0,0,0,0,20,20,29411.764710000003,29411.764710000003,6,6,6.0,0.0,0.0,0,0,0,0,1,1,0,0,1,9.0,6.0,6.0,20,0,0,0,0,0,0,1,6,1,6,237,256,0,20,0.0,0.0,0,0,0.0,0.0,0,0,Bot
37,1,1,6,6,6,6,6.0,0.0,6,6,6.0,0.0,324324.3243,54054.05405,37.0,0.0,37,37,0,0.0,0.0,0,0,0,0.0,0.0,0,0,0,0,0,0,20,20,27027.02703,27027.02703,6,6,6.0,0.0,0.0,0,0,0,0,1,1,0,0,1,9.0,6.0,6.0,20,0,0,0,0,0,0,1,6,1,6,237,256,0,20,0.0,0.0,0,0,0.0,0.0,0,0,Bot
73349,4,3,206,134,194,0,51.5,95.04209594,128,0,44.66666667,72.23111056,4635.3733520000005,95.43415725,12224.83333,28927.64763,71270,43,73349,24449.66667,41723.1442,72626,43,71934,35967.0,49925.98139,71270,664,0,0,0,0,92,72,54.53380414,40.90035311,0,194,42.5,75.2880184,5668.285714,0,0,0,1,0,0,0,0,0,48.57142857,51.5,44.66666667,92,0,0,0,0,0,0,4,206,3,134,8192,237,3,20,0.0,0.0,0,0,0.0,0.0,0,0,Bot
93,1,1,6,6,6,6,6.0,0.0,6,6,6.0,0.0,129032.2581,21505.37634,93.0,0.0,93,93,0,0.0,0.0,0,0,0,0.0,0.0,0,0,0,0,0,0,20,20,10752.68817,10752.68817,6,6,6.0,0.0,0.0,0,0,0,0,1,1,0,0,1,9.0,6.0,6.0,20,0,0,0,0,0,0,1,6,1,6,237,256,0,20,0.0,0.0,0,0,0.0,0.0,0,0,Bot
64265,4,3,207,134,195,0,51.75,95.54187564,128,0,44.66666667,72.23111056,5306.154205,108.9239866,10710.83333,25244.85237,62238,50,64265,21421.66667,36456.04208,63516,69,62830,31415.0,43590.30463,62238,592,0,0,0,0,92,72,62.24227807,46.68170855,0,195,42.625,75.57576615,5711.696429,0,0,0,1,0,0,0,0,0,48.71428571,51.75,44.66666667,92,0,0,0,0,0,0,4,207,3,134,8192,237,3,20,0.0,0.0,0,0,0.0,0.0,0,0,Bot
15,1,1,6,6,6,6,6.0,0.0,6,6,6.0,0.0,800000.0,133333.3333,15.0,0.0,15,15,0,0.0,0.0,0,0,0,0.0,0.0,0,0,0,0,0,0,20,20,66666.66667,66666.66667,6,6,6.0,0.0,0.0,0,0,0,0,1,1,0,0,1,9.0,6.0,6.0,20,0,0,0,0,0,0,1,6,1,6,237,256,0,20,0.0,0.0,0,0,0.0,0.0,0,0,Bot
63153,4,3,207,134,195,0,51.75,95.54187564,128,0,44.66666667,72.23111056,5399.585135,110.8419236,10525.5,24887.81861,61324,22,63153,21051.0,36036.01325,62661,22,61940,30970.0,42927.03847,61324,616,0,0,0,0,92,72,63.33824205,47.50368154,0,195,42.625,75.57576615,5711.696429,0,0,0,1,0,0,0,0,0,48.71428571,51.75,44.66666667,92,0,0,0,0,0,0,4,207,3,134,8192,237,3,20,0.0,0.0,0,0,0.0,0.0,0,0,Bot
33,1,1,6,6,6,6,6.0,0.0,6,6,6.0,0.0,363636.3636,60606.06061,33.0,0.0,33,33,0,0.0,0.0,0,0,0,0.0,0.0,0,0,0,0,0,0,20,20,30303.0303,30303.0303,6,6,6.0,0.0,0.0,0,0,0,0,1,1,0,0,1,9.0,6.0,6.0,20,0,0,0,0,0,0,1,6,1,6,237,256,0,20,0.0,0.0,0,0,0.0,0.0,0,0,Bot
70712,4,3,206,134,194,0,51.5,95.04209594,128,0,44.66666667,72.23111056,4808.236226,98.99309877,11785.33333,27791.97534,68512,43,70712,23570.66667,40100.76441,69873,43,69192,34596.0,47964.46718,68512,680,0,0,0,0,92,72,56.56748501,42.42561376,0,194,42.5,75.2880184,5668.285714,0,0,0,1,0,0,0,0,0,48.57142857,51.5,44.66666667,92,0,0,0,0,0,0,4,206,3,134,8192,237,3,20,0.0,0.0,0,0,0.0,0.0,0,0,Bot
120,1,1,6,6,6,6,6.0,0.0,6,6,6.0,0.0,100000.0,16666.66667,120.0,0.0,120,120,0,0.0,0.0,0,0,0,0.0,0.0,0,0,0,0,0,0,20,20,8333.333333,8333.333333,6,6,6.0,0.0,0.0,0,0,0,0,1,1,0,0,1,9.0,6.0,6.0,20,0,0,0,0,0,0,1,6,1,6,237,256,0,20,0.0,0.0,0,0,0.0,0.0,0,0,Bot
73103,4,3,207,134,195,0,51.75,95.54187564,128,0,44.66666667,72.23111056,4664.651246,95.75530416,12183.83333,28809.84527,70988,41,73103,24367.66667,41499.25962,72285,41,71557,35778.5,49793.75242,70988,569,0,0,0,0,92,72,54.71731666,41.0379875,0,195,42.625,75.57576615,5711.696429,0,0,0,1,0,0,0,0,0,48.71428571,51.75,44.66666667,92,0,0,0,0,0,0,4,207,3,134,8192,237,3,20,0.0,0.0,0,0,0.0,0.0,0,0,Bot
55,1,1,6,6,6,6,6.0,0.0,6,6,6.0,0.0,218181.8182,36363.63636,55.0,0.0,55,55,0,0.0,0.0,0,0,0,0.0,0.0,0,0,0,0,0,0,20,20,18181.81818,18181.81818,6,6,6.0,0.0,0.0,0,0,0,0,1,1,0,0,1,9.0,6.0,6.0,20,0,0,0,0,0,0,1,6,1,6,237,256,0,20,0.0,0.0,0,0,0.0,0.0,0,0,Bot
71501,4,3,207,134,195,0,51.75,95.54187564,128,0,44.66666667,72.23111056,4769.164068,97.90072866,11916.83333,28195.74867,69468,24,71501,23833.66667,40578.84572,70688,24,70083,35041.5,48686.42321,69468,615,0,0,0,0,92,72,55.94327352,41.95745514,0,195,42.625,75.57576615,5711.696429,0,0,0,1,0,0,0,0,0,48.71428571,51.75,44.66666667,92,0,0,0,0,0,0,4,207,3,134,8192,237,3,20,0.0,0.0,0,0,0.0,0.0,0,0,Bot
32,1,1,6,6,6,6,6.0,0.0,6,6,6.0,0.0,375000.0,62500.0,32.0,0.0,32,32,0,0.0,0.0,0,0,0,0.0,0.0,0,0,0,0,0,0,20,20,31250.0,31250.0,6,6,6.0,0.0,0.0,0,0,0,0,1,1,0,0,1,9.0,6.0,6.0,20,0,0,0,0,0,0,1,6,1,6,237,256,0,20,0.0,0.0,0,0,0.0,0.0,0,0,Bot
84526,4,3,206,134,194,0,51.5,95.04209594,128,0,44.66666667,72.23111056,4022.430968,82.81475522,14087.66667,33507.06797,82481,51,84526,28175.33333,48207.03679,83839,51,83153,41576.5,57847.69866,82481,672,0,0,0,0,92,72,47.32271727,35.49203795,0,194,42.5,75.2880184,5668.285714,0,0,0,1,0,0,0,0,0,48.57142857,51.5,44.66666667,92,0,0,0,0,0,0,4,206,3,134,8192,237,3,20,0.0,0.0,0,0,0.0,0.0,0,0,Bot
121,1,1,6,6,6,6,6.0,0.0,6,6,6.0,0.0,99173.55372,16528.925619999998,121.0,0.0,121,121,0,0.0,0.0,0,0,0,0.0,0.0,0,0,0,0,0,0,20,20,8264.462809999999,8264.462809999999,6,6,6.0,0.0,0.0,0,0,0,0,1,1,0,0,1,9.0,6.0,6.0,20,0,0,0,0,0,0,1,6,1,6,237,256,0,20,0.0,0.0,0,0,0.0,0.0,0,0,Bot
63897,4,3,207,134,195,0,51.75,95.54187564,128,0,44.66666667,72.23111056,5336.713774,109.5513091,10649.5,25151.13383,61985,19,63897,21299.0,36400.01236,63329,19,62533,31266.5,43442.51932,61985,548,0,0,0,0,92,72,62.60074808,46.95056106,0,195,42.625,75.57576615,5711.696429,0,0,0,1,0,0,0,0,0,48.71428571,51.75,44.66666667,92,0,0,0,0,0,0,4,207,3,134,8192,237,3,20,0.0,0.0,0,0,0.0,0.0,0,0,Bot
52,1,1,6,6,6,6,6.0,0.0,6,6,6.0,0.0,230769.2308,38461.53846,52.0,0.0,52,52,0,0.0,0.0,0,0,0,0.0,0.0,0,0,0,0,0,0,20,20,19230.76923,19230.76923,6,6,6.0,0.0,0.0,0,0,0,0,1,1,0,0,1,9.0,6.0,6.0,20,0,0,0,0,0,0,1,6,1,6,237,256,0,20,0.0,0.0,0,0,0.0,0.0,0,0,Bot
63618,4,3,207,134,195,0,51.75,95.54187564,128,0,44.66666667,72.23111056,5360.118206,110.031752,10603.0,24859.93837,61343,56,63618,21206.0,36130.88168,62925,56,62063,31031.5,42866.9344,61343,720,0,0,0,0,92,72,62.87528687,47.15646515,0,195,42.625,75.57576615,5711.696429,0,0,0,1,0,0,0,0,0,48.71428571,51.75,44.66666667,92,0,0,0,0,0,0,4,207,3,134,8192,237,3,20,0.0,0.0,0,0,0.0,0.0,0,0,Bot
43,1,1,6,6,6,6,6.0,0.0,6,6,6.0,0.0,279069.7674,46511.62791,43.0,0.0,43,43,0,0.0,0.0,0,0,0,0.0,0.0,0,0,0,0,0,0,20,20,23255.81395,23255.81395,6,6,6.0,0.0,0.0,0,0,0,0,1,1,0,0,1,9.0,6.0,6.0,20,0,0,0,0,0,0,1,6,1,6,237,256,0,20,0.0,0.0,0,0,0.0,0.0,0,0,Bot
71073,4,3,206,134,194,0,51.5,95.04209594,128,0,44.66666667,72.23111056,4783.813825,98.49028464,11845.5,27918.88083,68830,66,71073,23691.0,40362.40237,70296,66,69424,34712.0,48250.13832,68830,594,0,0,0,0,92,72,56.28016265,42.21012199,0,194,42.5,75.2880184,5668.285714,0,0,0,1,0,0,0,0,0,48.57142857,51.5,44.66666667,92,0,0,0,0,0,0,4,206,3,134,8192,237,3,20,0.0,0.0,0,0,0.0,0.0,0,0,Bot
91,1,1,6,6,6,6,6.0,0.0,6,6,6.0,0.0,131868.1319,21978.02198,91.0,0.0,91,91,0,0.0,0.0,0,0,0,0.0,0.0,0,0,0,0,0,0,20,20,10989.01099,10989.01099,6,6,6.0,0.0,0.0,0,0,0,0,1,1,0,0,1,9.0,6.0,6.0,20,0,0,0,0,0,0,1,6,1,6,237,256,0,20,0.0,0.0,0,0,0.0,0.0,0,0,Bot
64150,4,3,207,134,195,0,51.75,95.54187564,128,0,44.66666667,72.23111056,5315.666407,109.1192518,10691.66667,25229.13592,62187,58,64150,21383.33333,36462.93462,63486,68,62800,31400.0,43539.39294,62187,613,0,0,0,0,92,72,62.35385814,46.76539361,0,195,42.625,75.57576615,5711.696429,0,0,0,1,0,0,0,0,0,48.71428571,51.75,44.66666667,92,0,0,0,0,0,0,4,207,3,134,8192,237,3,20,0.0,0.0,0,0,0.0,0.0,0,0,Bot
16,1,1,6,6,6,6,6.0,0.0,6,6,6.0,0.0,750000.0,125000.0,16.0,0.0,16,16,0,0.0,0.0,0,0,0,0.0,0.0,0,0,0,0,0,0,20,20,62500.0,62500.0,6,6,6.0,0.0,0.0,0,0,0,0,1,1,0,0,1,9.0,6.0,6.0,20,0,0,0,0,0,0,1,6,1,6,237,256,0,20,0.0,0.0,0,0,0.0,0.0,0,0,Bot
63091,4,3,207,134,195,0,51.75,95.54187564,128,0,44.66666667,72.23111056,5404.891347,110.9508488,10515.16667,24831.97131,61200,23,63091,21030.33333,35965.701239999995,62559,23,61940,30970.0,42751.67599,61200,740,0,0,0,0,92,72,63.40048501,47.55036376,0,195,42.625,75.57576615,5711.696429,0,0,0,1,0,0,0,0,0,48.71428571,51.75,44.66666667,92,0,0,0,0,0,0,4,207,3,134,8192,237,3,20,0.0,0.0,0,0,0.0,0.0,0,0,Bot
32,1,1,6,6,6,6,6.0,0.0,6,6,6.0,0.0,375000.0,62500.0,32.0,0.0,32,32,0,0.0,0.0,0,0,0,0.0,0.0,0,0,0,0,0,0,20,20,31250.0,31250.0,6,6,6.0,0.0,0.0,0,0,0,0,1,1,0,0,1,9.0,6.0,6.0,20,0,0,0,0,0,0,1,6,1,6,237,256,0,20,0.0,0.0,0,0,0.0,0.0,0,0,Bot
65151,4,3,206,134,194,0,51.5,95.04209594,128,0,44.66666667,72.23111056,5218.645915,107.44271,10858.5,25641.12766,63195,74,65151,21717.0,37074.44865,64526,74,63852,31926.0,44221.04388000001,63195,657,0,0,0,0,92,72,61.39583429,46.04687572,0,194,42.5,75.2880184,5668.285714,0,0,0,1,0,0,0,0,0,48.57142857,51.5,44.66666667,92,0,0,0,0,0,0,4,206,3,134,8192,237,3,20,0.0,0.0,0,0,0.0,0.0,0,0,Bot
50,1,1,6,6,6,6,6.0,0.0,6,6,6.0,0.0,240000.0,40000.0,50.0,0.0,50,50,0,0.0,0.0,0,0,0,0.0,0.0,0,0,0,0,0,0,20,20,20000.0,20000.0,6,6,6.0,0.0,0.0,0,0,0,0,1,1,0,0,1,9.0,6.0,6.0,20,0,0,0,0,0,0,1,6,1,6,237,256,0,20,0.0,0.0,0,0,0.0,0.0,0,0,Bot
65334,4,3,207,134,195,0,51.75,95.54187564,128,0,44.66666667,72.23111056,5219.334497,107.1417639,10889.0,25645.07417,63233,76,65334,21778.0,37025.75325,64530,76,63831,31915.5,44289.63324,63233,598,0,0,0,0,92,72,61.22386506,45.9178988,0,195,42.625,75.57576615,5711.696429,0,0,0,1,0,0,0,0,0,48.71428571,51.75,44.66666667,92,0,0,0,0,0,0,4,207,3,134,8192,237,3,20,0.0,0.0,0,0,0.0,0.0,0,0,Bot
48,1,1,6,6,6,6,6.0,0.0,6,6,6.0,0.0,250000.0,41666.66667,48.0,0.0,48,48,0,0.0,0.0,0,0,0,0.0,0.0,0,0,0,0,0,0,20,20,20833.33333,20833.33333,6,6,6.0,0.0,0.0,0,0,0,0,1,1,0,0,1,9.0,6.0,6.0,20,0,0,0,0,0,0,1,6,1,6,237,256,0,20,0.0,0.0,0,0,0.0,0.0,0,0,Bot
63593,4,3,207,134,195,0,51.75,95.54187564,128,0,44.66666667,72.23111056,5362.225402,110.0750083,10598.83333,24911.13892,61443,20,63593,21197.66667,36183.97223,62978,20,62042,31021.0,43023.20499,61443,599,0,0,0,0,92,72,62.90000472,47.17500354,0,195,42.625,75.57576615,5711.696429,0,0,0,1,0,0,0,0,0,48.71428571,51.75,44.66666667,92,0,0,0,0,0,0,4,207,3,134,8192,237,3,20,0.0,0.0,0,0,0.0,0.0,0,0,Bot
34,1,1,6,6,6,6,6.0,0.0,6,6,6.0,0.0,352941.1765,58823.52941,34.0,0.0,34,34,0,0.0,0.0,0,0,0,0.0,0.0,0,0,0,0,0,0,20,20,29411.764710000003,29411.764710000003,6,6,6.0,0.0,0.0,0,0,0,0,1,1,0,0,1,9.0,6.0,6.0,20,0,0,0,0,0,0,1,6,1,6,237,256,0,20,0.0,0.0,0,0,0.0,0.0,0,0,Bot
79151,4,3,206,134,194,0,51.5,95.04209594,128,0,44.66666667,72.23111056,4295.586915999999,88.43855416,13191.83333,31195.64456,76866,42,79151,26383.66667,44889.2728,78215,42,77492,38746.0,53909.821,76866,626,0,0,0,0,92,72,50.53631666,37.9022375,0,194,42.5,75.2880184,5668.285714,0,0,0,1,0,0,0,0,0,48.57142857,51.5,44.66666667,92,0,0,0,0,0,0,4,206,3,134,8192,237,3,20,0.0,0.0,0,0,0.0,0.0,0,0,Bot
92,1,1,6,6,6,6,6.0,0.0,6,6,6.0,0.0,130434.7826,21739.13043,92.0,0.0,92,92,0,0.0,0.0,0,0,0,0.0,0.0,0,0,0,0,0,0,20,20,10869.56522,10869.56522,6,6,6.0,0.0,0.0,0,0,0,0,1,1,0,0,1,9.0,6.0,6.0,20,0,0,0,0,0,0,1,6,1,6,237,256,0,20,0.0,0.0,0,0,0.0,0.0,0,0,Bot
73267,4,3,207,134,195,0,51.75,95.54187564,128,0,44.66666667,72.23111056,4654.209944,95.5409666,12211.16667,28812.5584,71020,51,73267,24422.33333,41799.00115,72687,71,71824,35912.0,49650.20975,71020,804,0,0,0,0,92,72,54.59483806,40.94612854,0,195,42.625,75.57576615,5711.696429,0,0,0,1,0,0,0,0,0,48.71428571,51.75,44.66666667,92,0,0,0,0,0,0,4,207,3,134,8192,237,3,20,0.0,0.0,0,0,0.0,0.0,0,0,Bot
17,1,1,6,6,6,6,6.0,0.0,6,6,6.0,0.0,705882.3529,117647.0588,17.0,0.0,17,17,0,0.0,0.0,0,0,0,0.0,0.0,0,0,0,0,0,0,20,20,58823.52941,58823.52941,6,6,6.0,0.0,0.0,0,0,0,0,1,1,0,0,1,9.0,6.0,6.0,20,0,0,0,0,0,0,1,6,1,6,237,256,0,20,0.0,0.0,0,0,0.0,0.0,0,0,Bot
71421,4,3,207,134,195,0,51.75,95.54187564,128,0,44.66666667,72.23111056,4774.506098,98.0103891,11903.5,28032.92896,69121,26,71421,23807.0,40438.79787,70499,26,69728,34864.0,48446.71401,69121,607,0,0,0,0,92,72,56.00593663,42.00445247,0,195,42.625,75.57576615,5711.696429,0,0,0,1,0,0,0,0,0,48.71428571,51.75,44.66666667,92,0,0,0,0,0,0,4,207,3,134,8192,237,3,20,0.0,0.0,0,0,0.0,0.0,0,0,Bot
64,1,1,6,6,6,6,6.0,0.0,6,6,6.0,0.0,187500.0,31250.0,64.0,0.0,64,64,0,0.0,0.0,0,0,0,0.0,0.0,0,0,0,0,0,0,20,20,15625.0,15625.0,6,6,6.0,0.0,0.0,0,0,0,0,1,1,0,0,1,9.0,6.0,6.0,20,0,0,0,0,0,0,1,6,1,6,237,256,0,20,0.0,0.0,0,0,0.0,0.0,0,0,Bot
68920,4,3,206,134,194,0,51.5,95.04209594,128,0,44.66666667,72.23111056,4933.255949,101.5670342,11486.66667,27171.33259,66947,79,68920,22973.33333,39220.20696,68260,79,67613,33806.5,46867.74456,66947,666,0,0,0,0,92,72,58.03830528,43.52872896,0,194,42.5,75.2880184,5668.285714,0,0,0,1,0,0,0,0,0,48.57142857,51.5,44.66666667,92,0,0,0,0,0,0,4,206,3,134,8192,237,3,20,0.0,0.0,0,0,0.0,0.0,0,0,Bot
59,1,1,6,6,6,6,6.0,0.0,6,6,6.0,0.0,203389.8305,33898.30508,59.0,0.0,59,59,0,0.0,0.0,0,0,0,0.0,0.0,0,0,0,0,0,0,20,20,16949.15254,16949.15254,6,6,6.0,0.0,0.0,0,0,0,0,1,1,0,0,1,9.0,6.0,6.0,20,0,0,0,0,0,0,1,6,1,6,237,256,0,20,0.0,0.0,0,0,0.0,0.0,0,0,Bot
88238,4,3,207,134,195,0,51.75,95.54187564,128,0,44.66666667,72.23111056,3864.548154,79.33090052,14706.33333,35085.53924,86322,39,88238,29412.66667,50389.03385,87596,39,86917,43458.5,60618.14302999999,86322,595,0,0,0,0,92,72,45.33194315,33.99895737,0,195,42.625,75.57576615,5711.696429,0,0,0,1,0,0,0,0,0,48.71428571,51.75,44.66666667,92,0,0,0,0,0,0,4,207,3,134,8192,237,3,20,0.0,0.0,0,0,0.0,0.0,0,0,Bot
50,1,1,6,6,6,6,6.0,0.0,6,6,6.0,0.0,240000.0,40000.0,50.0,0.0,50,50,0,0.0,0.0,0,0,0,0.0,0.0,0,0,0,0,0,0,20,20,20000.0,20000.0,6,6,6.0,0.0,0.0,0,0,0,0,1,1,0,0,1,9.0,6.0,6.0,20,0,0,0,0,0,0,1,6,1,6,237,256,0,20,0.0,0.0,0,0,0.0,0.0,0,0,Bot
63480,4,3,207,134,195,0,51.75,95.54187564,128,0,44.66666667,72.23111056,5371.770636,110.2709515,10580.0,24875.1734,61352,20,63480,21160.0,35984.34578,62709,20,61976,30988.0,42941.18061,61352,624,0,0,0,0,92,72,63.01197227,47.25897921,0,195,42.625,75.57576615,5711.696429,0,0,0,1,0,0,0,0,0,48.71428571,51.75,44.66666667,92,0,0,0,0,0,0,4,207,3,134,8192,237,3,20,0.0,0.0,0,0,0.0,0.0,0,0,Bot
28,1,1,6,6,6,6,6.0,0.0,6,6,6.0,0.0,428571.4286,71428.57143,28.0,0.0,28,28,0,0.0,0.0,0,0,0,0.0,0.0,0,0,0,0,0,0,20,20,35714.285710000004,35714.285710000004,6,6,6.0,0.0,0.0,0,0,0,0,1,1,0,0,1,9.0,6.0,6.0,20,0,0,0,0,0,0,1,6,1,6,237,256,0,20,0.0,0.0,0,0,0.0,0.0,0,0,Bot
106145,4,3,206,134,194,0,51.5,95.04209594,128,0,44.66666667,72.23111056,3203.165481,65.94752461,17690.83333,42354.8756,104145,27,106145,35381.66667,60705.11564,105477,27,104723,52361.5,73232.92801,104145,578,0,0,0,0,92,72,37.68429978,28.26322483,0,194,42.5,75.2880184,5668.285714,0,0,0,1,0,0,0,0,0,48.57142857,51.5,44.66666667,92,0,0,0,0,0,0,4,206,3,134,8192,237,3,20,0.0,0.0,0,0,0.0,0.0,0,0,Bot
3,1,1,6,6,6,6,6.0,0.0,6,6,6.0,0.0,4000000.0,666666.6667,3.0,0.0,3,3,0,0.0,0.0,0,0,0,0.0,0.0,0,0,0,0,0,0,20,20,333333.3333,333333.3333,6,6,6.0,0.0,0.0,0,0,0,0,1,1,0,0,1,9.0,6.0,6.0,20,0,0,0,0,0,0,1,6,1,6,237,256,0,20,0.0,0.0,0,0,0.0,0.0,0,0,Bot
82489,4,3,208,134,196,0,52.0,96.04165763,128,0,44.66666667,72.23111056,4146.007346,84.85979949,13748.16667,32615.83132,80321,31,82489,27496.33333,47072.54022,81850,31,80960,40480.0,56343.68254,80321,639,0,0,0,0,92,72,48.49131399,36.3684855,0,196,42.75,75.86407017,5755.357143,0,0,0,1,0,0,0,0,0,48.85714286,52.0,44.66666667,92,0,0,0,0,0,0,4,208,3,134,8192,237,3,20,0.0,0.0,0,0,0.0,0.0,0,0,Bot
42,1,1,6,6,6,6,6.0,0.0,6,6,6.0,0.0,285714.2857,47619.04762,42.0,0.0,42,42,0,0.0,0.0,0,0,0,0.0,0.0,0,0,0,0,0,0,20,20,23809.52381,23809.52381,6,6,6.0,0.0,0.0,0,0,0,0,1,1,0,0,1,9.0,6.0,6.0,20,0,0,0,0,0,0,1,6,1,6,237,256,0,20,0.0,0.0,0,0,0.0,0.0,0,0,Bot
89198,4,3,208,134,196,0,52.0,96.04165763,128,0,44.66666667,72.23111056,3834.166685,78.47709590000001,14866.33333,35371.86302,87066,34,89198,29732.66667,50951.94164,88566,34,87864,43932.0,61000.6878,87066,798,0,0,0,0,92,72,44.8440548,33.6330411,0,196,42.75,75.86407017,5755.357143,0,0,0,1,0,0,0,0,0,48.85714286,52.0,44.66666667,92,0,0,0,0,0,0,4,208,3,134,8192,237,3,20,0.0,0.0,0,0,0.0,0.0,0,0,Bot
43,1,1,6,6,6,6,6.0,0.0,6,6,6.0,0.0,279069.7674,46511.62791,43.0,0.0,43,43,0,0.0,0.0,0,0,0,0.0,0.0,0,0,0,0,0,0,20,20,23255.81395,23255.81395,6,6,6.0,0.0,0.0,0,0,0,0,1,1,0,0,1,9.0,6.0,6.0,20,0,0,0,0,0,0,1,6,1,6,237,256,0,20,0.0,0.0,0,0,0.0,0.0,0,0,Bot
224069,5,4,213,145,195,0,42.6,85.23379611,129,0,36.25,61.96975069,1597.72213,40.1661988,28008.625,78372.19261,221969,25,224069,56017.25,111186.2275,222796,25,222794,74264.66667,127915.8732,221969,205,0,0,0,0,112,92,22.31455489,17.85164391,0,195,35.8,68.38908295,4677.066667,0,0,0,1,0,0,0,0,0,39.77777778,42.6,36.25,112,0,0,0,0,0,0,5,213,4,145,8192,237,4,20,0.0,0.0,0,0,0.0,0.0,0,0,Bot
36,1,1,6,6,6,6,6.0,0.0,6,6,6.0,0.0,333333.3333,55555.55556,36.0,0.0,36,36,0,0.0,0.0,0,0,0,0.0,0.0,0,0,0,0,0,0,20,20,27777.77778,27777.77778,6,6,6.0,0.0,0.0,0,0,0,0,1,1,0,0,1,9.0,6.0,6.0,20,0,0,0,0,0,0,1,6,1,6,237,256,0,20,0.0,0.0,0,0,0.0,0.0,0,0,Bot
244813,15,17,41962,218,7300,0,2797.466667,2388.437561,128,0,12.82352941,29.7158108,172294.7719,130.7120128,7897.193548,42788.90595,238448,3,244813,17486.64286,64392.34599,241210,49,243237,15202.3125,59532.47369,238448,3,0,0,0,0,312,352,61.27125602,69.44075682,0,7300,1278.181818,2116.566994,4479855.841,0,0,0,1,0,0,0,0,1,1318.125,2797.466667,12.82352941,312,0,0,0,0,0,0,15,41962,17,218,8192,890,14,20,0.0,0.0,0,0,0.0,0.0,0,0,Bot
83,1,1,6,6,6,6,6.0,0.0,6,6,6.0,0.0,144578.3133,24096.38554,83.0,0.0,83,83,0,0.0,0.0,0,0,0,0.0,0.0,0,0,0,0,0,0,20,20,12048.19277,12048.19277,6,6,6.0,0.0,0.0,0,0,0,0,1,1,0,0,1,9.0,6.0,6.0,20,0,0,0,0,0,0,1,6,1,6,890,256,0,20,0.0,0.0,0,0,0.0,0.0,0,0,Bot
298309,5,4,214,145,196,0,42.8,85.68080298,129,0,36.25,61.96975069,1203.450114,30.17005856,37288.625,104627.2445,296227,4,298309,74577.25,148182.8601,296851,24,296868,98956.0,170841.9906,296227,4,0,0,0,0,112,92,16.76114365,13.40891492,0,196,35.9,68.6479748,4712.544444,0,0,0,1,0,0,0,0,0,39.88888889,42.8,36.25,112,0,0,0,0,0,0,5,214,4,145,8192,237,4,20,0.0,0.0,0,0,0.0,0.0,0,0,Bot
118320,24,38,83617,344,7300,0,3484.041667,2214.770426,128,0,9.052631579,19.84119025,709609.5335,524.0027044999999,1939.672131,13838.134580000002,108237,0,118320,5144.347826,23335.78493,112189,52,116628,3152.108108,17757.14442,108237,1,0,0,0,0,492,772,202.8397566,321.1629479,0,7300,1332.714286,2171.169422,4713976.659,0,0,0,1,0,0,0,0,1,1354.209677,3484.041667,9.052631579,492,0,0,0,0,0,0,24,83617,38,344,8192,1307,23,20,0.0,0.0,0,0,0.0,0.0,0,0,Bot
44,1,1,6,6,6,6,6.0,0.0,6,6,6.0,0.0,272727.2727,45454.54545,44.0,0.0,44,44,0,0.0,0.0,0,0,0,0.0,0.0,0,0,0,0,0,0,20,20,22727.27273,22727.27273,6,6,6.0,0.0,0.0,0,0,0,0,1,1,0,0,1,9.0,6.0,6.0,20,0,0,0,0,0,0,1,6,1,6,237,256,0,20,0.0,0.0,0,0,0.0,0.0,0,0,Bot
43,1,1,6,6,6,6,6.0,0.0,6,6,6.0,0.0,279069.7674,46511.62791,43.0,0.0,43,43,0,0.0,0.0,0,0,0,0.0,0.0,0,0,0,0,0,0,20,20,23255.81395,23255.81395,6,6,6.0,0.0,0.0,0,0,0,0,1,1,0,0,1,9.0,6.0,6.0,20,0,0,0,0,0,0,1,6,1,6,1307,256,0,20,0.0,0.0,0,0,0.0,0.0,0,0,Bot
124376,4,3,207,134,195,0,51.75,95.54187564,128,0,44.66666667,72.23111056,2741.686499,56.28095452,20729.33333,49726.30401,122230,21,124376,41458.66667,71280.80735,123766,21,122836,61418.0,86001.15516000001,122230,606,0,0,0,0,92,72,32.16054544,24.12040908,0,195,42.625,75.57576615,5711.696429,0,0,0,1,0,0,0,0,0,48.71428571,51.75,44.66666667,92,0,0,0,0,0,0,4,207,3,134,8192,237,3,20,0.0,0.0,0,0,0.0,0.0,0,0,Bot
43,1,1,6,6,6,6,6.0,0.0,6,6,6.0,0.0,279069.7674,46511.62791,43.0,0.0,43,43,0,0.0,0.0,0,0,0,0.0,0.0,0,0,0,0,0,0,20,20,23255.81395,23255.81395,6,6,6.0,0.0,0.0,0,0,0,0,1,1,0,0,1,9.0,6.0,6.0,20,0,0,0,0,0,0,1,6,1,6,237,256,0,20,0.0,0.0,0,0,0.0,0.0,0,0,Bot
95043,4,3,208,134,196,0,52.0,96.04165763,128,0,44.66666667,72.23111056,3598.371264,73.65087382,15840.5,37818.52345,93035,32,95043,31681.0,54228.98171,94298,32,93657,46828.5,65345.85897,93035,622,0,0,0,0,92,72,42.08621361,31.56466021,0,196,42.75,75.86407017,5755.357143,0,0,0,1,0,0,0,0,0,48.85714286,52.0,44.66666667,92,0,0,0,0,0,0,4,208,3,134,8192,237,3,20,0.0,0.0,0,0,0.0,0.0,0,0,Bot
38,1,1,6,6,6,6,6.0,0.0,6,6,6.0,0.0,315789.4737,52631.57895,38.0,0.0,38,38,0,0.0,0.0,0,0,0,0.0,0.0,0,0,0,0,0,0,20,20,26315.78947,26315.78947,6,6,6.0,0.0,0.0,0,0,0,0,1,1,0,0,1,9.0,6.0,6.0,20,0,0,0,0,0,0,1,6,1,6,237,256,0,20,0.0,0.0,0,0,0.0,0.0,0,0,Bot
74361,4,3,207,134,195,0,51.75,95.54187564,128,0,44.66666667,72.23111056,4585.737147,94.13536666,12393.5,29355.18304,72311,21,74361,24787.0,42348.09668,73685,21,72914,36457.0,50705.21307,72311,603,0,0,0,0,92,72,53.79163809,40.34372857,0,195,42.625,75.57576615,5711.696429,0,0,0,1,0,0,0,0,0,48.71428571,51.75,44.66666667,92,0,0,0,0,0,0,4,207,3,134,8192,237,3,20,0.0,0.0,0,0,0.0,0.0,0,0,Bot
37,1,1,6,6,6,6,6.0,0.0,6,6,6.0,0.0,324324.3243,54054.05405,37.0,0.0,37,37,0,0.0,0.0,0,0,0,0.0,0.0,0,0,0,0,0,0,20,20,27027.02703,27027.02703,6,6,6.0,0.0,0.0,0,0,0,0,1,1,0,0,1,9.0,6.0,6.0,20,0,0,0,0,0,0,1,6,1,6,237,256,0,20,0.0,0.0,0,0,0.0,0.0,0,0,Bot
82118,4,3,208,134,196,0,52.0,96.04165763,128,0,44.66666667,72.23111056,4164.738547,85.24318663,13686.33333,32554.72323,80136,94,82118,27372.66667,46718.73597,81318,143,80718,40359.0,56253.17287,80136,582,0,0,0,0,92,72,48.71039236,36.53279427,0,196,42.75,75.86407017,5755.357143,0,0,0,1,0,0,0,0,0,48.85714286,52.0,44.66666667,92,0,0,0,0,0,0,4,208,3,134,8192,237,3,20,0.0,0.0,0,0,0.0,0.0,0,0,Bot
49,1,1,6,6,6,6,6.0,0.0,6,6,6.0,0.0,244897.9592,40816.32653,49.0,0.0,49,49,0,0.0,0.0,0,0,0,0.0,0.0,0,0,0,0,0,0,20,20,20408.16327,20408.16327,6,6,6.0,0.0,0.0,0,0,0,0,1,1,0,0,1,9.0,6.0,6.0,20,0,0,0,0,0,0,1,6,1,6,237,256,0,20,0.0,0.0,0,0,0.0,0.0,0,0,Bot
86301,4,3,207,134,195,0,51.75,95.54187564,128,0,44.66666667,72.23111056,3951.286775,81.11145873,14383.5,34186.6082,84163,21,86301,28767.0,49259.61249,85646,21,84774,42387.0,59080.18577999999,84163,611,0,0,0,0,92,72,46.34940499,34.76205374,0,195,42.625,75.57576615,5711.696429,0,0,0,1,0,0,0,0,0,48.71428571,51.75,44.66666667,92,0,0,0,0,0,0,4,207,3,134,8192,237,3,20,0.0,0.0,0,0,0.0,0.0,0,0,Bot
35,1,1,6,6,6,6,6.0,0.0,6,6,6.0,0.0,342857.1429,57142.85714,35.0,0.0,35,35,0,0.0,0.0,0,0,0,0.0,0.0,0,0,0,0,0,0,20,20,28571.42857,28571.42857,6,6,6.0,0.0,0.0,0,0,0,0,1,1,0,0,1,9.0,6.0,6.0,20,0,0,0,0,0,0,1,6,1,6,237,256,0,20,0.0,0.0,0,0,0.0,0.0,0,0,Bot
72660,4,3,208,134,196,0,52.0,96.04165763,128,0,44.66666667,72.23111056,4706.85384,96.33911368,12110.0,28540.62409,70364,41,72660,24220.0,41154.79925,71739,41,70980,35490.0,49319.28377,70364,616,0,0,0,0,92,72,55.0509221,41.28819158,0,196,42.75,75.86407017,5755.357143,0,0,0,1,0,0,0,0,0,48.85714286,52.0,44.66666667,92,0,0,0,0,0,0,4,208,3,134,8192,237,3,20,0.0,0.0,0,0,0.0,0.0,0,0,Bot
54,1,1,6,6,6,6,6.0,0.0,6,6,6.0,0.0,222222.2222,37037.03704,54.0,0.0,54,54,0,0.0,0.0,0,0,0,0.0,0.0,0,0,0,0,0,0,20,20,18518.51852,18518.51852,6,6,6.0,0.0,0.0,0,0,0,0,1,1,0,0,1,9.0,6.0,6.0,20,0,0,0,0,0,0,1,6,1,6,237,256,0,20,0.0,0.0,0,0,0.0,0.0,0,0,Bot
82426,4,3,207,134,195,0,51.75,95.54187564,128,0,44.66666667,72.23111056,4137.044137,84.92465969,13737.66667,32695.70934,80475,21,82426,27475.33333,46937.04022,81672,21,81080,40540.0,56476.61861000001,80475,605,0,0,0,0,92,72,48.52837697,36.39628273,0,195,42.625,75.57576615,5711.696429,0,0,0,1,0,0,0,0,0,48.71428571,51.75,44.66666667,92,0,0,0,0,0,0,4,207,3,134,8192,237,3,20,0.0,0.0,0,0,0.0,0.0,0,0,Bot
31,1,1,6,6,6,6,6.0,0.0,6,6,6.0,0.0,387096.7742,64516.12903,31.0,0.0,31,31,0,0.0,0.0,0,0,0,0.0,0.0,0,0,0,0,0,0,20,20,32258.06452,32258.06452,6,6,6.0,0.0,0.0,0,0,0,0,1,1,0,0,1,9.0,6.0,6.0,20,0,0,0,0,0,0,1,6,1,6,237,256,0,20,0.0,0.0,0,0,0.0,0.0,0,0,Bot
72994,4,3,208,134,196,0,52.0,96.04165763,128,0,44.66666667,72.23111056,4685.316601,95.89829301,12165.66667,28850.74076,71054,57,72994,24331.33333,41609.52795,72377,57,71678,35839.0,49801.5306,71054,624,0,0,0,0,92,72,54.79902458,41.09926843,0,196,42.75,75.86407017,5755.357143,0,0,0,1,0,0,0,0,0,48.85714286,52.0,44.66666667,92,0,0,0,0,0,0,4,208,3,134,8192,237,3,20,0.0,0.0,0,0,0.0,0.0,0,0,Bot
47,1,1,6,6,6,6,6.0,0.0,6,6,6.0,0.0,255319.1489,42553.19149,47.0,0.0,47,47,0,0.0,0.0,0,0,0,0.0,0.0,0,0,0,0,0,0,20,20,21276.59574,21276.59574,6,6,6.0,0.0,0.0,0,0,0,0,1,1,0,0,1,9.0,6.0,6.0,20,0,0,0,0,0,0,1,6,1,6,237,256,0,20,0.0,0.0,0,0,0.0,0.0,0,0,Bot
71469,4,3,207,134,195,0,51.75,95.54187564,128,0,44.66666667,72.23111056,4771.299445000001,97.94456338,11911.5,28126.33119,69320,52,71469,23823.0,40641.13745,70750,52,69925,34962.5,48588.84247,69320,605,0,0,0,0,92,72,55.96832193,41.97624145,0,195,42.625,75.57576615,5711.696429,0,0,0,1,0,0,0,0,0,48.71428571,51.75,44.66666667,92,0,0,0,0,0,0,4,207,3,134,8192,237,3,20,0.0,0.0,0,0,0.0,0.0,0,0,Bot
36,1,1,6,6,6,6,6.0,0.0,6,6,6.0,0.0,333333.3333,55555.55556,36.0,0.0,36,36,0,0.0,0.0,0,0,0,0.0,0.0,0,0,0,0,0,0,20,20,27777.77778,27777.77778,6,6,6.0,0.0,0.0,0,0,0,0,1,1,0,0,1,9.0,6.0,6.0,20,0,0,0,0,0,0,1,6,1,6,237,256,0,20,0.0,0.0,0,0,0.0,0.0,0,0,Bot
77254,4,3,208,134,196,0,52.0,96.04165763,128,0,44.66666667,72.23111056,4426.955239,90.61019494,12875.66667,30510.49253,75152,32,77254,25751.33333,43884.62629,76423,32,75808,37904.0,52676.62677,75152,656,0,0,0,0,92,72,51.77725425,38.83294069,0,196,42.75,75.86407017,5755.357143,0,0,0,1,0,0,0,0,0,48.85714286,52.0,44.66666667,92,0,0,0,0,0,0,4,208,3,134,8192,237,3,20,0.0,0.0,0,0,0.0,0.0,0,0,Bot
43,1,1,6,6,6,6,6.0,0.0,6,6,6.0,0.0,279069.7674,46511.62791,43.0,0.0,43,43,0,0.0,0.0,0,0,0,0.0,0.0,0,0,0,0,0,0,20,20,23255.81395,23255.81395,6,6,6.0,0.0,0.0,0,0,0,0,1,1,0,0,1,9.0,6.0,6.0,20,0,0,0,0,0,0,1,6,1,6,237,256,0,20,0.0,0.0,0,0,0.0,0.0,0,0,Bot
100490,4,3,207,134,195,0,51.75,95.54187564,128,0,44.66666667,72.23111056,3393.372475,69.6586725,16748.33333,39984.32177,98363,52,100490,33496.66667,57444.43368,99827,52,98974,49487.0,69121.10207000001,98363,611,0,0,0,0,92,72,39.80495572,29.85371679,0,195,42.625,75.57576615,5711.696429,0,0,0,1,0,0,0,0,0,48.71428571,51.75,44.66666667,92,0,0,0,0,0,0,4,207,3,134,8192,237,3,20,0.0,0.0,0,0,0.0,0.0,0,0,Bot
16,1,1,6,6,6,6,6.0,0.0,6,6,6.0,0.0,750000.0,125000.0,16.0,0.0,16,16,0,0.0,0.0,0,0,0,0.0,0.0,0,0,0,0,0,0,20,20,62500.0,62500.0,6,6,6.0,0.0,0.0,0,0,0,0,1,1,0,0,1,9.0,6.0,6.0,20,0,0,0,0,0,0,1,6,1,6,237,256,0,20,0.0,0.0,0,0,0.0,0.0,0,0,Bot
212571,5,4,213,145,195,0,42.6,85.23379611,129,0,36.25,61.96975069,1684.14318,42.33879504,26571.375,74345.97722,210567,3,212571,53142.75,105338.6227,211150,41,211167,70389.0,121398.0724,210567,3,0,0,0,0,112,92,23.5215528,18.81724224,0,195,35.8,68.38908295,4677.066667,0,0,0,1,0,0,0,0,0,39.77777778,42.6,36.25,112,0,0,0,0,0,0,5,213,4,145,8192,237,4,20,0.0,0.0,0,0,0.0,0.0,0,0,Bot
90911,28,54,111108,440,16060,0,3968.142857,3456.802587,128,0,8.148148147999999,16.63754269,1227002.233,901.9810584,1122.358025,8719.497308,78602,0,90911,3367.074074,16024.52669,83538,2,89458,1687.8867920000002,10772.60835,78602,0,0,0,0,0,572,1092,307.9935321000001,593.9875262999999,0,16060,1343.951807,2735.564346,7483312.29,0,0,0,1,0,0,0,0,1,1360.341463,3968.142857,8.148148147999999,572,0,0,0,0,0,0,28,111108,54,440,8192,1255,27,20,0.0,0.0,0,0,0.0,0.0,0,0,Bot
143095,4,3,208,134,196,0,52.0,96.04165763,128,0,44.66666667,72.23111056,2390.020616,48.91855061,23849.16667,57446.63277999999,141110,54,143095,47698.33333,82062.97602999999,142456,54,141727,70863.5,99343.55301,141110,617,0,0,0,0,92,72,27.95345749,20.96509312,0,196,42.75,75.86407017,5755.357143,0,0,0,1,0,0,0,0,0,48.85714286,52.0,44.66666667,92,0,0,0,0,0,0,4,208,3,134,8192,237,3,20,0.0,0.0,0,0,0.0,0.0,0,0,Bot
42,1,1,6,6,6,6,6.0,0.0,6,6,6.0,0.0,285714.2857,47619.04762,42.0,0.0,42,42,0,0.0,0.0,0,0,0,0.0,0.0,0,0,0,0,0,0,20,20,23809.52381,23809.52381,6,6,6.0,0.0,0.0,0,0,0,0,1,1,0,0,1,9.0,6.0,6.0,20,0,0,0,0,0,0,1,6,1,6,237,256,0,20,0.0,0.0,0,0,0.0,0.0,0,0,Bot
38,1,1,6,6,6,6,6.0,0.0,6,6,6.0,0.0,315789.4737,52631.57895,38.0,0.0,38,38,0,0.0,0.0,0,0,0,0.0,0.0,0,0,0,0,0,0,20,20,26315.78947,26315.78947,6,6,6.0,0.0,0.0,0,0,0,0,1,1,0,0,1,9.0,6.0,6.0,20,0,0,0,0,0,0,1,6,1,6,1255,256,0,20,0.0,0.0,0,0,0.0,0.0,0,0,Bot
19,1,1,6,6,6,6,6.0,0.0,6,6,6.0,0.0,631578.9474,105263.1579,19.0,0.0,19,19,0,0.0,0.0,0,0,0,0.0,0.0,0,0,0,0,0,0,20,20,52631.57895,52631.57895,6,6,6.0,0.0,0.0,0,0,0,0,1,1,0,0,1,9.0,6.0,6.0,20,0,0,0,0,0,0,1,6,1,6,237,256,0,20,0.0,0.0,0,0,0.0,0.0,0,0,Bot
66394,4,3,207,134,195,0,51.75,95.54187564,128,0,44.66666667,72.23111056,5136.006265999999,105.4312137,11065.66667,26008.2406,64150,61,66394,22131.33333,37604.2624,65551,61,64739,32369.5,44944.41412,64150,589,0,0,0,0,92,72,60.24640781,45.18480586,0,195,42.625,75.57576615,5711.696429,0,0,0,1,0,0,0,0,0,48.71428571,51.75,44.66666667,92,0,0,0,0,0,0,4,207,3,134,8192,237,3,20,0.0,0.0,0,0,0.0,0.0,0,0,Bot
2,1,1,6,6,6,6,6.0,0.0,6,6,6.0,0.0,6000000.0,1000000.0,2.0,0.0,2,2,0,0.0,0.0,0,0,0,0.0,0.0,0,0,0,0,0,0,20,20,500000.0,500000.0,6,6,6.0,0.0,0.0,0,0,0,0,1,1,0,0,1,9.0,6.0,6.0,20,0,0,0,0,0,0,1,6,1,6,237,256,0,20,0.0,0.0,0,0,0.0,0.0,0,0,Bot
64652,4,3,207,134,195,0,51.75,95.54187564,128,0,44.66666667,72.23111056,5274.392129999999,108.27197920000002,10775.33333,25325.96919,62467,21,64652,21550.66667,36659.23407,63879,21,63063,31531.5,43749.40366,62467,596,0,0,0,0,92,72,61.86970241,46.40227681,0,195,42.625,75.57576615,5711.696429,0,0,0,1,0,0,0,0,0,48.71428571,51.75,44.66666667,92,0,0,0,0,0,0,4,207,3,134,8192,237,3,20,0.0,0.0,0,0,0.0,0.0,0,0,Bot
36,1,1,6,6,6,6,6.0,0.0,6,6,6.0,0.0,333333.3333,55555.55556,36.0,0.0,36,36,0,0.0,0.0,0,0,0,0.0,0.0,0,0,0,0,0,0,20,20,27777.77778,27777.77778,6,6,6.0,0.0,0.0,0,0,0,0,1,1,0,0,1,9.0,6.0,6.0,20,0,0,0,0,0,0,1,6,1,6,237,256,0,20,0.0,0.0,0,0,0.0,0.0,0,0,Bot
214040,5,4,212,145,194,0,42.4,84.78679142,129,0,36.25,61.96975069,1667.91254,42.04821529,26755.0,74609.86773,211403,3,214040,53510.0,105661.4774,212001,95,212087,70695.66667,121856.5967,211403,3,0,0,0,0,112,92,23.3601196,18.68809568,0,194,35.7,68.13067509,4641.788889,0,0,0,1,0,0,0,0,0,39.66666667,42.4,36.25,112,0,0,0,0,0,0,5,212,4,145,8192,237,4,20,0.0,0.0,0,0,0.0,0.0,0,0,Bot
106700,32,70,163981,536,18980,0,5124.40625,4862.686140999999,128,0,7.657142857,14.60978996,1541865.042,955.9512652,1056.435644,8721.778379000001,87791,1,106700,3441.9354840000005,16958.09337,94794,6,104792,1518.724638,10546.60484,87791,1,0,0,0,0,652,1412,299.9062793,656.0449859,0,18980,1597.252427,3584.506594,12800000.0,0,0,0,1,0,0,0,0,2,1612.911765,5124.40625,7.657142857,652,0,0,0,0,0,0,32,163981,70,536,8192,1255,31,20,0.0,0.0,0,0,0.0,0.0,0,0,Bot
29,1,1,6,6,6,6,6.0,0.0,6,6,6.0,0.0,413793.1034,68965.51724,29.0,0.0,29,29,0,0.0,0.0,0,0,0,0.0,0.0,0,0,0,0,0,0,20,20,34482.75862,34482.75862,6,6,6.0,0.0,0.0,0,0,0,0,1,1,0,0,1,9.0,6.0,6.0,20,0,0,0,0,0,0,1,6,1,6,237,256,0,20,0.0,0.0,0,0,0.0,0.0,0,0,Bot
68,1,1,6,6,6,6,6.0,0.0,6,6,6.0,0.0,176470.5882,29411.764710000003,68.0,0.0,68,68,0,0.0,0.0,0,0,0,0.0,0.0,0,0,0,0,0,0,20,20,14705.88235,14705.88235,6,6,6.0,0.0,0.0,0,0,0,0,1,1,0,0,1,9.0,6.0,6.0,20,0,0,0,0,0,0,1,6,1,6,1255,256,0,20,0.0,0.0,0,0,0.0,0.0,0,0,Bot
77117,4,3,207,134,195,0,51.75,95.54187564,128,0,44.66666667,72.23111056,4421.85251,90.77116589,12852.83333,30457.79386,75021,41,77117,25705.66667,43673.3713,76133,72,75581,37790.5,52651.87803,75021,560,0,0,0,0,92,72,51.86923765,38.90192824,0,195,42.625,75.57576615,5711.696429,0,0,0,1,0,0,0,0,0,48.71428571,51.75,44.66666667,92,0,0,0,0,0,0,4,207,3,134,8192,237,3,20,0.0,0.0,0,0,0.0,0.0,0,0,Bot
125152,4,3,208,134,196,0,52.0,96.04165763,128,0,44.66666667,72.23111056,2732.677065,55.93198670000001,20858.66667,50105.30877,123134,65,125152,41717.33333,71613.73991,124409,65,123760,61880.0,86626.23755,123134,626,0,0,0,0,92,72,31.96113526,23.97085144,0,196,42.75,75.86407017,5755.357143,0,0,0,1,0,0,0,0,0,48.85714286,52.0,44.66666667,92,0,0,0,0,0,0,4,208,3,134,8192,237,3,20,0.0,0.0,0,0,0.0,0.0,0,0,Bot
17,1,1,6,6,6,6,6.0,0.0,6,6,6.0,0.0,705882.3529,117647.0588,17.0,0.0,17,17,0,0.0,0.0,0,0,0,0.0,0.0,0,0,0,0,0,0,20,20,58823.52941,58823.52941,6,6,6.0,0.0,0.0,0,0,0,0,1,1,0,0,1,9.0,6.0,6.0,20,0,0,0,0,0,0,1,6,1,6,237,256,0,20,0.0,0.0,0,0,0.0,0.0,0,0,Bot
18,1,1,6,6,6,6,6.0,0.0,6,6,6.0,0.0,666666.6667,111111.1111,18.0,0.0,18,18,0,0.0,0.0,0,0,0,0.0,0.0,0,0,0,0,0,0,20,20,55555.55556,55555.55556,6,6,6.0,0.0,0.0,0,0,0,0,1,1,0,0,1,9.0,6.0,6.0,20,0,0,0,0,0,0,1,6,1,6,237,256,0,20,0.0,0.0,0,0,0.0,0.0,0,0,Bot
68488,4,3,207,134,195,0,51.75,95.54187564,128,0,44.66666667,72.23111056,4978.974419,102.207686,11414.66667,26836.60263,66190,58,68488,22829.33333,38721.94717,67539,58,66801,33400.5,46371.3556,66190,611,0,0,0,0,92,72,58.40439201,43.80329401,0,195,42.625,75.57576615,5711.696429,0,0,0,1,0,0,0,0,0,48.71428571,51.75,44.66666667,92,0,0,0,0,0,0,4,207,3,134,8192,237,3,20,0.0,0.0,0,0,0.0,0.0,0,0,Bot
3,1,1,6,6,6,6,6.0,0.0,6,6,6.0,0.0,4000000.0,666666.6667,3.0,0.0,3,3,0,0.0,0.0,0,0,0,0.0,0.0,0,0,0,0,0,0,20,20,333333.3333,333333.3333,6,6,6.0,0.0,0.0,0,0,0,0,1,1,0,0,1,9.0,6.0,6.0,20,0,0,0,0,0,0,1,6,1,6,237,256,0,20,0.0,0.0,0,0,0.0,0.0,0,0,Bot
94714,4,3,206,134,194,0,51.5,95.04209594,128,0,44.66666667,72.23111056,3589.754419,73.90670862,15785.66667,37544.50846000001,92419,39,94714,31571.33333,54053.66395,93986,39,93007,46503.5,64934.32282,92419,588,0,0,0,0,92,72,42.23240492,31.67430369,0,194,42.5,75.2880184,5668.285714,0,0,0,1,0,0,0,0,0,48.57142857,51.5,44.66666667,92,0,0,0,0,0,0,4,206,3,134,8192,237,3,20,0.0,0.0,0,0,0.0,0.0,0,0,Bot
90,1,1,6,6,6,6,6.0,0.0,6,6,6.0,0.0,133333.3333,22222.22222,90.0,0.0,90,90,0,0.0,0.0,0,0,0,0.0,0.0,0,0,0,0,0,0,20,20,11111.11111,11111.11111,6,6,6.0,0.0,0.0,0,0,0,0,1,1,0,0,1,9.0,6.0,6.0,20,0,0,0,0,0,0,1,6,1,6,237,256,0,20,0.0,0.0,0,0,0.0,0.0,0,0,Bot
64894,4,3,207,134,195,0,51.75,95.54187564,128,0,44.66666667,72.23111056,5254.723086999999,107.8682159,10815.66667,25578.15149,63024,38,64894,21631.33333,36878.90765,64214,38,63627,31813.5,44138.31239,63024,603,0,0,0,0,92,72,61.63898049,46.22923537,0,195,42.625,75.57576615,5711.696429,0,0,0,1,0,0,0,0,0,48.71428571,51.75,44.66666667,92,0,0,0,0,0,0,4,207,3,134,8192,237,3,20,0.0,0.0,0,0,0.0,0.0,0,0,Bot
69596,4,3,208,134,196,0,52.0,96.04165763,128,0,44.66666667,72.23111056,4914.075522,100.5804931,11599.33333,27342.84204,67409,67,69596,23198.66667,39362.38146,68648,67,68022,34011.0,47231.90456,67409,613,0,0,0,0,92,72,57.474567500000006,43.10592563,0,196,42.75,75.86407017,5755.357143,0,0,0,1,0,0,0,0,0,48.85714286,52.0,44.66666667,92,0,0,0,0,0,0,4,208,3,134,8192,237,3,20,0.0,0.0,0,0,0.0,0.0,0,0,Bot
47,1,1,6,6,6,6,6.0,0.0,6,6,6.0,0.0,255319.1489,42553.19149,47.0,0.0,47,47,0,0.0,0.0,0,0,0,0.0,0.0,0,0,0,0,0,0,20,20,21276.59574,21276.59574,6,6,6.0,0.0,0.0,0,0,0,0,1,1,0,0,1,9.0,6.0,6.0,20,0,0,0,0,0,0,1,6,1,6,237,256,0,20,0.0,0.0,0,0,0.0,0.0,0,0,Bot
46,1,1,6,6,6,6,6.0,0.0,6,6,6.0,0.0,260869.5652,43478.26087,46.0,0.0,46,46,0,0.0,0.0,0,0,0,0.0,0.0,0,0,0,0,0,0,20,20,21739.13043,21739.13043,6,6,6.0,0.0,0.0,0,0,0,0,1,1,0,0,1,9.0,6.0,6.0,20,0,0,0,0,0,0,1,6,1,6,237,256,0,20,0.0,0.0,0,0,0.0,0.0,0,0,Bot
80848,4,3,207,134,195,0,51.75,95.54187564,128,0,44.66666667,72.23111056,4217.791411,86.58222838,13474.66667,32004.82734,78801,55,80848,26949.33333,46124.98271,80209,55,79425,39712.5,55279.48683,78801,624,0,0,0,0,92,72,49.47555907,37.10666931,0,195,42.625,75.57576615,5711.696429,0,0,0,1,0,0,0,0,0,48.71428571,51.75,44.66666667,92,0,0,0,0,0,0,4,207,3,134,8192,237,3,20,0.0,0.0,0,0,0.0,0.0,0,0,Bot
4,1,1,6,6,6,6,6.0,0.0,6,6,6.0,0.0,3000000.0,500000.0,4.0,0.0,4,4,0,0.0,0.0,0,0,0,0.0,0.0,0,0,0,0,0,0,20,20,250000.0,250000.0,6,6,6.0,0.0,0.0,0,0,0,0,1,1,0,0,1,9.0,6.0,6.0,20,0,0,0,0,0,0,1,6,1,6,237,256,0,20,0.0,0.0,0,0,0.0,0.0,0,0,Bot
96996,4,3,206,134,194,0,51.5,95.04209594,128,0,44.66666667,72.23111056,3505.2991880000004,72.16792445,16166.0,38511.7984,94774,41,96996,32332.0,55454.88407000001,96365,41,95384,47692.0,66584.00293999999,94774,610,0,0,0,0,92,72,41.23881397,30.92911048,0,194,42.5,75.2880184,5668.285714,0,0,0,1,0,0,0,0,0,48.57142857,51.5,44.66666667,92,0,0,0,0,0,0,4,206,3,134,8192,237,3,20,0.0,0.0,0,0,0.0,0.0,0,0,Bot
83,1,1,6,6,6,6,6.0,0.0,6,6,6.0,0.0,144578.3133,24096.38554,83.0,0.0,83,83,0,0.0,0.0,0,0,0,0.0,0.0,0,0,0,0,0,0,20,20,12048.19277,12048.19277,6,6,6.0,0.0,0.0,0,0,0,0,1,1,0,0,1,9.0,6.0,6.0,20,0,0,0,0,0,0,1,6,1,6,237,256,0,20,0.0,0.0,0,0,0.0,0.0,0,0,Bot
103707,4,3,207,134,195,0,51.75,95.54187564,128,0,44.66666667,72.23111056,3288.109771,67.49785453,17284.5,41353.59685,101695,41,103707,34569.0,59227.55029,102958,41,102291,51145.5,71487.78847,101695,596,0,0,0,0,92,72,38.57020259,28.92765194,0,195,42.625,75.57576615,5711.696429,0,0,0,1,0,0,0,0,0,48.71428571,51.75,44.66666667,92,0,0,0,0,0,0,4,207,3,134,8192,237,3,20,0.0,0.0,0,0,0.0,0.0,0,0,Bot
71258,4,3,208,134,196,0,52.0,96.04165763,128,0,44.66666667,72.23111056,4799.461113,98.23458419,11876.33333,28091.11439,69214,38,71258,23752.66667,40499.60367,70516,38,69854,34927.0,48489.14041,69214,640,0,0,0,0,92,72,56.13404811,42.10053608,0,196,42.75,75.86407017,5755.357143,0,0,0,1,0,0,0,0,0,48.85714286,52.0,44.66666667,92,0,0,0,0,0,0,4,208,3,134,8192,237,3,20,0.0,0.0,0,0,0.0,0.0,0,0,Bot
30,1,1,6,6,6,6,6.0,0.0,6,6,6.0,0.0,400000.0,66666.66667,30.0,0.0,30,30,0,0.0,0.0,0,0,0,0.0,0.0,0,0,0,0,0,0,20,20,33333.33333,33333.33333,6,6,6.0,0.0,0.0,0,0,0,0,1,1,0,0,1,9.0,6.0,6.0,20,0,0,0,0,0,0,1,6,1,6,237,256,0,20,0.0,0.0,0,0,0.0,0.0,0,0,Bot
39,1,1,6,6,6,6,6.0,0.0,6,6,6.0,0.0,307692.3077,51282.05128,39.0,0.0,39,39,0,0.0,0.0,0,0,0,0.0,0.0,0,0,0,0,0,0,20,20,25641.02564,25641.02564,6,6,6.0,0.0,0.0,0,0,0,0,1,1,0,0,1,9.0,6.0,6.0,20,0,0,0,0,0,0,1,6,1,6,237,256,0,20,0.0,0.0,0,0,0.0,0.0,0,0,Bot
119441,4,3,207,134,195,0,51.75,95.54187564,128,0,44.66666667,72.23111056,2854.96605,58.60634121,19906.83333,47610.29267,117088,53,119441,39813.66667,68212.10046,118577,53,117709,58854.5,82354.60548,117088,621,0,0,0,0,92,72,33.48933783,25.11700337,0,195,42.625,75.57576615,5711.696429,0,0,0,1,0,0,0,0,0,48.71428571,51.75,44.66666667,92,0,0,0,0,0,0,4,207,3,134,8192,237,3,20,0.0,0.0,0,0,0.0,0.0,0,0,Bot
4,1,1,6,6,6,6,6.0,0.0,6,6,6.0,0.0,3000000.0,500000.0,4.0,0.0,4,4,0,0.0,0.0,0,0,0,0.0,0.0,0,0,0,0,0,0,20,20,250000.0,250000.0,6,6,6.0,0.0,0.0,0,0,0,0,1,1,0,0,1,9.0,6.0,6.0,20,0,0,0,0,0,0,1,6,1,6,237,256,0,20,0.0,0.0,0,0,0.0,0.0,0,0,Bot
126320,4,3,206,134,194,0,51.5,95.04209594,128,0,44.66666667,72.23111056,2691.576947,55.41481951,21053.33333,50361.21602,123849,19,126320,42106.66667,72168.28542,125438,19,124383,62191.5,87196.87272,123849,534,0,0,0,0,92,72,31.66561115,23.74920836,0,194,42.5,75.2880184,5668.285714,0,0,0,1,0,0,0,0,0,48.57142857,51.5,44.66666667,92,0,0,0,0,0,0,4,206,3,134,8192,237,3,20,0.0,0.0,0,0,0.0,0.0,0,0,Bot
39,1,1,6,6,6,6,6.0,0.0,6,6,6.0,0.0,307692.3077,51282.05128,39.0,0.0,39,39,0,0.0,0.0,0,0,0,0.0,0.0,0,0,0,0,0,0,20,20,25641.02564,25641.02564,6,6,6.0,0.0,0.0,0,0,0,0,1,1,0,0,1,9.0,6.0,6.0,20,0,0,0,0,0,0,1,6,1,6,237,256,0,20,0.0,0.0,0,0,0.0,0.0,0,0,Bot
64122,4,3,207,134,195,0,51.75,95.54187564,128,0,44.66666667,72.23111056,5317.987586,109.1669006,10687.0,25347.54974,62425,41,64122,21374.0,36565.99851000001,63596,41,63021,31510.5,43719.70517,62425,596,0,0,0,0,92,72,62.38108605,46.78581454,0,195,42.625,75.57576615,5711.696429,0,0,0,1,0,0,0,0,0,48.71428571,51.75,44.66666667,92,0,0,0,0,0,0,4,207,3,134,8192,237,3,20,0.0,0.0,0,0,0.0,0.0,0,0,Bot
71408,4,3,208,134,196,0,52.0,96.04165763,128,0,44.66666667,72.23111056,4789.379341,98.02823213,11901.33333,28183.54021000001,69428,32,71408,23802.66667,40601.76673,70684,32,70074,35037.0,48636.21862,69428,646,0,0,0,0,92,72,56.01613265,42.01209948,0,196,42.75,75.86407017,5755.357143,0,0,0,1,0,0,0,0,0,48.85714286,52.0,44.66666667,92,0,0,0,0,0,0,4,208,3,134,8192,237,3,20,0.0,0.0,0,0,0.0,0.0,0,0,Bot
48,1,1,6,6,6,6,6.0,0.0,6,6,6.0,0.0,250000.0,41666.66667,48.0,0.0,48,48,0,0.0,0.0,0,0,0,0.0,0.0,0,0,0,0,0,0,20,20,20833.33333,20833.33333,6,6,6.0,0.0,0.0,0,0,0,0,1,1,0,0,1,9.0,6.0,6.0,20,0,0,0,0,0,0,1,6,1,6,237,256,0,20,0.0,0.0,0,0,0.0,0.0,0,0,Bot
41,1,1,6,6,6,6,6.0,0.0,6,6,6.0,0.0,292682.9268,48780.4878,41.0,0.0,41,41,0,0.0,0.0,0,0,0,0.0,0.0,0,0,0,0,0,0,20,20,24390.2439,24390.2439,6,6,6.0,0.0,0.0,0,0,0,0,1,1,0,0,1,9.0,6.0,6.0,20,0,0,0,0,0,0,1,6,1,6,237,256,0,20,0.0,0.0,0,0,0.0,0.0,0,0,Bot
76001,4,3,207,134,195,0,51.75,95.54187564,128,0,44.66666667,72.23111056,4486.783069,92.10405126,12666.83333,30106.46592,74119,67,76001,25333.66667,43312.73455,75346,67,74732,37366.0,51976.59106,74119,613,0,0,0,0,92,72,52.63088644,39.47316483,0,195,42.625,75.57576615,5711.696429,0,0,0,1,0,0,0,0,0,48.71428571,51.75,44.66666667,92,0,0,0,0,0,0,4,207,3,134,8192,237,3,20,0.0,0.0,0,0,0.0,0.0,0,0,Bot
3,1,1,6,6,6,6,6.0,0.0,6,6,6.0,0.0,4000000.0,666666.6667,3.0,0.0,3,3,0,0.0,0.0,0,0,0,0.0,0.0,0,0,0,0,0,0,20,20,333333.3333,333333.3333,6,6,6.0,0.0,0.0,0,0,0,0,1,1,0,0,1,9.0,6.0,6.0,20,0,0,0,0,0,0,1,6,1,6,237,256,0,20,0.0,0.0,0,0,0.0,0.0,0,0,Bot
96855,4,3,206,134,194,0,51.5,95.04209594,128,0,44.66666667,72.23111056,3510.402148,72.27298539,16142.5,38482.95324,94693,74,96855,32285.0,55213.59382,96039,74,95343,47671.5,66498.44302,94693,650,0,0,0,0,92,72,41.29884879,30.974136600000005,0,194,42.5,75.2880184,5668.285714,0,0,0,1,0,0,0,0,0,48.57142857,51.5,44.66666667,92,0,0,0,0,0,0,4,206,3,134,8192,237,3,20,0.0,0.0,0,0,0.0,0.0,0,0,Bot
93,1,1,6,6,6,6,6.0,0.0,6,6,6.0,0.0,129032.2581,21505.37634,93.0,0.0,93,93,0,0.0,0.0,0,0,0,0.0,0.0,0,0,0,0,0,0,20,20,10752.68817,10752.68817,6,6,6.0,0.0,0.0,0,0,0,0,1,1,0,0,1,9.0,6.0,6.0,20,0,0,0,0,0,0,1,6,1,6,237,256,0,20,0.0,0.0,0,0,0.0,0.0,0,0,Bot
71560,4,3,207,134,195,0,51.75,95.54187564,128,0,44.66666667,72.23111056,4765.231973,97.82001118,11926.66667,28310.69285,69713,70,71560,23853.33333,40791.90248,70955,70,70316,35158.0,48868.14965,69713,603,0,0,0,0,92,72,55.89714925,41.92286193,0,195,42.625,75.57576615,5711.696429,0,0,0,1,0,0,0,0,0,48.71428571,51.75,44.66666667,92,0,0,0,0,0,0,4,207,3,134,8192,237,3,20,0.0,0.0,0,0,0.0,0.0,0,0,Bot
70986,4,3,208,134,196,0,52.0,96.04165763,128,0,44.66666667,72.23111056,4817.851407,98.61099372,11831.0,27983.559210000003,68949,34,70986,23662.0,40338.29393,70239,34,69566,34783.0,48318.02057,68949,617,0,0,0,0,92,72,56.34913927,42.26185445,0,196,42.75,75.86407017,5755.357143,0,0,0,1,0,0,0,0,0,48.85714286,52.0,44.66666667,92,0,0,0,0,0,0,4,208,3,134,8192,237,3,20,0.0,0.0,0,0,0.0,0.0,0,0,Bot
52,1,1,6,6,6,6,6.0,0.0,6,6,6.0,0.0,230769.2308,38461.53846,52.0,0.0,52,52,0,0.0,0.0,0,0,0,0.0,0.0,0,0,0,0,0,0,20,20,19230.76923,19230.76923,6,6,6.0,0.0,0.0,0,0,0,0,1,1,0,0,1,9.0,6.0,6.0,20,0,0,0,0,0,0,1,6,1,6,237,256,0,20,0.0,0.0,0,0,0.0,0.0,0,0,Bot
40,1,1,6,6,6,6,6.0,0.0,6,6,6.0,0.0,300000.0,50000.0,40.0,0.0,40,40,0,0.0,0.0,0,0,0,0.0,0.0,0,0,0,0,0,0,20,20,25000.0,25000.0,6,6,6.0,0.0,0.0,0,0,0,0,1,1,0,0,1,9.0,6.0,6.0,20,0,0,0,0,0,0,1,6,1,6,237,256,0,20,0.0,0.0,0,0,0.0,0.0,0,0,Bot
89997,4,3,207,134,195,0,51.75,95.54187564,128,0,44.66666667,72.23111056,3789.015189,77.78037046,14999.5,35708.09802,87885,23,89997,29999.0,51400.35215,89350,23,88495,44247.5,61712.74433,87885,610,0,0,0,0,92,72,44.44592598,33.33444448,0,195,42.625,75.57576615,5711.696429,0,0,0,1,0,0,0,0,0,48.71428571,51.75,44.66666667,92,0,0,0,0,0,0,4,207,3,134,8192,237,3,20,0.0,0.0,0,0,0.0,0.0,0,0,Bot
34,1,1,6,6,6,6,6.0,0.0,6,6,6.0,0.0,352941.1765,58823.52941,34.0,0.0,34,34,0,0.0,0.0,0,0,0,0.0,0.0,0,0,0,0,0,0,20,20,29411.764710000003,29411.764710000003,6,6,6.0,0.0,0.0,0,0,0,0,1,1,0,0,1,9.0,6.0,6.0,20,0,0,0,0,0,0,1,6,1,6,237,256,0,20,0.0,0.0,0,0,0.0,0.0,0,0,Bot
122460,4,3,206,134,194,0,51.5,95.04209594,128,0,44.66666667,72.23111056,2776.416789,57.16152213,20410.0,48935.85574,120297,49,122460,40820.0,70197.84002,121877,49,120953,60476.5,84598.96241000001,120297,656,0,0,0,0,92,72,32.66372693,24.4977952,0,194,42.5,75.2880184,5668.285714,0,0,0,1,0,0,0,0,0,48.57142857,51.5,44.66666667,92,0,0,0,0,0,0,4,206,3,134,8192,237,3,20,0.0,0.0,0,0,0.0,0.0,0,0,Bot
91,1,1,6,6,6,6,6.0,0.0,6,6,6.0,0.0,131868.1319,21978.02198,91.0,0.0,91,91,0,0.0,0.0,0,0,0,0.0,0.0,0,0,0,0,0,0,20,20,10989.01099,10989.01099,6,6,6.0,0.0,0.0,0,0,0,0,1,1,0,0,1,9.0,6.0,6.0,20,0,0,0,0,0,0,1,6,1,6,237,256,0,20,0.0,0.0,0,0,0.0,0.0,0,0,Bot
76042,4,3,207,134,195,0,51.75,95.54187564,128,0,44.66666667,72.23111056,4484.363904,92.05439099,12673.66667,30155.9415,74227,48,76042,25347.33333,43336.52386,75387,48,74819,37409.5,52067.80783,74227,592,0,0,0,0,92,72,52.60250914,39.45188185,0,195,42.625,75.57576615,5711.696429,0,0,0,1,0,0,0,0,0,48.71428571,51.75,44.66666667,92,0,0,0,0,0,0,4,207,3,134,8192,237,3,20,0.0,0.0,0,0,0.0,0.0,0,0,Bot
70069,4,3,208,134,196,0,52.0,96.04165763,128,0,44.66666667,72.23111056,4880.90311,99.90152564,11678.16667,27660.88112,68138,30,70069,23356.33333,39816.67242,69331,30,68759,34379.5,47741.72855,68138,621,0,0,0,0,92,72,57.08658608,42.81493956,0,196,42.75,75.86407017,5755.357143,0,0,0,1,0,0,0,0,0,48.85714286,52.0,44.66666667,92,0,0,0,0,0,0,4,208,3,134,8192,237,3,20,0.0,0.0,0,0,0.0,0.0,0,0,Bot
42,1,1,6,6,6,6,6.0,0.0,6,6,6.0,0.0,285714.2857,47619.04762,42.0,0.0,42,42,0,0.0,0.0,0,0,0,0.0,0.0,0,0,0,0,0,0,20,20,23809.52381,23809.52381,6,6,6.0,0.0,0.0,0,0,0,0,1,1,0,0,1,9.0,6.0,6.0,20,0,0,0,0,0,0,1,6,1,6,237,256,0,20,0.0,0.0,0,0,0.0,0.0,0,0,Bot
40,1,1,6,6,6,6,6.0,0.0,6,6,6.0,0.0,300000.0,50000.0,40.0,0.0,40,40,0,0.0,0.0,0,0,0,0.0,0.0,0,0,0,0,0,0,20,20,25000.0,25000.0,6,6,6.0,0.0,0.0,0,0,0,0,1,1,0,0,1,9.0,6.0,6.0,20,0,0,0,0,0,0,1,6,1,6,237,256,0,20,0.0,0.0,0,0,0.0,0.0,0,0,Bot
70778,4,3,206,134,194,0,51.5,95.04209594,128,0,44.66666667,72.23111056,4803.7525780000005,98.90078838,11796.33333,27736.5936,68408,81,70778,23592.66667,40193.6963,70003,81,69056,34528.0,47913.55549,68408,648,0,0,0,0,92,72,56.51473622,42.38605216,0,194,42.5,75.2880184,5668.285714,0,0,0,1,0,0,0,0,0,48.57142857,51.5,44.66666667,92,0,0,0,0,0,0,4,206,3,134,8192,237,3,20,0.0,0.0,0,0,0.0,0.0,0,0,Bot
5,1,1,6,6,6,6,6.0,0.0,6,6,6.0,0.0,2400000.0,400000.0,5.0,0.0,5,5,0,0.0,0.0,0,0,0,0.0,0.0,0,0,0,0,0,0,20,20,200000.0,200000.0,6,6,6.0,0.0,0.0,0,0,0,0,1,1,0,0,1,9.0,6.0,6.0,20,0,0,0,0,0,0,1,6,1,6,237,256,0,20,0.0,0.0,0,0,0.0,0.0,0,0,Bot
67239,4,3,207,134,195,0,51.75,95.54187564,128,0,44.66666667,72.23111056,5071.461503,104.1062479,11206.5,26523.7902,65345,40,67239,22413.0,38254.28848,66584,40,65942,32971.0,45783.74987,65345,597,0,0,0,0,92,72,59.48928449,44.61696337,0,195,42.625,75.57576615,5711.696429,0,0,0,1,0,0,0,0,0,48.71428571,51.75,44.66666667,92,0,0,0,0,0,0,4,207,3,134,8192,237,3,20,0.0,0.0,0,0,0.0,0.0,0,0,Bot
50,1,1,6,6,6,6,6.0,0.0,6,6,6.0,0.0,240000.0,40000.0,50.0,0.0,50,50,0,0.0,0.0,0,0,0,0.0,0.0,0,0,0,0,0,0,20,20,20000.0,20000.0,6,6,6.0,0.0,0.0,0,0,0,0,1,1,0,0,1,9.0,6.0,6.0,20,0,0,0,0,0,0,1,6,1,6,237,256,0,20,0.0,0.0,0,0,0.0,0.0,0,0,Bot
137424,4,3,206,134,194,0,51.5,95.04209594,128,0,44.66666667,72.23111056,2474.094772,50.93724531,22904.0,54976.19896,135121,42,137424,45808.0,78674.50907999999,136653,125,135714,67857.0,95125.66106,135121,593,0,0,0,0,92,72,29.10699732,21.83024799,0,194,42.5,75.2880184,5668.285714,0,0,0,1,0,0,0,0,0,48.57142857,51.5,44.66666667,92,0,0,0,0,0,0,4,206,3,134,8192,237,3,20,0.0,0.0,0,0,0.0,0.0,0,0,Bot
43,1,1,6,6,6,6,6.0,0.0,6,6,6.0,0.0,279069.7674,46511.62791,43.0,0.0,43,43,0,0.0,0.0,0,0,0,0.0,0.0,0,0,0,0,0,0,20,20,23255.81395,23255.81395,6,6,6.0,0.0,0.0,0,0,0,0,1,1,0,0,1,9.0,6.0,6.0,20,0,0,0,0,0,0,1,6,1,6,237,256,0,20,0.0,0.0,0,0,0.0,0.0,0,0,Bot
71056,4,3,207,134,195,0,51.75,95.54187564,128,0,44.66666667,72.23111056,4799.03175,98.51384823,11842.66667,27918.52839,68827,49,71056,23685.33333,40241.36649,70150,74,69436,34718.0,48237.4104,68827,609,0,0,0,0,92,72,56.29362756,42.22022067,0,195,42.625,75.57576615,5711.696429,0,0,0,1,0,0,0,0,0,48.71428571,51.75,44.66666667,92,0,0,0,0,0,0,4,207,3,134,8192,237,3,20,0.0,0.0,0,0,0.0,0.0,0,0,Bot
18,1,1,6,6,6,6,6.0,0.0,6,6,6.0,0.0,666666.6667,111111.1111,18.0,0.0,18,18,0,0.0,0.0,0,0,0,0.0,0.0,0,0,0,0,0,0,20,20,55555.55556,55555.55556,6,6,6.0,0.0,0.0,0,0,0,0,1,1,0,0,1,9.0,6.0,6.0,20,0,0,0,0,0,0,1,6,1,6,237,256,0,20,0.0,0.0,0,0,0.0,0.0,0,0,Bot
79593,4,3,206,134,194,0,51.5,95.04209594,128,0,44.66666667,72.23111056,4271.732439,87.94743256,13265.5,31398.96289,77354,48,79593,26531.0,45363.3569,78911,48,78003,39001.5,54238.62565,77354,649,0,0,0,0,92,72,50.25567575,37.69175681,0,194,42.5,75.2880184,5668.285714,0,0,0,1,0,0,0,0,0,48.57142857,51.5,44.66666667,92,0,0,0,0,0,0,4,206,3,134,8192,237,3,20,0.0,0.0,0,0,0.0,0.0,0,0,Bot
96,1,1,6,6,6,6,6.0,0.0,6,6,6.0,0.0,125000.0,20833.33333,96.0,0.0,96,96,0,0.0,0.0,0,0,0,0.0,0.0,0,0,0,0,0,0,20,20,10416.66667,10416.66667,6,6,6.0,0.0,0.0,0,0,0,0,1,1,0,0,1,9.0,6.0,6.0,20,0,0,0,0,0,0,1,6,1,6,237,256,0,20,0.0,0.0,0,0,0.0,0.0,0,0,Bot
63328,4,3,207,134,195,0,51.75,95.54187564,128,0,44.66666667,72.23111056,5384.663972,110.5356241,10554.66667,24855.9586,61288,42,63328,21109.33333,35905.849460000005,62568,42,61902,30951.0,42902.99684,61288,614,0,0,0,0,92,72,63.16321374,47.37241031,0,195,42.625,75.57576615,5711.696429,0,0,0,1,0,0,0,0,0,48.71428571,51.75,44.66666667,92,0,0,0,0,0,0,4,207,3,134,8192,237,3,20,0.0,0.0,0,0,0.0,0.0,0,0,Bot
49,1,1,6,6,6,6,6.0,0.0,6,6,6.0,0.0,244897.9592,40816.32653,49.0,0.0,49,49,0,0.0,0.0,0,0,0,0.0,0.0,0,0,0,0,0,0,20,20,20408.16327,20408.16327,6,6,6.0,0.0,0.0,0,0,0,0,1,1,0,0,1,9.0,6.0,6.0,20,0,0,0,0,0,0,1,6,1,6,237,256,0,20,0.0,0.0,0,0,0.0,0.0,0,0,Bot
212011,5,4,212,140,194,0,42.4,84.78679142,128,0,35.0,62.0644826,1660.291211,42.45062756,26501.375,74010.50156,209666,3,212011,53002.75,104805.5705,210210,80,210328,70109.33333,120860.0637,209666,3,0,0,0,0,112,92,23.58368198,18.86694558,0,194,35.2,68.15798641,4645.511111,0,0,0,1,0,0,0,0,0,39.11111111,42.4,35.0,112,0,0,0,0,0,0,5,212,4,140,8192,237,4,20,0.0,0.0,0,0,0.0,0.0,0,0,Bot
3,1,1,6,6,6,6,6.0,0.0,6,6,6.0,0.0,4000000.0,666666.6667,3.0,0.0,3,3,0,0.0,0.0,0,0,0,0.0,0.0,0,0,0,0,0,0,20,20,333333.3333,333333.3333,6,6,6.0,0.0,0.0,0,0,0,0,1,0,0,0,1,9.0,6.0,6.0,20,0,0,0,0,0,0,1,6,1,6,256,237,0,20,0.0,0.0,0,0,0.0,0.0,0,0,Bot
81188,4,3,1870,134,1858,0,467.5,927.004315,128,0,44.66666667,72.23111056,24683.45076,86.21963837,13531.33333,31941.03929,78727,57,81188,27062.66667,46162.80715,80366,145,79608,39804.0,55045.43449,78727,881,0,0,0,0,92,72,49.26836478,36.95127359,0,1858,250.5,651.0051569,423807.7143,0,0,0,1,0,0,0,0,0,286.2857143,467.5,44.66666667,92,0,0,0,0,0,0,4,1870,3,134,8192,258,3,20,0.0,0.0,0,0,0.0,0.0,0,0,Bot
1,1,1,6,6,6,6,6.0,0.0,6,6,6.0,0.0,12000000.0,2000000.0,1.0,0.0,1,1,0,0.0,0.0,0,0,0,0.0,0.0,0,0,0,0,0,0,20,20,1000000.0,1000000.0,6,6,6.0,0.0,0.0,0,0,0,0,1,0,0,0,1,9.0,6.0,6.0,20,0,0,0,0,0,0,1,6,1,6,256,258,0,20,0.0,0.0,0,0,0.0,0.0,0,0,Bot
198916,5,4,213,140,195,0,42.6,85.23379611,128,0,35.0,62.0644826,1774.618432,45.24522914,24864.5,69464.88592,196780,1,198916,49729.0,98491.76878,197466,70,197385,65795.0,113436.7382,196780,1,0,0,0,0,112,92,25.13623841,20.10899073,0,195,35.3,68.41710312,4680.9,0,0,0,1,0,0,0,0,0,39.22222222,42.6,35.0,112,0,0,0,0,0,0,5,213,4,140,8192,237,4,20,0.0,0.0,0,0,0.0,0.0,0,0,Bot
73267,4,3,1035,134,1023,0,258.75,509.5078508,128,0,44.66666667,72.23111056,15955.34142,95.5409666,12211.16667,28837.47431,71072,49,73267,24422.33333,41686.6992,72557,88,71902,35951.0,49668.59452,71072,830,0,0,0,0,92,72,54.59483806,40.94612854,0,1023,146.125,357.0115794,127457.2679,0,0,0,1,0,0,0,0,0,167.0,258.75,44.66666667,92,0,0,0,0,0,0,4,1035,3,134,8192,245,3,20,0.0,0.0,0,0,0.0,0.0,0,0,Bot
49,1,1,6,6,6,6,6.0,0.0,6,6,6.0,0.0,244897.9592,40816.32653,49.0,0.0,49,49,0,0.0,0.0,0,0,0,0.0,0.0,0,0,0,0,0,0,20,20,20408.16327,20408.16327,6,6,6.0,0.0,0.0,0,0,0,0,1,1,0,0,1,9.0,6.0,6.0,20,0,0,0,0,0,0,1,6,1,6,237,256,0,20,0.0,0.0,0,0,0.0,0.0,0,0,Bot
19,1,1,6,6,6,6,6.0,0.0,6,6,6.0,0.0,631578.9474,105263.1579,19.0,0.0,19,19,0,0.0,0.0,0,0,0,0.0,0.0,0,0,0,0,0,0,20,20,52631.57895,52631.57895,6,6,6.0,0.0,0.0,0,0,0,0,1,1,0,0,1,9.0,6.0,6.0,20,0,0,0,0,0,0,1,6,1,6,245,256,0,20,0.0,0.0,0,0,0.0,0.0,0,0,Bot
210319,5,4,213,140,195,0,42.6,85.23379611,128,0,35.0,62.0644826,1678.402807,42.79213956,26289.875,73482.86036,208149,3,210319,52579.75,104125.4831,208767,25,208759,69586.33333,119999.1694,208149,3,0,0,0,0,112,92,23.77341087,19.01872869,0,195,35.3,68.41710312,4680.9,0,0,0,1,0,0,0,0,0,39.22222222,42.6,35.0,112,0,0,0,0,0,0,5,213,4,140,8192,237,4,20,0.0,0.0,0,0,0.0,0.0,0,0,Bot
95311,4,3,1053,134,1041,0,263.25,518.5077144999998,128,0,44.66666667,72.23111056,12453.96649,73.44377879,15885.16667,37726.2916,92889,96,95311,31770.33333,54371.06348,94552,136,93539,46769.5,65222.82239,92889,650,0,0,0,0,92,72,41.96787359,31.47590519,0,1041,148.375,363.328241,132007.4107,0,0,0,1,0,0,0,0,0,169.5714286,263.25,44.66666667,92,0,0,0,0,0,0,4,1053,3,134,8192,245,3,20,0.0,0.0,0,0,0.0,0.0,0,0,Bot
43,1,1,6,6,6,6,6.0,0.0,6,6,6.0,0.0,279069.7674,46511.62791,43.0,0.0,43,43,0,0.0,0.0,0,0,0,0.0,0.0,0,0,0,0,0,0,20,20,23255.81395,23255.81395,6,6,6.0,0.0,0.0,0,0,0,0,1,1,0,0,1,9.0,6.0,6.0,20,0,0,0,0,0,0,1,6,1,6,237,256,0,20,0.0,0.0,0,0,0.0,0.0,0,0,Bot
36,1,1,6,6,6,6,6.0,0.0,6,6,6.0,0.0,333333.3333,55555.55556,36.0,0.0,36,36,0,0.0,0.0,0,0,0,0.0,0.0,0,0,0,0,0,0,20,20,27777.77778,27777.77778,6,6,6.0,0.0,0.0,0,0,0,0,1,1,0,0,1,9.0,6.0,6.0,20,0,0,0,0,0,0,1,6,1,6,245,256,0,20,0.0,0.0,0,0,0.0,0.0,0,0,Bot
158487,4,3,206,134,194,0,51.5,95.04209594,128,0,44.66666667,72.23111056,2145.286364,44.16766044,26414.5,63615.0324,156266,94,158487,52829.0,90880.18785,157768,108,156874,78437.0,110066.8273,156266,608,0,0,0,0,92,72,25.23866311,18.92899733,0,194,42.5,75.2880184,5668.285714,0,0,0,1,0,0,0,0,0,48.57142857,51.5,44.66666667,92,0,0,0,0,0,0,4,206,3,134,8192,237,3,20,0.0,0.0,0,0,0.0,0.0,0,0,Bot
61,1,1,6,6,6,6,6.0,0.0,6,6,6.0,0.0,196721.3115,32786.88525,61.0,0.0,61,61,0,0.0,0.0,0,0,0,0.0,0.0,0,0,0,0,0,0,20,20,16393.442619999998,16393.442619999998,6,6,6.0,0.0,0.0,0,0,0,0,1,1,0,0,1,9.0,6.0,6.0,20,0,0,0,0,0,0,1,6,1,6,237,256,0,20,0.0,0.0,0,0,0.0,0.0,0,0,Bot
70208,4,3,207,134,195,0,51.75,95.54187564,128,0,44.66666667,72.23111056,4856.996354,99.70373747,11701.33333,27851.513,68551,41,70208,23402.66667,40049.48357,69647,41,69119,34559.5,48071.24031,68551,568,0,0,0,0,92,72,56.97356427,42.7301732,0,195,42.625,75.57576615,5711.696429,0,0,0,1,0,0,0,0,0,48.71428571,51.75,44.66666667,92,0,0,0,0,0,0,4,207,3,134,8192,237,3,20,0.0,0.0,0,0,0.0,0.0,0,0,Bot
47,1,1,6,6,6,6,6.0,0.0,6,6,6.0,0.0,255319.1489,42553.19149,47.0,0.0,47,47,0,0.0,0.0,0,0,0,0.0,0.0,0,0,0,0,0,0,20,20,21276.59574,21276.59574,6,6,6.0,0.0,0.0,0,0,0,0,1,1,0,0,1,9.0,6.0,6.0,20,0,0,0,0,0,0,1,6,1,6,237,256,0,20,0.0,0.0,0,0,0.0,0.0,0,0,Bot
65589,4,3,207,134,195,0,51.75,95.54187564,128,0,44.66666667,72.23111056,5199.042522,106.7252131,10931.5,25854.01677,63702,22,65589,21863.0,37425.15335,65077,22,64304,32152.0,44618.43789,63702,602,0,0,0,0,92,72,60.98583604,45.73937703,0,195,42.625,75.57576615,5711.696429,0,0,0,1,0,0,0,0,0,48.71428571,51.75,44.66666667,92,0,0,0,0,0,0,4,207,3,134,8192,237,3,20,0.0,0.0,0,0,0.0,0.0,0,0,Bot
33,1,1,6,6,6,6,6.0,0.0,6,6,6.0,0.0,363636.3636,60606.06061,33.0,0.0,33,33,0,0.0,0.0,0,0,0,0.0,0.0,0,0,0,0,0,0,20,20,30303.0303,30303.0303,6,6,6.0,0.0,0.0,0,0,0,0,1,1,0,0,1,9.0,6.0,6.0,20,0,0,0,0,0,0,1,6,1,6,237,256,0,20,0.0,0.0,0,0,0.0,0.0,0,0,Bot
71573,4,3,206,134,194,0,51.5,95.04209594,128,0,44.66666667,72.23111056,4750.3947020000005,97.80224386,11928.83333,28122.52761,69329,43,71573,23857.66667,40696.93867,70849,43,69957,34978.5,48578.94297,69329,628,0,0,0,0,92,72,55.88699649,41.91524737,0,194,42.5,75.2880184,5668.285714,0,0,0,1,0,0,0,0,0,48.57142857,51.5,44.66666667,92,0,0,0,0,0,0,4,206,3,134,8192,237,3,20,0.0,0.0,0,0,0.0,0.0,0,0,Bot
38,1,1,6,6,6,6,6.0,0.0,6,6,6.0,0.0,315789.4737,52631.57895,38.0,0.0,38,38,0,0.0,0.0,0,0,0,0.0,0.0,0,0,0,0,0,0,20,20,26315.78947,26315.78947,6,6,6.0,0.0,0.0,0,0,0,0,1,1,0,0,1,9.0,6.0,6.0,20,0,0,0,0,0,0,1,6,1,6,237,256,0,20,0.0,0.0,0,0,0.0,0.0,0,0,Bot
72575,4,3,207,134,195,0,51.75,95.54187564,128,0,44.66666667,72.23111056,4698.587668,96.45194626,12095.83333,28557.99072,70386,43,72575,24191.66667,41106.56757,71655,43,71080,35540.0,49279.68579,70386,694,0,0,0,0,92,72,55.11539786,41.3365484,0,195,42.625,75.57576615,5711.696429,0,0,0,1,0,0,0,0,0,48.71428571,51.75,44.66666667,92,0,0,0,0,0,0,4,207,3,134,8192,237,3,20,0.0,0.0,0,0,0.0,0.0,0,0,Bot
77843,4,3,207,134,195,0,51.75,95.54187564,128,0,44.66666667,72.23111056,4380.612258,89.92459181,12973.83333,30840.88834,75924,16,77843,25947.66667,44508.55264,77341,16,76523,38261.5,53262.81829,75924,599,0,0,0,0,92,72,51.38548103,38.53911077,0,195,42.625,75.57576615,5711.696429,0,0,0,1,0,0,0,0,0,48.71428571,51.75,44.66666667,92,0,0,0,0,0,0,4,207,3,134,8192,237,3,20,0.0,0.0,0,0,0.0,0.0,0,0,Bot
48,1,1,6,6,6,6,6.0,0.0,6,6,6.0,0.0,250000.0,41666.66667,48.0,0.0,48,48,0,0.0,0.0,0,0,0,0.0,0.0,0,0,0,0,0,0,20,20,20833.33333,20833.33333,6,6,6.0,0.0,0.0,0,0,0,0,1,1,0,0,1,9.0,6.0,6.0,20,0,0,0,0,0,0,1,6,1,6,237,256,0,20,0.0,0.0,0,0,0.0,0.0,0,0,Bot
66,1,1,6,6,6,6,6.0,0.0,6,6,6.0,0.0,181818.1818,30303.0303,66.0,0.0,66,66,0,0.0,0.0,0,0,0,0.0,0.0,0,0,0,0,0,0,20,20,15151.51515,15151.51515,6,6,6.0,0.0,0.0,0,0,0,0,1,1,0,0,1,9.0,6.0,6.0,20,0,0,0,0,0,0,1,6,1,6,237,256,0,20,0.0,0.0,0,0,0.0,0.0,0,0,Bot
70576,4,3,206,134,194,0,51.5,95.04209594,128,0,44.66666667,72.23111056,4817.5017,99.18385854,11762.66667,27697.44348,68295,44,70576,23525.33333,40113.5724,69843,44,68954,34477.0,47825.87425,68295,659,0,0,0,0,92,72,56.67649059,42.50736794,0,194,42.5,75.2880184,5668.285714,0,0,0,1,0,0,0,0,0,48.57142857,51.5,44.66666667,92,0,0,0,0,0,0,4,206,3,134,8192,237,3,20,0.0,0.0,0,0,0.0,0.0,0,0,Bot
36,1,1,6,6,6,6,6.0,0.0,6,6,6.0,0.0,333333.3333,55555.55556,36.0,0.0,36,36,0,0.0,0.0,0,0,0,0.0,0.0,0,0,0,0,0,0,20,20,27777.77778,27777.77778,6,6,6.0,0.0,0.0,0,0,0,0,1,1,0,0,1,9.0,6.0,6.0,20,0,0,0,0,0,0,1,6,1,6,237,256,0,20,0.0,0.0,0,0,0.0,0.0,0,0,Bot
58261,4,3,207,134,195,0,51.75,95.54187564,128,0,44.66666667,72.23111056,5852.971971,120.1489847,9710.166667,22808.31878,56264,40,58261,19420.33333,32947.01113,57462,40,56890,28445.0,39342.00709,56264,626,0,0,0,0,92,72,68.65656271,51.49242203,0,195,42.625,75.57576615,5711.696429,0,0,0,1,0,0,0,0,0,48.71428571,51.75,44.66666667,92,0,0,0,0,0,0,4,207,3,134,8192,237,3,20,0.0,0.0,0,0,0.0,0.0,0,0,Bot
66623,4,3,207,134,195,0,51.75,95.54187564,128,0,44.66666667,72.23111056,5118.352521,105.06882009999998,11103.83333,26051.05805,64275,22,66623,22207.66667,37719.64998,65760,22,64898,32449.0,45008.76084,64275,623,0,0,0,0,92,72,60.03932576,45.02949432,0,195,42.625,75.57576615,5711.696429,0,0,0,1,0,0,0,0,0,48.71428571,51.75,44.66666667,92,0,0,0,0,0,0,4,207,3,134,8192,237,3,20,0.0,0.0,0,0,0.0,0.0,0,0,Bot
34,1,1,6,6,6,6,6.0,0.0,6,6,6.0,0.0,352941.1765,58823.52941,34.0,0.0,34,34,0,0.0,0.0,0,0,0,0.0,0.0,0,0,0,0,0,0,20,20,29411.764710000003,29411.764710000003,6,6,6.0,0.0,0.0,0,0,0,0,1,1,0,0,1,9.0,6.0,6.0,20,0,0,0,0,0,0,1,6,1,6,237,256,0,20,0.0,0.0,0,0,0.0,0.0,0,0,Bot
48,1,1,6,6,6,6,6.0,0.0,6,6,6.0,0.0,250000.0,41666.66667,48.0,0.0,48,48,0,0.0,0.0,0,0,0,0.0,0.0,0,0,0,0,0,0,20,20,20833.33333,20833.33333,6,6,6.0,0.0,0.0,0,0,0,0,1,1,0,0,1,9.0,6.0,6.0,20,0,0,0,0,0,0,1,6,1,6,237,256,0,20,0.0,0.0,0,0,0.0,0.0,0,0,Bot
71165,4,3,206,134,194,0,51.5,95.04209594,128,0,44.66666667,72.23111056,4777.6294530000005,98.36295932,11860.83333,27903.18803,68813,51,71165,23721.66667,40600.21392,70602,51,69787,34893.5,47969.41693,68813,974,0,0,0,0,92,72,56.20740533,42.15555399,0,194,42.5,75.2880184,5668.285714,0,0,0,1,0,0,0,0,0,48.57142857,51.5,44.66666667,92,0,0,0,0,0,0,4,206,3,134,8192,237,3,20,0.0,0.0,0,0,0.0,0.0,0,0,Bot
30,1,1,6,6,6,6,6.0,0.0,6,6,6.0,0.0,400000.0,66666.66667,30.0,0.0,30,30,0,0.0,0.0,0,0,0,0.0,0.0,0,0,0,0,0,0,20,20,33333.33333,33333.33333,6,6,6.0,0.0,0.0,0,0,0,0,1,1,0,0,1,9.0,6.0,6.0,20,0,0,0,0,0,0,1,6,1,6,237,256,0,20,0.0,0.0,0,0,0.0,0.0,0,0,Bot
71178,4,3,207,134,195,0,51.75,95.54187564,128,0,44.66666667,72.23111056,4790.806148,98.34499424,11863.0,28107.34085,69234,41,71178,23726.0,40397.11513,70371,72,69826,34913.0,48537.22367,69234,592,0,0,0,0,92,72,56.19713957,42.14785467,0,195,42.625,75.57576615,5711.696429,0,0,0,1,0,0,0,0,0,48.71428571,51.75,44.66666667,92,0,0,0,0,0,0,4,207,3,134,8192,237,3,20,0.0,0.0,0,0,0.0,0.0,0,0,Bot
70097,4,3,207,134,195,0,51.75,95.54187564,128,0,44.66666667,72.23111056,4864.687504,99.86162033,11682.83333,27531.88128,67878,28,70097,23365.66667,39721.74762,69230,28,68492,34246.0,47562.83053,67878,614,0,0,0,0,92,72,57.06378304,42.79783728,0,195,42.625,75.57576615,5711.696429,0,0,0,1,0,0,0,0,0,48.71428571,51.75,44.66666667,92,0,0,0,0,0,0,4,207,3,134,8192,237,3,20,0.0,0.0,0,0,0.0,0.0,0,0,Bot
33,1,1,6,6,6,6,6.0,0.0,6,6,6.0,0.0,363636.3636,60606.06061,33.0,0.0,33,33,0,0.0,0.0,0,0,0,0.0,0.0,0,0,0,0,0,0,20,20,30303.0303,30303.0303,6,6,6.0,0.0,0.0,0,0,0,0,1,1,0,0,1,9.0,6.0,6.0,20,0,0,0,0,0,0,1,6,1,6,237,256,0,20,0.0,0.0,0,0,0.0,0.0,0,0,Bot
16,1,1,6,6,6,6,6.0,0.0,6,6,6.0,0.0,750000.0,125000.0,16.0,0.0,16,16,0,0.0,0.0,0,0,0,0.0,0.0,0,0,0,0,0,0,20,20,62500.0,62500.0,6,6,6.0,0.0,0.0,0,0,0,0,1,1,0,0,1,9.0,6.0,6.0,20,0,0,0,0,0,0,1,6,1,6,237,256,0,20,0.0,0.0,0,0,0.0,0.0,0,0,Bot
71722,4,3,206,134,194,0,51.5,95.04209594,128,0,44.66666667,72.23111056,4740.52592,97.59906305,11953.66667,28140.64748,69391,47,71722,23907.33333,40680.38043000001,70879,47,70047,35023.5,48602.9846,69391,656,0,0,0,0,92,72,55.77089317,41.82816988,0,194,42.5,75.2880184,5668.285714,0,0,0,1,0,0,0,0,0,48.57142857,51.5,44.66666667,92,0,0,0,0,0,0,4,206,3,134,8192,237,3,20,0.0,0.0,0,0,0.0,0.0,0,0,Bot
83,1,1,6,6,6,6,6.0,0.0,6,6,6.0,0.0,144578.3133,24096.38554,83.0,0.0,83,83,0,0.0,0.0,0,0,0,0.0,0.0,0,0,0,0,0,0,20,20,12048.19277,12048.19277,6,6,6.0,0.0,0.0,0,0,0,0,1,1,0,0,1,9.0,6.0,6.0,20,0,0,0,0,0,0,1,6,1,6,237,256,0,20,0.0,0.0,0,0,0.0,0.0,0,0,Bot
75071,4,3,207,134,195,0,51.75,95.54187564,128,0,44.66666667,72.23111056,4542.36656,93.24506134,12511.83333,29660.93378,73054,38,75071,25023.66667,42811.36758,74457,38,73848,36924.0,51095.53601,73054,794,0,0,0,0,92,72,53.2828922,39.96216915,0,195,42.625,75.57576615,5711.696429,0,0,0,1,0,0,0,0,0,48.71428571,51.75,44.66666667,92,0,0,0,0,0,0,4,207,3,134,8192,237,3,20,0.0,0.0,0,0,0.0,0.0,0,0,Bot
74304,4,3,207,134,195,0,51.75,95.54187564,128,0,44.66666667,72.23111056,4589.254953000001,94.20757967,12384.0,29382.04816,72356,22,74304,24768.0,42433.36851,73765,22,72917,36458.5,50766.73136000001,72356,561,0,0,0,0,92,72,53.83290267,40.374677,0,195,42.625,75.57576615,5711.696429,0,0,0,1,0,0,0,0,0,48.71428571,51.75,44.66666667,92,0,0,0,0,0,0,4,207,3,134,8192,237,3,20,0.0,0.0,0,0,0.0,0.0,0,0,Bot
36,1,1,6,6,6,6,6.0,0.0,6,6,6.0,0.0,333333.3333,55555.55556,36.0,0.0,36,36,0,0.0,0.0,0,0,0,0.0,0.0,0,0,0,0,0,0,20,20,27777.77778,27777.77778,6,6,6.0,0.0,0.0,0,0,0,0,1,1,0,0,1,9.0,6.0,6.0,20,0,0,0,0,0,0,1,6,1,6,237,256,0,20,0.0,0.0,0,0,0.0,0.0,0,0,Bot
17,1,1,6,6,6,6,6.0,0.0,6,6,6.0,0.0,705882.3529,117647.0588,17.0,0.0,17,17,0,0.0,0.0,0,0,0,0.0,0.0,0,0,0,0,0,0,20,20,58823.52941,58823.52941,6,6,6.0,0.0,0.0,0,0,0,0,1,1,0,0,1,9.0,6.0,6.0,20,0,0,0,0,0,0,1,6,1,6,237,256,0,20,0.0,0.0,0,0,0.0,0.0,0,0,Bot
72972,4,3,207,134,195,0,51.75,95.54187564,128,0,44.66666667,72.23111056,4673.02527,95.92720496,12162.0,28725.58242,70793,48,72972,24324.0,41599.47053,72358,48,71413,35706.5,49619.80416,70793,620,0,0,0,0,92,72,54.81554569,41.11165927,0,195,42.625,75.57576615,5711.696429,0,0,0,1,0,0,0,0,0,48.71428571,51.75,44.66666667,92,0,0,0,0,0,0,4,207,3,134,8192,237,3,20,0.0,0.0,0,0,0.0,0.0,0,0,Bot
33,1,1,6,6,6,6,6.0,0.0,6,6,6.0,0.0,363636.3636,60606.06061,33.0,0.0,33,33,0,0.0,0.0,0,0,0,0.0,0.0,0,0,0,0,0,0,20,20,30303.0303,30303.0303,6,6,6.0,0.0,0.0,0,0,0,0,1,1,0,0,1,9.0,6.0,6.0,20,0,0,0,0,0,0,1,6,1,6,237,256,0,20,0.0,0.0,0,0,0.0,0.0,0,0,Bot
79977,4,3,206,134,194,0,51.5,95.04209594,128,0,44.66666667,72.23111056,4251.222226,87.52516348,13329.5,31673.59164,77980,68,79977,26659.0,45584.06762,79294,68,78569,39284.5,54723.7009,77980,589,0,0,0,0,92,72,50.01437913,37.51078435,0,194,42.5,75.2880184,5668.285714,0,0,0,1,0,0,0,0,0,48.57142857,51.5,44.66666667,92,0,0,0,0,0,0,4,206,3,134,8192,237,3,20,0.0,0.0,0,0,0.0,0.0,0,0,Bot
115,1,1,6,6,6,6,6.0,0.0,6,6,6.0,0.0,104347.8261,17391.30435,115.0,0.0,115,115,0,0.0,0.0,0,0,0,0.0,0.0,0,0,0,0,0,0,20,20,8695.652173999999,8695.652173999999,6,6,6.0,0.0,0.0,0,0,0,0,1,1,0,0,1,9.0,6.0,6.0,20,0,0,0,0,0,0,1,6,1,6,237,256,0,20,0.0,0.0,0,0,0.0,0.0,0,0,Bot
198136,5,4,214,140,196,0,42.8,85.68080298,128,0,35.0,62.0644826,1786.651593,45.42334558,24767.0,69176.86677000001,195970,32,198136,49534.0,98159.14856,196772,32,196829,65609.66667,112895.5127,195970,244,0,0,0,0,112,92,25.23519199,20.18815359,0,196,35.4,68.6766983,4716.488889,0,0,0,1,0,0,0,0,0,39.33333333,42.8,35.0,112,0,0,0,0,0,0,5,214,4,140,8192,237,4,20,0.0,0.0,0,0,0.0,0.0,0,0,Bot
67085,4,3,852,134,840,0,213.0,418.0095693,128,0,44.66666667,72.23111056,14697.77148,104.3452337,11180.83333,26441.37075,65151,56,67085,22361.66667,38141.82023000001,66403,78,65752,32876.0,45643.74273,65151,601,0,0,0,0,92,72,59.62584781,44.71938585,0,840,123.25,292.90844500000014,85795.35714,0,0,0,1,0,0,0,0,0,140.8571429,213.0,44.66666667,92,0,0,0,0,0,0,4,852,3,134,8192,242,3,20,0.0,0.0,0,0,0.0,0.0,0,0,Bot
46,1,1,6,6,6,6,6.0,0.0,6,6,6.0,0.0,260869.5652,43478.26087,46.0,0.0,46,46,0,0.0,0.0,0,0,0,0.0,0.0,0,0,0,0,0,0,20,20,21739.13043,21739.13043,6,6,6.0,0.0,0.0,0,0,0,0,1,1,0,0,1,9.0,6.0,6.0,20,0,0,0,0,0,0,1,6,1,6,237,256,0,20,0.0,0.0,0,0,0.0,0.0,0,0,Bot
41,1,1,6,6,6,6,6.0,0.0,6,6,6.0,0.0,292682.9268,48780.4878,41.0,0.0,41,41,0,0.0,0.0,0,0,0,0.0,0.0,0,0,0,0,0,0,20,20,24390.2439,24390.2439,6,6,6.0,0.0,0.0,0,0,0,0,1,1,0,0,1,9.0,6.0,6.0,20,0,0,0,0,0,0,1,6,1,6,242,256,0,20,0.0,0.0,0,0,0.0,0.0,0,0,Bot
65824,4,3,207,134,195,0,51.75,95.54187564,128,0,44.66666667,72.23111056,5180.481283,106.3441906,10970.66667,25985.56494,64011,71,65824,21941.33333,37427.64823,65158,71,64603,32301.5,44844.00496000001,64011,592,0,0,0,0,92,72,60.7681089,45.57608167,0,195,42.625,75.57576615,5711.696429,0,0,0,1,0,0,0,0,0,48.71428571,51.75,44.66666667,92,0,0,0,0,0,0,4,207,3,134,8192,237,3,20,0.0,0.0,0,0,0.0,0.0,0,0,Bot
61151,4,3,207,134,195,0,51.75,95.54187564,128,0,44.66666667,72.23111056,5576.360158,114.4707364,10191.83333,24025.37473,59230,24,61151,20383.66667,34705.16642,60456,24,59808,29904.0,41473.22693,59230,578,0,0,0,0,92,72,65.41184936,49.05888702,0,195,42.625,75.57576615,5711.696429,0,0,0,1,0,0,0,0,0,48.71428571,51.75,44.66666667,92,0,0,0,0,0,0,4,207,3,134,8192,237,3,20,0.0,0.0,0,0,0.0,0.0,0,0,Bot
48,1,1,6,6,6,6,6.0,0.0,6,6,6.0,0.0,250000.0,41666.66667,48.0,0.0,48,48,0,0.0,0.0,0,0,0,0.0,0.0,0,0,0,0,0,0,20,20,20833.33333,20833.33333,6,6,6.0,0.0,0.0,0,0,0,0,1,1,0,0,1,9.0,6.0,6.0,20,0,0,0,0,0,0,1,6,1,6,237,256,0,20,0.0,0.0,0,0,0.0,0.0,0,0,Bot
4,1,1,6,6,6,6,6.0,0.0,6,6,6.0,0.0,3000000.0,500000.0,4.0,0.0,4,4,0,0.0,0.0,0,0,0,0.0,0.0,0,0,0,0,0,0,20,20,250000.0,250000.0,6,6,6.0,0.0,0.0,0,0,0,0,1,1,0,0,1,9.0,6.0,6.0,20,0,0,0,0,0,0,1,6,1,6,237,256,0,20,0.0,0.0,0,0,0.0,0.0,0,0,Bot
82878,4,3,206,134,194,0,51.5,95.04209594,128,0,44.66666667,72.23111056,4102.415599,84.46149762,13813.0,32589.68051,80334,58,82878,27626.0,46889.34129,81769,445,81354,40677.0,56083.46724,80334,1020,0,0,0,0,92,72,48.26371293,36.1977847,0,194,42.5,75.2880184,5668.285714,0,0,0,1,0,0,0,0,0,48.57142857,51.5,44.66666667,92,0,0,0,0,0,0,4,206,3,134,8192,237,3,20,0.0,0.0,0,0,0.0,0.0,0,0,Bot
127,1,1,6,6,6,6,6.0,0.0,6,6,6.0,0.0,94488.18898,15748.0315,127.0,0.0,127,127,0,0.0,0.0,0,0,0,0.0,0.0,0,0,0,0,0,0,20,20,7874.015748000002,7874.015748000002,6,6,6.0,0.0,0.0,0,0,0,0,1,1,0,0,1,9.0,6.0,6.0,20,0,0,0,0,0,0,1,6,1,6,237,256,0,20,0.0,0.0,0,0,0.0,0.0,0,0,Bot
65144,4,3,208,134,196,0,52.0,96.04165763,128,0,44.66666667,72.23111056,5249.907896,107.45425520000002,10857.33333,25696.80159,63308,23,65144,21714.66667,37086.2893,64537,23,63958,31979.0,44305.8967,63308,650,0,0,0,0,92,72,61.40243154,46.05182365,0,196,42.75,75.86407017,5755.357143,0,0,0,1,0,0,0,0,0,48.85714286,52.0,44.66666667,92,0,0,0,0,0,0,4,208,3,134,8192,237,3,20,0.0,0.0,0,0,0.0,0.0,0,0,Bot
41,1,1,6,6,6,6,6.0,0.0,6,6,6.0,0.0,292682.9268,48780.4878,41.0,0.0,41,41,0,0.0,0.0,0,0,0,0.0,0.0,0,0,0,0,0,0,20,20,24390.2439,24390.2439,6,6,6.0,0.0,0.0,0,0,0,0,1,1,0,0,1,9.0,6.0,6.0,20,0,0,0,0,0,0,1,6,1,6,237,256,0,20,0.0,0.0,0,0,0.0,0.0,0,0,Bot
63242,4,3,207,134,195,0,51.75,95.54187564,128,0,44.66666667,72.23111056,5391.986338000001,110.6859366,10540.33333,24897.4544,61359,42,63242,21080.66667,35898.41058,62531,42,61937,30968.5,42978.65727,61359,578,0,0,0,0,92,72,63.24910661,47.43682995,0,195,42.625,75.57576615,5711.696429,0,0,0,1,0,0,0,0,0,48.71428571,51.75,44.66666667,92,0,0,0,0,0,0,4,207,3,134,8192,237,3,20,0.0,0.0,0,0,0.0,0.0,0,0,Bot
47,1,1,6,6,6,6,6.0,0.0,6,6,6.0,0.0,255319.1489,42553.19149,47.0,0.0,47,47,0,0.0,0.0,0,0,0,0.0,0.0,0,0,0,0,0,0,20,20,21276.59574,21276.59574,6,6,6.0,0.0,0.0,0,0,0,0,1,1,0,0,1,9.0,6.0,6.0,20,0,0,0,0,0,0,1,6,1,6,237,256,0,20,0.0,0.0,0,0,0.0,0.0,0,0,Bot
65398,4,3,207,134,195,0,51.75,95.54187564,128,0,44.66666667,72.23111056,5214.226735,107.0369124,10899.66667,25758.87336,63476,53,65398,21799.33333,37250.83516,64812,53,64046,32023.0,44481.25918,63476,570,0,0,0,0,92,72,61.16394997,45.87296248,0,195,42.625,75.57576615,5711.696429,0,0,0,1,0,0,0,0,0,48.71428571,51.75,44.66666667,92,0,0,0,0,0,0,4,207,3,134,8192,237,3,20,0.0,0.0,0,0,0.0,0.0,0,0,Bot
33,1,1,6,6,6,6,6.0,0.0,6,6,6.0,0.0,363636.3636,60606.06061,33.0,0.0,33,33,0,0.0,0.0,0,0,0,0.0,0.0,0,0,0,0,0,0,20,20,30303.0303,30303.0303,6,6,6.0,0.0,0.0,0,0,0,0,1,1,0,0,1,9.0,6.0,6.0,20,0,0,0,0,0,0,1,6,1,6,237,256,0,20,0.0,0.0,0,0,0.0,0.0,0,0,Bot
88582,4,3,206,134,194,0,51.5,95.04209594,128,0,44.66666667,72.23111056,3838.251564,79.02282631,14763.66667,34943.0336,86085,46,88582,29527.33333,50491.80609,87829,46,86703,43351.5,60434.29527,86085,618,0,0,0,0,92,72,45.15590075,33.86692556,0,194,42.5,75.2880184,5668.285714,0,0,0,1,0,0,0,0,0,48.57142857,51.5,44.66666667,92,0,0,0,0,0,0,4,206,3,134,8192,237,3,20,0.0,0.0,0,0,0.0,0.0,0,0,Bot
83,1,1,6,6,6,6,6.0,0.0,6,6,6.0,0.0,144578.3133,24096.38554,83.0,0.0,83,83,0,0.0,0.0,0,0,0,0.0,0.0,0,0,0,0,0,0,20,20,12048.19277,12048.19277,6,6,6.0,0.0,0.0,0,0,0,0,1,1,0,0,1,9.0,6.0,6.0,20,0,0,0,0,0,0,1,6,1,6,237,256,0,20,0.0,0.0,0,0,0.0,0.0,0,0,Bot
73790,4,3,208,134,196,0,52.0,96.04165763,128,0,44.66666667,72.23111056,4634.77436,94.86380268,12298.33333,28997.04865,71484,67,73790,24596.66667,41831.89862,72898,67,72108,36054.0,50105.58651,71484,624,0,0,0,0,92,72,54.20788725,40.65591544,0,196,42.75,75.86407017,5755.357143,0,0,0,1,0,0,0,0,0,48.85714286,52.0,44.66666667,92,0,0,0,0,0,0,4,208,3,134,8192,237,3,20,0.0,0.0,0,0,0.0,0.0,0,0,Bot
17,1,1,6,6,6,6,6.0,0.0,6,6,6.0,0.0,705882.3529,117647.0588,17.0,0.0,17,17,0,0.0,0.0,0,0,0,0.0,0.0,0,0,0,0,0,0,20,20,58823.52941,58823.52941,6,6,6.0,0.0,0.0,0,0,0,0,1,1,0,0,1,9.0,6.0,6.0,20,0,0,0,0,0,0,1,6,1,6,237,256,0,20,0.0,0.0,0,0,0.0,0.0,0,0,Bot
65538,4,3,207,134,195,0,51.75,95.54187564,128,0,44.66666667,72.23111056,5203.088285,106.8082639,10923.0,25782.03402,63547,39,65538,21846.0,37208.47319,64809,39,64154,32077.0,44505.30081,63547,607,0,0,0,0,92,72,61.03329366,45.77497025,0,195,42.625,75.57576615,5711.696429,0,0,0,1,0,0,0,0,0,48.71428571,51.75,44.66666667,92,0,0,0,0,0,0,4,207,3,134,8192,237,3,20,0.0,0.0,0,0,0.0,0.0,0,0,Bot
50,1,1,6,6,6,6,6.0,0.0,6,6,6.0,0.0,240000.0,40000.0,50.0,0.0,50,50,0,0.0,0.0,0,0,0,0.0,0.0,0,0,0,0,0,0,20,20,20000.0,20000.0,6,6,6.0,0.0,0.0,0,0,0,0,1,1,0,0,1,9.0,6.0,6.0,20,0,0,0,0,0,0,1,6,1,6,237,256,0,20,0.0,0.0,0,0,0.0,0.0,0,0,Bot
69488,4,3,207,134,195,0,51.75,95.54187564,128,0,44.66666667,72.23111056,4907.322128,100.7368179,11581.33333,27408.34863,67525,52,69488,23162.66667,39575.91881,68860,52,68129,34064.5,47320.2929,67525,604,0,0,0,0,92,72,57.56389592,43.17292194,0,195,42.625,75.57576615,5711.696429,0,0,0,1,0,0,0,0,0,48.71428571,51.75,44.66666667,92,0,0,0,0,0,0,4,207,3,134,8192,237,3,20,0.0,0.0,0,0,0.0,0.0,0,0,Bot
2,1,1,6,6,6,6,6.0,0.0,6,6,6.0,0.0,6000000.0,1000000.0,2.0,0.0,2,2,0,0.0,0.0,0,0,0,0.0,0.0,0,0,0,0,0,0,20,20,500000.0,500000.0,6,6,6.0,0.0,0.0,0,0,0,0,1,0,0,0,1,9.0,6.0,6.0,20,0,0,0,0,0,0,1,6,1,6,256,237,0,20,0.0,0.0,0,0,0.0,0.0,0,0,Bot
70461,4,3,206,134,194,0,51.5,95.04209594,128,0,44.66666667,72.23111056,4825.364386,99.34573736,11743.5,26899.92265,66646,87,70461,23487.0,38819.04019,68311,918,68484,34242.0,45826.17628,66646,1838,0,0,0,0,92,72,56.76899278,42.57674458,0,194,42.5,75.2880184,5668.285714,0,0,0,1,0,0,0,0,0,48.57142857,51.5,44.66666667,92,0,0,0,0,0,0,4,206,3,134,8192,237,3,20,0.0,0.0,0,0,0.0,0.0,0,0,Bot
97,1,1,6,6,6,6,6.0,0.0,6,6,6.0,0.0,123711.3402,20618.5567,97.0,0.0,97,97,0,0.0,0.0,0,0,0,0.0,0.0,0,0,0,0,0,0,20,20,10309.27835,10309.27835,6,6,6.0,0.0,0.0,0,0,0,0,1,1,0,0,1,9.0,6.0,6.0,20,0,0,0,0,0,0,1,6,1,6,237,256,0,20,0.0,0.0,0,0,0.0,0.0,0,0,Bot
80384,4,3,208,134,196,0,52.0,96.04165763,128,0,44.66666667,72.23111056,4254.578025,87.08200637,13397.33333,31822.01026000001,78351,53,80384,26794.66667,45630.30489,79482,53,78933,39466.5,54990.98727000001,78351,582,0,0,0,0,92,72,49.7611465,37.32085987,0,196,42.75,75.86407017,5755.357143,0,0,0,1,0,0,0,0,0,48.85714286,52.0,44.66666667,92,0,0,0,0,0,0,4,208,3,134,8192,237,3,20,0.0,0.0,0,0,0.0,0.0,0,0,Bot
65995,4,3,207,134,195,0,51.75,95.54187564,128,0,44.66666667,72.23111056,5167.05811,106.0686416,10999.16667,26025.64985,64121,40,65995,21998.33333,37501.60408000001,65300,40,64719,32359.5,44917.54406,64121,598,0,0,0,0,92,72,60.61065232,45.45798924,0,195,42.625,75.57576615,5711.696429,0,0,0,1,0,0,0,0,0,48.71428571,51.75,44.66666667,92,0,0,0,0,0,0,4,207,3,134,8192,237,3,20,0.0,0.0,0,0,0.0,0.0,0,0,Bot
48,1,1,6,6,6,6,6.0,0.0,6,6,6.0,0.0,250000.0,41666.66667,48.0,0.0,48,48,0,0.0,0.0,0,0,0,0.0,0.0,0,0,0,0,0,0,20,20,20833.33333,20833.33333,6,6,6.0,0.0,0.0,0,0,0,0,1,1,0,0,1,9.0,6.0,6.0,20,0,0,0,0,0,0,1,6,1,6,237,256,0,20,0.0,0.0,0,0,0.0,0.0,0,0,Bot
47,1,1,6,6,6,6,6.0,0.0,6,6,6.0,0.0,255319.1489,42553.19149,47.0,0.0,47,47,0,0.0,0.0,0,0,0,0.0,0.0,0,0,0,0,0,0,20,20,21276.59574,21276.59574,6,6,6.0,0.0,0.0,0,0,0,0,1,1,0,0,1,9.0,6.0,6.0,20,0,0,0,0,0,0,1,6,1,6,237,256,0,20,0.0,0.0,0,0,0.0,0.0,0,0,Bot
64923,4,3,207,134,195,0,51.75,95.54187564,128,0,44.66666667,72.23111056,5252.375891,107.820033,10820.5,25648.1636,63172,22,64923,21641.0,36975.08906000001,64335,22,63749,31874.5,44261.34897,63172,577,0,0,0,0,92,72,61.61144741,46.20858556,0,195,42.625,75.57576615,5711.696429,0,0,0,1,0,0,0,0,0,48.71428571,51.75,44.66666667,92,0,0,0,0,0,0,4,207,3,134,8192,237,3,20,0.0,0.0,0,0,0.0,0.0,0,0,Bot
29,1,1,6,6,6,6,6.0,0.0,6,6,6.0,0.0,413793.1034,68965.51724,29.0,0.0,29,29,0,0.0,0.0,0,0,0,0.0,0.0,0,0,0,0,0,0,20,20,34482.75862,34482.75862,6,6,6.0,0.0,0.0,0,0,0,0,1,1,0,0,1,9.0,6.0,6.0,20,0,0,0,0,0,0,1,6,1,6,237,256,0,20,0.0,0.0,0,0,0.0,0.0,0,0,Bot
71018,4,3,206,134,194,0,51.5,95.04209594,128,0,44.66666667,72.23111056,4787.518657,98.56656059,11836.33333,27768.28774,68513,77,71018,23672.66667,40085.1135,69956,77,69162,34581.0,47987.0946,68513,649,0,0,0,0,92,72,56.32374891,42.24281168,0,194,42.5,75.2880184,5668.285714,0,0,0,1,0,0,0,0,0,48.57142857,51.5,44.66666667,92,0,0,0,0,0,0,4,206,3,134,8192,237,3,20,0.0,0.0,0,0,0.0,0.0,0,0,Bot
88,1,1,6,6,6,6,6.0,0.0,6,6,6.0,0.0,136363.6364,22727.27273,88.0,0.0,88,88,0,0.0,0.0,0,0,0,0.0,0.0,0,0,0,0,0,0,20,20,11363.63636,11363.63636,6,6,6.0,0.0,0.0,0,0,0,0,1,1,0,0,1,9.0,6.0,6.0,20,0,0,0,0,0,0,1,6,1,6,237,256,0,20,0.0,0.0,0,0,0.0,0.0,0,0,Bot
64994,4,3,208,134,196,0,52.0,96.04165763,128,0,44.66666667,72.23111056,5262.024187,107.7022494,10832.33333,25568.79776,63021,29,64994,21664.66667,36951.36677,64331,29,63645,31822.5,44121.34183,63021,624,0,0,0,0,92,72,61.54414254,46.15810689999999,0,196,42.75,75.86407017,5755.357143,0,0,0,1,0,0,0,0,0,48.85714286,52.0,44.66666667,92,0,0,0,0,0,0,4,208,3,134,8192,237,3,20,0.0,0.0,0,0,0.0,0.0,0,0,Bot
68940,4,3,207,134,195,0,51.75,95.54187564,128,0,44.66666667,72.23111056,4946.330142,101.5375689,11490.0,27246.94334,67105,60,68940,22980.0,39238.78061,68288,60,67685,33842.5,47040.27862,67105,580,0,0,0,0,92,72,58.02146794,43.51610096,0,195,42.625,75.57576615,5711.696429,0,0,0,1,0,0,0,0,0,48.71428571,51.75,44.66666667,92,0,0,0,0,0,0,4,207,3,134,8192,237,3,20,0.0,0.0,0,0,0.0,0.0,0,0,Bot
49,1,1,6,6,6,6,6.0,0.0,6,6,6.0,0.0,244897.9592,40816.32653,49.0,0.0,49,49,0,0.0,0.0,0,0,0,0.0,0.0,0,0,0,0,0,0,20,20,20408.16327,20408.16327,6,6,6.0,0.0,0.0,0,0,0,0,1,1,0,0,1,9.0,6.0,6.0,20,0,0,0,0,0,0,1,6,1,6,237,256,0,20,0.0,0.0,0,0,0.0,0.0,0,0,Bot
39,1,1,6,6,6,6,6.0,0.0,6,6,6.0,0.0,307692.3077,51282.05128,39.0,0.0,39,39,0,0.0,0.0,0,0,0,0.0,0.0,0,0,0,0,0,0,20,20,25641.02564,25641.02564,6,6,6.0,0.0,0.0,0,0,0,0,1,1,0,0,1,9.0,6.0,6.0,20,0,0,0,0,0,0,1,6,1,6,237,256,0,20,0.0,0.0,0,0,0.0,0.0,0,0,Bot
68989,4,3,207,134,195,0,51.75,95.54187564,128,0,44.66666667,72.23111056,4942.816971,101.465451,11498.16667,27230.01353,67078,31,68989,22996.33333,39333.68946,68414,31,67709,33854.5,46985.12429,67078,631,0,0,0,0,92,72,57.98025772,43.48519329,0,195,42.625,75.57576615,5711.696429,0,0,0,1,0,0,0,0,0,48.71428571,51.75,44.66666667,92,0,0,0,0,0,0,4,207,3,134,8192,237,3,20,0.0,0.0,0,0,0.0,0.0,0,0,Bot
44,1,1,6,6,6,6,6.0,0.0,6,6,6.0,0.0,272727.2727,45454.54545,44.0,0.0,44,44,0,0.0,0.0,0,0,0,0.0,0.0,0,0,0,0,0,0,20,20,22727.27273,22727.27273,6,6,6.0,0.0,0.0,0,0,0,0,1,1,0,0,1,9.0,6.0,6.0,20,0,0,0,0,0,0,1,6,1,6,237,256,0,20,0.0,0.0,0,0,0.0,0.0,0,0,Bot
79973,4,3,206,134,194,0,51.5,95.04209594,128,0,44.66666667,72.23111056,4251.434859,87.52954122,13328.83333,31415.2433,77450,49,79973,26657.66667,45298.32069,78961,49,78085,39042.5,54316.4074,77450,635,0,0,0,0,92,72,50.0168807,37.51266052,0,194,42.5,75.2880184,5668.285714,0,0,0,1,0,0,0,0,0,48.57142857,51.5,44.66666667,92,0,0,0,0,0,0,4,206,3,134,8192,237,3,20,0.0,0.0,0,0,0.0,0.0,0,0,Bot
117,1,1,6,6,6,6,6.0,0.0,6,6,6.0,0.0,102564.1026,17094.01709,117.0,0.0,117,117,0,0.0,0.0,0,0,0,0.0,0.0,0,0,0,0,0,0,20,20,8547.008547,8547.008547,6,6,6.0,0.0,0.0,0,0,0,0,1,1,0,0,1,9.0,6.0,6.0,20,0,0,0,0,0,0,1,6,1,6,237,256,0,20,0.0,0.0,0,0,0.0,0.0,0,0,Bot
65018,4,3,208,134,196,0,52.0,96.04165763,128,0,44.66666667,72.23111056,5260.081823,107.6624935,10836.33333,25679.68041,63252,22,65018,21672.66667,37074.78633,64482,22,63863,31931.5,44293.87588,63252,611,0,0,0,0,92,72,61.52142484,46.14106863,0,196,42.75,75.86407017,5755.357143,0,0,0,1,0,0,0,0,0,48.85714286,52.0,44.66666667,92,0,0,0,0,0,0,4,208,3,134,8192,237,3,20,0.0,0.0,0,0,0.0,0.0,0,0,Bot
65452,4,3,207,134,195,0,51.75,95.54187564,128,0,44.66666667,72.23111056,5209.92483,106.94860359999998,10908.66667,25809.44639,63589,40,65452,21817.33333,37242.42448,64820,40,64179,32089.5,44547.02011000001,63589,590,0,0,0,0,92,72,61.11348775,45.83511581,0,195,42.625,75.57576615,5711.696429,0,0,0,1,0,0,0,0,0,48.71428571,51.75,44.66666667,92,0,0,0,0,0,0,4,207,3,134,8192,237,3,20,0.0,0.0,0,0,0.0,0.0,0,0,Bot
49,1,1,6,6,6,6,6.0,0.0,6,6,6.0,0.0,244897.9592,40816.32653,49.0,0.0,49,49,0,0.0,0.0,0,0,0,0.0,0.0,0,0,0,0,0,0,20,20,20408.16327,20408.16327,6,6,6.0,0.0,0.0,0,0,0,0,1,1,0,0,1,9.0,6.0,6.0,20,0,0,0,0,0,0,1,6,1,6,237,256,0,20,0.0,0.0,0,0,0.0,0.0,0,0,Bot
40,1,1,6,6,6,6,6.0,0.0,6,6,6.0,0.0,300000.0,50000.0,40.0,0.0,40,40,0,0.0,0.0,0,0,0,0.0,0.0,0,0,0,0,0,0,20,20,25000.0,25000.0,6,6,6.0,0.0,0.0,0,0,0,0,1,1,0,0,1,9.0,6.0,6.0,20,0,0,0,0,0,0,1,6,1,6,237,256,0,20,0.0,0.0,0,0,0.0,0.0,0,0,Bot
64709,4,3,207,134,195,0,51.75,95.54187564,128,0,44.66666667,72.23111056,5269.746094,108.176606,10784.83333,25444.50389,62719,21,64709,21569.66667,36861.89492,64133,21,63322,31661.0,43922.64482,62719,603,0,0,0,0,92,72,61.81520345,46.36140259,0,195,42.625,75.57576615,5711.696429,0,0,0,1,0,0,0,0,0,48.71428571,51.75,44.66666667,92,0,0,0,0,0,0,4,207,3,134,8192,237,3,20,0.0,0.0,0,0,0.0,0.0,0,0,Bot
37,1,1,6,6,6,6,6.0,0.0,6,6,6.0,0.0,324324.3243,54054.05405,37.0,0.0,37,37,0,0.0,0.0,0,0,0,0.0,0.0,0,0,0,0,0,0,20,20,27027.02703,27027.02703,6,6,6.0,0.0,0.0,0,0,0,0,1,1,0,0,1,9.0,6.0,6.0,20,0,0,0,0,0,0,1,6,1,6,237,256,0,20,0.0,0.0,0,0,0.0,0.0,0,0,Bot
71737,4,3,206,134,194,0,51.5,95.04209594,128,0,44.66666667,72.23111056,4739.534689,97.57865537,11956.16667,28165.1715,69443,43,71737,23912.33333,40795.93174,71018,43,70094,35047.0,48643.28969,69443,651,0,0,0,0,92,72,55.75923164,41.81942373,0,194,42.5,75.2880184,5668.285714,0,0,0,1,0,0,0,0,0,48.57142857,51.5,44.66666667,92,0,0,0,0,0,0,4,206,3,134,8192,237,3,20,0.0,0.0,0,0,0.0,0.0,0,0,Bot
96,1,1,6,6,6,6,6.0,0.0,6,6,6.0,0.0,125000.0,20833.33333,96.0,0.0,96,96,0,0.0,0.0,0,0,0,0.0,0.0,0,0,0,0,0,0,20,20,10416.66667,10416.66667,6,6,6.0,0.0,0.0,0,0,0,0,1,1,0,0,1,9.0,6.0,6.0,20,0,0,0,0,0,0,1,6,1,6,237,256,0,20,0.0,0.0,0,0,0.0,0.0,0,0,Bot
64816,4,3,208,134,196,0,52.0,96.04165763,128,0,44.66666667,72.23111056,5276.474944,107.9980252,10802.66667,25331.47029,62506,49,64816,21605.33333,36693.36644,63973,49,63373,31686.5,43585.35489,62506,867,0,0,0,0,92,72,61.71315725,46.28486793,0,196,42.75,75.86407017,5755.357143,0,0,0,1,0,0,0,0,0,48.85714286,52.0,44.66666667,92,0,0,0,0,0,0,4,208,3,134,8192,237,3,20,0.0,0.0,0,0,0.0,0.0,0,0,Bot
62329,4,3,207,134,195,0,51.75,95.54187564,128,0,44.66666667,72.23111056,5470.96857,112.3072727,10388.16667,24585.77694,60571,41,62329,20776.33333,35453.19869,61713,41,61132,30566.0,42433.47794,60571,561,0,0,0,0,92,72,64.1755844,48.1316883,0,195,42.625,75.57576615,5711.696429,0,0,0,1,0,0,0,0,0,48.71428571,51.75,44.66666667,92,0,0,0,0,0,0,4,207,3,134,8192,237,3,20,0.0,0.0,0,0,0.0,0.0,0,0,Bot
50,1,1,6,6,6,6,6.0,0.0,6,6,6.0,0.0,240000.0,40000.0,50.0,0.0,50,50,0,0.0,0.0,0,0,0,0.0,0.0,0,0,0,0,0,0,20,20,20000.0,20000.0,6,6,6.0,0.0,0.0,0,0,0,0,1,1,0,0,1,9.0,6.0,6.0,20,0,0,0,0,0,0,1,6,1,6,237,256,0,20,0.0,0.0,0,0,0.0,0.0,0,0,Bot
13,1,1,6,6,6,6,6.0,0.0,6,6,6.0,0.0,923076.9231,153846.1538,13.0,0.0,13,13,0,0.0,0.0,0,0,0,0.0,0.0,0,0,0,0,0,0,20,20,76923.07692,76923.07692,6,6,6.0,0.0,0.0,0,0,0,0,1,1,0,0,1,9.0,6.0,6.0,20,0,0,0,0,0,0,1,6,1,6,237,256,0,20,0.0,0.0,0,0,0.0,0.0,0,0,Bot
59159,4,3,207,134,195,0,51.75,95.54187564,128,0,44.66666667,72.23111056,5764.127183,118.3251914,9859.833333,23008.76224,56820,17,59159,19719.66667,33396.04122,58279,17,57407,28703.5,39762.73563,56820,587,0,0,0,0,92,72,67.61439509999998,50.71079633,0,195,42.625,75.57576615,5711.696429,0,0,0,1,0,0,0,0,0,48.71428571,51.75,44.66666667,92,0,0,0,0,0,0,4,207,3,134,8192,237,3,20,0.0,0.0,0,0,0.0,0.0,0,0,Bot
36,1,1,6,6,6,6,6.0,0.0,6,6,6.0,0.0,333333.3333,55555.55556,36.0,0.0,36,36,0,0.0,0.0,0,0,0,0.0,0.0,0,0,0,0,0,0,20,20,27777.77778,27777.77778,6,6,6.0,0.0,0.0,0,0,0,0,1,1,0,0,1,9.0,6.0,6.0,20,0,0,0,0,0,0,1,6,1,6,237,256,0,20,0.0,0.0,0,0,0.0,0.0,0,0,Bot
281794,5,4,214,145,196,0,42.8,85.68080298,129,0,36.25,61.96975069,1273.980283,31.93822438,35224.25,98833.95739,279825,4,281794,70448.5,140016.6423,280473,35,280443,93481.0,161378.9261,279825,4,0,0,0,0,112,92,17.74345799,14.19476639,0,196,35.9,68.6479748,4712.544444,0,0,0,1,0,0,0,0,0,39.88888889,42.8,36.25,112,0,0,0,0,0,0,5,214,4,145,8192,237,4,20,0.0,0.0,0,0,0.0,0.0,0,0,Bot
81689,28,51,98277,422,16060,0,3509.892857,3323.136385,128,0,8.274509804,17.12083927,1208228.77,967.0824713,1047.2948720000004,7977.67015,70575,0,81689,3025.518519,14464.25063,75394,2,80246,1604.92,9956.883708,70575,0,0,0,0,0,572,1032,342.76340760000005,624.3190638,0,16060,1233.7375,2568.94449,6599475.791,0,0,0,1,0,0,0,0,1,1249.35443,3509.892857,8.274509804,572,0,0,0,0,0,0,28,98277,51,422,8192,1278,27,20,0.0,0.0,0,0,0.0,0.0,0,0,Bot
47,1,1,6,6,6,6,6.0,0.0,6,6,6.0,0.0,255319.1489,42553.19149,47.0,0.0,47,47,0,0.0,0.0,0,0,0,0.0,0.0,0,0,0,0,0,0,20,20,21276.59574,21276.59574,6,6,6.0,0.0,0.0,0,0,0,0,1,1,0,0,1,9.0,6.0,6.0,20,0,0,0,0,0,0,1,6,1,6,237,256,0,20,0.0,0.0,0,0,0.0,0.0,0,0,Bot
46,1,1,6,6,6,6,6.0,0.0,6,6,6.0,0.0,260869.5652,43478.26087,46.0,0.0,46,46,0,0.0,0.0,0,0,0,0.0,0.0,0,0,0,0,0,0,20,20,21739.13043,21739.13043,6,6,6.0,0.0,0.0,0,0,0,0,1,1,0,0,1,9.0,6.0,6.0,20,0,0,0,0,0,0,1,6,1,6,1278,256,0,20,0.0,0.0,0,0,0.0,0.0,0,0,Bot
113363,4,3,208,134,196,0,52.0,96.04165763,128,0,44.66666667,72.23111056,3016.857352,61.74854229,18893.83333,45332.1508,111426,23,113363,37787.66667,64827.49621000001,112643,23,112053,56026.5,78346.72425,111426,627,0,0,0,0,92,72,35.28488131,26.46366098,0,196,42.75,75.86407017,5755.357143,0,0,0,1,0,0,0,0,0,48.85714286,52.0,44.66666667,92,0,0,0,0,0,0,4,208,3,134,8192,237,3,20,0.0,0.0,0,0,0.0,0.0,0,0,Bot
40,1,1,6,6,6,6,6.0,0.0,6,6,6.0,0.0,300000.0,50000.0,40.0,0.0,40,40,0,0.0,0.0,0,0,0,0.0,0.0,0,0,0,0,0,0,20,20,25000.0,25000.0,6,6,6.0,0.0,0.0,0,0,0,0,1,1,0,0,1,9.0,6.0,6.0,20,0,0,0,0,0,0,1,6,1,6,237,256,0,20,0.0,0.0,0,0,0.0,0.0,0,0,Bot
81767,4,3,208,134,196,0,52.0,96.04165763,128,0,44.66666667,72.23111056,4182.616459000001,85.60910881,13627.83333,32418.36649,79799,19,81767,27255.66667,46588.49627,81050,19,80419,40209.5,55988.00783,79799,620,0,0,0,0,92,72,48.91949075,36.68961806,0,196,42.75,75.86407017,5755.357143,0,0,0,1,0,0,0,0,0,48.85714286,52.0,44.66666667,92,0,0,0,0,0,0,4,208,3,134,8192,237,3,20,0.0,0.0,0,0,0.0,0.0,0,0,Bot
44,1,1,6,6,6,6,6.0,0.0,6,6,6.0,0.0,272727.2727,45454.54545,44.0,0.0,44,44,0,0.0,0.0,0,0,0,0.0,0.0,0,0,0,0,0,0,20,20,22727.27273,22727.27273,6,6,6.0,0.0,0.0,0,0,0,0,1,1,0,0,1,9.0,6.0,6.0,20,0,0,0,0,0,0,1,6,1,6,237,256,0,20,0.0,0.0,0,0,0.0,0.0,0,0,Bot
203128,5,4,213,145,195,0,42.6,85.23379611,129,0,36.25,61.96975069,1762.435509,44.30703793,25391.0,70969.97584,201032,26,203128,50782.0,100832.3024,202030,26,202055,67351.66667,115770.6083,201032,411,0,0,0,0,112,92,24.61502107,19.69201686,0,195,35.8,68.38908295,4677.066667,0,0,0,1,0,0,0,0,0,39.77777778,42.6,36.25,112,0,0,0,0,0,0,5,213,4,145,8192,237,4,20,0.0,0.0,0,0,0.0,0.0,0,0,Bot
42,1,1,6,6,6,6,6.0,0.0,6,6,6.0,0.0,285714.2857,47619.04762,42.0,0.0,42,42,0,0.0,0.0,0,0,0,0.0,0.0,0,0,0,0,0,0,20,20,23809.52381,23809.52381,6,6,6.0,0.0,0.0,0,0,0,0,1,1,0,0,1,9.0,6.0,6.0,20,0,0,0,0,0,0,1,6,1,6,237,256,0,20,0.0,0.0,0,0,0.0,0.0,0,0,Bot
94088,37,79,205731,590,20440,0,5560.297297,5047.23772,128,0,7.46835443,13.75130338,2192851.373,1232.88836,818.1565217,6026.77666,64071,0,94088,2613.555556,13861.33715,83454,4,92696,1188.410256,7306.045198999999,64071,0,0,0,0,0,752,1592,393.2488734,839.6394864,0,20440,1763.42735,3825.05183,14600000.0,0,0,0,1,0,0,0,0,2,1778.6293100000007,5560.297297,7.46835443,752,0,0,0,0,0,0,37,205731,79,590,8192,1210,36,20,0.0,0.0,0,0,0.0,0.0,0,0,Bot
17,1,1,6,6,6,6,6.0,0.0,6,6,6.0,0.0,705882.3529,117647.0588,17.0,0.0,17,17,0,0.0,0.0,0,0,0,0.0,0.0,0,0,0,0,0,0,20,20,58823.52941,58823.52941,6,6,6.0,0.0,0.0,0,0,0,0,1,1,0,0,1,9.0,6.0,6.0,20,0,0,0,0,0,0,1,6,1,6,1210,256,0,20,0.0,0.0,0,0,0.0,0.0,0,0,Bot
80821,4,3,208,134,196,0,52.0,96.04165763,128,0,44.66666667,72.23111056,4231.573477,86.61115304,13470.16667,31909.55881,78602,33,80821,26940.33333,45826.79391,79854,33,79223,39611.5,55140.8939,78602,621,0,0,0,0,92,72,49.49208745,37.11906559,0,196,42.75,75.86407017,5755.357143,0,0,0,1,0,0,0,0,0,48.85714286,52.0,44.66666667,92,0,0,0,0,0,0,4,208,3,134,8192,237,3,20,0.0,0.0,0,0,0.0,0.0,0,0,Bot
72,1,1,6,6,6,6,6.0,0.0,6,6,6.0,0.0,166666.6667,27777.77778,72.0,0.0,72,72,0,0.0,0.0,0,0,0,0.0,0.0,0,0,0,0,0,0,20,20,13888.88889,13888.88889,6,6,6.0,0.0,0.0,0,0,0,0,1,1,0,0,1,9.0,6.0,6.0,20,0,0,0,0,0,0,1,6,1,6,237,256,0,20,0.0,0.0,0,0,0.0,0.0,0,0,Bot
78976,4,3,207,134,195,0,51.75,95.54187564,128,0,44.66666667,72.23111056,4317.767422999999,88.63452188,13162.66667,31153.89729,76750,21,78976,26325.33333,45103.08992,78405,21,77363,38681.5,53836.989,76750,613,0,0,0,0,92,72,50.64829822,37.98622366,0,195,42.625,75.57576615,5711.696429,0,0,0,1,0,0,0,0,0,48.71428571,51.75,44.66666667,92,0,0,0,0,0,0,4,207,3,134,8192,237,3,20,0.0,0.0,0,0,0.0,0.0,0,0,Bot
34,1,1,6,6,6,6,6.0,0.0,6,6,6.0,0.0,352941.1765,58823.52941,34.0,0.0,34,34,0,0.0,0.0,0,0,0,0.0,0.0,0,0,0,0,0,0,20,20,29411.764710000003,29411.764710000003,6,6,6.0,0.0,0.0,0,0,0,0,1,1,0,0,1,9.0,6.0,6.0,20,0,0,0,0,0,0,1,6,1,6,237,256,0,20,0.0,0.0,0,0,0.0,0.0,0,0,Bot
73395,4,3,208,134,196,0,52.0,96.04165763,128,0,44.66666667,72.23111056,4659.717964,95.3743443,12232.5,29030.33631,71488,65,73395,24465.0,41763.33953000001,72688,65,72127,36063.5,50097.80834,71488,639,0,0,0,0,92,72,54.49962532,40.87471899,0,196,42.75,75.86407017,5755.357143,0,0,0,1,0,0,0,0,0,48.85714286,52.0,44.66666667,92,0,0,0,0,0,0,4,208,3,134,8192,237,3,20,0.0,0.0,0,0,0.0,0.0,0,0,Bot
8,1,1,6,6,6,6,6.0,0.0,6,6,6.0,0.0,1500000.0,250000.0,8.0,0.0,8,8,0,0.0,0.0,0,0,0,0.0,0.0,0,0,0,0,0,0,20,20,125000.0,125000.0,6,6,6.0,0.0,0.0,0,0,0,0,1,1,0,0,1,9.0,6.0,6.0,20,0,0,0,0,0,0,1,6,1,6,237,256,0,20,0.0,0.0,0,0,0.0,0.0,0,0,Bot
63825,4,3,207,134,195,0,51.75,95.54187564,128,0,44.66666667,72.23111056,5342.7340380000005,109.6748923,10637.5,25007.02318,61677,43,63825,21275.0,36320.3256,63213,43,62244,31122.0,43211.2954,61677,567,0,0,0,0,92,72,62.67136702,47.00352526,0,195,42.625,75.57576615,5711.696429,0,0,0,1,0,0,0,0,0,48.71428571,51.75,44.66666667,92,0,0,0,0,0,0,4,207,3,134,8192,237,3,20,0.0,0.0,0,0,0.0,0.0,0,0,Bot
34,1,1,6,6,6,6,6.0,0.0,6,6,6.0,0.0,352941.1765,58823.52941,34.0,0.0,34,34,0,0.0,0.0,0,0,0,0.0,0.0,0,0,0,0,0,0,20,20,29411.764710000003,29411.764710000003,6,6,6.0,0.0,0.0,0,0,0,0,1,1,0,0,1,9.0,6.0,6.0,20,0,0,0,0,0,0,1,6,1,6,237,256,0,20,0.0,0.0,0,0,0.0,0.0,0,0,Bot
81754,4,3,208,134,196,0,52.0,96.04165763,128,0,44.66666667,72.23111056,4183.281552,85.62272182,13625.66667,32478.91114,79921,52,81754,27251.33333,46634.26106,81099,52,80546,40273.0,56070.73932000001,79921,625,0,0,0,0,92,72,48.92726961,36.69545221,0,196,42.75,75.86407017,5755.357143,0,0,0,1,0,0,0,0,0,48.85714286,52.0,44.66666667,92,0,0,0,0,0,0,4,208,3,134,8192,237,3,20,0.0,0.0,0,0,0.0,0.0,0,0,Bot
40,1,1,6,6,6,6,6.0,0.0,6,6,6.0,0.0,300000.0,50000.0,40.0,0.0,40,40,0,0.0,0.0,0,0,0,0.0,0.0,0,0,0,0,0,0,20,20,25000.0,25000.0,6,6,6.0,0.0,0.0,0,0,0,0,1,1,0,0,1,9.0,6.0,6.0,20,0,0,0,0,0,0,1,6,1,6,237,256,0,20,0.0,0.0,0,0,0.0,0.0,0,0,Bot
69188,4,3,207,134,195,0,51.75,95.54187564,128,0,44.66666667,72.23111056,4928.600335,101.1736139,11531.33333,27284.61121000001,67223,39,69188,23062.66667,39300.21301,68441,39,67869,33934.5,47077.04817,67223,646,0,0,0,0,92,72,57.81349367,43.36012025,0,195,42.625,75.57576615,5711.696429,0,0,0,1,0,0,0,0,0,48.71428571,51.75,44.66666667,92,0,0,0,0,0,0,4,207,3,134,8192,237,3,20,0.0,0.0,0,0,0.0,0.0,0,0,Bot
33,1,1,6,6,6,6,6.0,0.0,6,6,6.0,0.0,363636.3636,60606.06061,33.0,0.0,33,33,0,0.0,0.0,0,0,0,0.0,0.0,0,0,0,0,0,0,20,20,30303.0303,30303.0303,6,6,6.0,0.0,0.0,0,0,0,0,1,1,0,0,1,9.0,6.0,6.0,20,0,0,0,0,0,0,1,6,1,6,237,256,0,20,0.0,0.0,0,0,0.0,0.0,0,0,Bot
81837,4,3,208,134,196,0,52.0,96.04165763,128,0,44.66666667,72.23111056,4179.038821,85.5358823,13639.5,32405.80914,79785,26,81837,27279.0,46548.67634,81027,26,80418,40209.0,55968.91594,79785,633,0,0,0,0,92,72,48.87764703,36.65823527,0,196,42.75,75.86407017,5755.357143,0,0,0,1,0,0,0,0,0,48.85714286,52.0,44.66666667,92,0,0,0,0,0,0,4,208,3,134,8192,237,3,20,0.0,0.0,0,0,0.0,0.0,0,0,Bot
39,1,1,6,6,6,6,6.0,0.0,6,6,6.0,0.0,307692.3077,51282.05128,39.0,0.0,39,39,0,0.0,0.0,0,0,0,0.0,0.0,0,0,0,0,0,0,20,20,25641.02564,25641.02564,6,6,6.0,0.0,0.0,0,0,0,0,1,1,0,0,1,9.0,6.0,6.0,20,0,0,0,0,0,0,1,6,1,6,237,256,0,20,0.0,0.0,0,0,0.0,0.0,0,0,Bot
65077,4,3,207,134,195,0,51.75,95.54187564,128,0,44.66666667,72.23111056,5239.946525,107.5648847,10846.16667,25622.11455,63144,22,65077,21692.33333,36920.08587,64322,22,63751,31875.5,44220.33678,63144,607,0,0,0,0,92,72,61.46564839,46.09923629,0,195,42.625,75.57576615,5711.696429,0,0,0,1,0,0,0,0,0,48.71428571,51.75,44.66666667,92,0,0,0,0,0,0,4,207,3,134,8192,237,3,20,0.0,0.0,0,0,0.0,0.0,0,0,Bot
33,1,1,6,6,6,6,6.0,0.0,6,6,6.0,0.0,363636.3636,60606.06061,33.0,0.0,33,33,0,0.0,0.0,0,0,0,0.0,0.0,0,0,0,0,0,0,20,20,30303.0303,30303.0303,6,6,6.0,0.0,0.0,0,0,0,0,1,1,0,0,1,9.0,6.0,6.0,20,0,0,0,0,0,0,1,6,1,6,237,256,0,20,0.0,0.0,0,0,0.0,0.0,0,0,Bot
73278,4,3,208,134,196,0,52.0,96.04165763,128,0,44.66666667,72.23111056,4667.157946,95.52662463,12213.0,28980.72388,71367,28,73278,24426.0,41737.45128,72619,28,71993,35996.5,50021.44081,71367,626,0,0,0,0,92,72,54.58664265,40.93998199,0,196,42.75,75.86407017,5755.357143,0,0,0,1,0,0,0,0,0,48.85714286,52.0,44.66666667,92,0,0,0,0,0,0,4,208,3,134,8192,237,3,20,0.0,0.0,0,0,0.0,0.0,0,0,Bot
44,1,1,6,6,6,6,6.0,0.0,6,6,6.0,0.0,272727.2727,45454.54545,44.0,0.0,44,44,0,0.0,0.0,0,0,0,0.0,0.0,0,0,0,0,0,0,20,20,22727.27273,22727.27273,6,6,6.0,0.0,0.0,0,0,0,0,1,1,0,0,1,9.0,6.0,6.0,20,0,0,0,0,0,0,1,6,1,6,237,256,0,20,0.0,0.0,0,0,0.0,0.0,0,0,Bot
69152,4,3,207,134,195,0,51.75,95.54187564,128,0,44.66666667,72.23111056,4931.166127,101.2262841,11525.33333,27191.6404,67026,19,69152,23050.66667,39291.66589,68419,19,67640,33820.0,46960.37555,67026,614,0,0,0,0,92,72,57.84359093,43.38269320000001,0,195,42.625,75.57576615,5711.696429,0,0,0,1,0,0,0,0,0,48.71428571,51.75,44.66666667,92,0,0,0,0,0,0,4,207,3,134,8192,237,3,20,0.0,0.0,0,0,0.0,0.0,0,0,Bot
36,1,1,6,6,6,6,6.0,0.0,6,6,6.0,0.0,333333.3333,55555.55556,36.0,0.0,36,36,0,0.0,0.0,0,0,0,0.0,0.0,0,0,0,0,0,0,20,20,27777.77778,27777.77778,6,6,6.0,0.0,0.0,0,0,0,0,1,1,0,0,1,9.0,6.0,6.0,20,0,0,0,0,0,0,1,6,1,6,237,256,0,20,0.0,0.0,0,0,0.0,0.0,0,0,Bot
81227,4,3,208,134,196,0,52.0,96.04165763,128,0,44.66666667,72.23111056,4210.422643,86.17824123,13537.83333,32248.656660000004,79363,30,81227,27075.66667,46326.68771000001,80568,30,79998,39999.0,55669.10267000001,79363,635,0,0,0,0,92,72,49.24470927,36.93353195,0,196,42.75,75.86407017,5755.357143,0,0,0,1,0,0,0,0,0,48.85714286,52.0,44.66666667,92,0,0,0,0,0,0,4,208,3,134,8192,237,3,20,0.0,0.0,0,0,0.0,0.0,0,0,Bot
9,1,1,6,6,6,6,6.0,0.0,6,6,6.0,0.0,1333333.333,222222.2222,9.0,0.0,9,9,0,0.0,0.0,0,0,0,0.0,0.0,0,0,0,0,0,0,20,20,111111.1111,111111.1111,6,6,6.0,0.0,0.0,0,0,0,0,1,1,0,0,1,9.0,6.0,6.0,20,0,0,0,0,0,0,1,6,1,6,237,256,0,20,0.0,0.0,0,0,0.0,0.0,0,0,Bot
72867,4,3,207,134,195,0,51.75,95.54187564,128,0,44.66666667,72.23111056,4679.759013,96.06543428,12144.5,28760.65863,70849,46,72867,24289.0,41339.70512,72022,46,71456,35728.0,49668.59452,70849,607,0,0,0,0,92,72,54.89453388,41.17090041,0,195,42.625,75.57576615,5711.696429,0,0,0,1,0,0,0,0,0,48.71428571,51.75,44.66666667,92,0,0,0,0,0,0,4,207,3,134,8192,237,3,20,0.0,0.0,0,0,0.0,0.0,0,0,Bot
31,1,1,6,6,6,6,6.0,0.0,6,6,6.0,0.0,387096.7742,64516.12903,31.0,0.0,31,31,0,0.0,0.0,0,0,0,0.0,0.0,0,0,0,0,0,0,20,20,32258.06452,32258.06452,6,6,6.0,0.0,0.0,0,0,0,0,1,1,0,0,1,9.0,6.0,6.0,20,0,0,0,0,0,0,1,6,1,6,237,256,0,20,0.0,0.0,0,0,0.0,0.0,0,0,Bot
249080,5,4,212,145,194,0,42.4,84.78679142,129,0,36.25,61.96975069,1433.27445,36.13296933,31135.0,87150.03014,246819,3,249080,62270.0,123459.7968,247459,117,247456,82485.33333,142317.4797,246819,3,0,0,0,0,112,92,20.07387185,16.05909748,0,194,35.7,68.13067509,4641.788889,0,0,0,1,0,0,0,0,0,39.66666667,42.4,36.25,112,0,0,0,0,0,0,5,212,4,145,8192,237,4,20,0.0,0.0,0,0,0.0,0.0,0,0,Bot
100953,27,37,73173,338,5840,0,2710.111111,2017.39162,128,0,9.135135135,20.10826552,728170.5348,633.9583767000001,1602.428571,11371.94961,90419,1,100953,3882.807692,18387.64187,94030,48,99220,2756.111111,15030.22402,90419,1,0,0,0,0,552,752,267.4511902,366.50718650000016,0,5840,1130.9384619999996,1858.278688,3453199.684,0,0,0,1,0,0,0,0,1,1148.609375,2710.111111,9.135135135,552,0,0,0,0,0,0,27,73173,37,338,8192,1301,26,20,0.0,0.0,0,0,0.0,0.0,0,0,Bot
35,1,1,6,6,6,6,6.0,0.0,6,6,6.0,0.0,342857.1429,57142.85714,35.0,0.0,35,35,0,0.0,0.0,0,0,0,0.0,0.0,0,0,0,0,0,0,20,20,28571.42857,28571.42857,6,6,6.0,0.0,0.0,0,0,0,0,1,1,0,0,1,9.0,6.0,6.0,20,0,0,0,0,0,0,1,6,1,6,237,256,0,20,0.0,0.0,0,0,0.0,0.0,0,0,Bot
32,1,1,6,6,6,6,6.0,0.0,6,6,6.0,0.0,375000.0,62500.0,32.0,0.0,32,32,0,0.0,0.0,0,0,0,0.0,0.0,0,0,0,0,0,0,20,20,31250.0,31250.0,6,6,6.0,0.0,0.0,0,0,0,0,1,1,0,0,1,9.0,6.0,6.0,20,0,0,0,0,0,0,1,6,1,6,1301,256,0,20,0.0,0.0,0,0,0.0,0.0,0,0,Bot
209315,5,4,213,145,195,0,42.6,85.23379611,129,0,36.25,61.96975069,1710.3408739999998,42.99739627,26164.375,73205.89478,207339,42,209315,52328.75,103869.1385,208132,42,208116,69372.0,119483.1002,207339,185,0,0,0,0,112,92,23.88744237,19.1099539,0,195,35.8,68.38908295,4677.066667,0,0,0,1,0,0,0,0,0,39.77777778,42.6,36.25,112,0,0,0,0,0,0,5,213,4,145,8192,237,4,20,0.0,0.0,0,0,0.0,0.0,0,0,Bot
117689,26,50,100094,416,13140,0,3849.769231,2796.570433,128,0,8.32,17.29154565,854030.5381,645.7697831,1569.186667,12064.49503,104626,1,117689,4707.56,22094.75384,110755,3,116247,2372.387755,14916.72936,104626,1,0,0,0,0,532,1012,220.9212416,424.8485415,0,13140,1305.324675,2432.452966,5916827.432999997,0,0,0,1,0,0,0,0,1,1322.5,3849.769231,8.32,532,0,0,0,0,0,0,26,100094,50,416,8192,1324,25,20,0.0,0.0,0,0,0.0,0.0,0,0,Bot
41,1,1,6,6,6,6,6.0,0.0,6,6,6.0,0.0,292682.9268,48780.4878,41.0,0.0,41,41,0,0.0,0.0,0,0,0,0.0,0.0,0,0,0,0,0,0,20,20,24390.2439,24390.2439,6,6,6.0,0.0,0.0,0,0,0,0,1,1,0,0,1,9.0,6.0,6.0,20,0,0,0,0,0,0,1,6,1,6,237,256,0,20,0.0,0.0,0,0,0.0,0.0,0,0,Bot
65486,4,3,208,134,196,0,52.0,96.04165763,128,0,44.66666667,72.23111056,5222.4903030000005,106.8930764,10914.33333,25799.38823,63574,29,65486,21828.66667,37235.41366000001,64823,29,64179,32089.5,44525.8069,63574,605,0,0,0,0,92,72,61.08175793,45.81131845,0,196,42.75,75.86407017,5755.357143,0,0,0,1,0,0,0,0,0,48.85714286,52.0,44.66666667,92,0,0,0,0,0,0,4,208,3,134,8192,237,3,20,0.0,0.0,0,0,0.0,0.0,0,0,Bot
143431,4,3,207,134,195,0,51.75,95.54187564,128,0,44.66666667,72.23111056,2377.449784,48.80395451,23905.16667,57548.64671,141374,22,143431,47810.33333,82228.55692,142759,22,141971,70985.5,99544.37134,141374,597,0,0,0,0,92,72,27.88797401,20.91598051,0,195,42.625,75.57576615,5711.696429,0,0,0,1,0,0,0,0,0,48.71428571,51.75,44.66666667,92,0,0,0,0,0,0,4,207,3,134,8192,237,3,20,0.0,0.0,0,0,0.0,0.0,0,0,Bot
41,1,1,6,6,6,6,6.0,0.0,6,6,6.0,0.0,292682.9268,48780.4878,41.0,0.0,41,41,0,0.0,0.0,0,0,0,0.0,0.0,0,0,0,0,0,0,20,20,24390.2439,24390.2439,6,6,6.0,0.0,0.0,0,0,0,0,1,1,0,0,1,9.0,6.0,6.0,20,0,0,0,0,0,0,1,6,1,6,237,256,0,20,0.0,0.0,0,0,0.0,0.0,0,0,Bot
2,1,1,6,6,6,6,6.0,0.0,6,6,6.0,0.0,6000000.0,1000000.0,2.0,0.0,2,2,0,0.0,0.0,0,0,0,0.0,0.0,0,0,0,0,0,0,20,20,500000.0,500000.0,6,6,6.0,0.0,0.0,0,0,0,0,1,1,0,0,1,9.0,6.0,6.0,20,0,0,0,0,0,0,1,6,1,6,237,256,0,20,0.0,0.0,0,0,0.0,0.0,0,0,Bot
25,1,1,6,6,6,6,6.0,0.0,6,6,6.0,0.0,480000.0,80000.0,25.0,0.0,25,25,0,0.0,0.0,0,0,0,0.0,0.0,0,0,0,0,0,0,20,20,40000.0,40000.0,6,6,6.0,0.0,0.0,0,0,0,0,1,1,0,0,1,9.0,6.0,6.0,20,0,0,0,0,0,0,1,6,1,6,1324,256,0,20,0.0,0.0,0,0,0.0,0.0,0,0,Bot
93603,4,3,207,134,195,0,51.75,95.54187564,128,0,44.66666667,72.23111056,3643.045629,74.78392787,15600.5,37340.66494,91820,23,93603,31201.0,53522.8188,93003,23,92426,46213.0,64498.03794,91820,606,0,0,0,0,92,72,42.73367307,32.0502548,0,195,42.625,75.57576615,5711.696429,0,0,0,1,0,0,0,0,0,48.71428571,51.75,44.66666667,92,0,0,0,0,0,0,4,207,3,134,8192,237,3,20,0.0,0.0,0,0,0.0,0.0,0,0,Bot
11,1,1,6,6,6,6,6.0,0.0,6,6,6.0,0.0,1090909.091,181818.1818,11.0,0.0,11,11,0,0.0,0.0,0,0,0,0.0,0.0,0,0,0,0,0,0,20,20,90909.09091,90909.09091,6,6,6.0,0.0,0.0,0,0,0,0,1,1,0,0,1,9.0,6.0,6.0,20,0,0,0,0,0,0,1,6,1,6,237,256,0,20,0.0,0.0,0,0,0.0,0.0,0,0,Bot
95102,4,3,206,134,194,0,51.5,95.04209594,128,0,44.66666667,72.23111056,3575.1088310000005,73.6051818,15850.33333,37721.28025,92845,42,95102,31700.66667,54293.18949,94392,42,93496,46748.0,65191.00257999999,92845,651,0,0,0,0,92,72,42.06010389,31.54507792,0,194,42.5,75.2880184,5668.285714,0,0,0,1,0,0,0,0,0,48.57142857,51.5,44.66666667,92,0,0,0,0,0,0,4,206,3,134,8192,237,3,20,0.0,0.0,0,0,0.0,0.0,0,0,Bot
84,1,1,6,6,6,6,6.0,0.0,6,6,6.0,0.0,142857.1429,23809.52381,84.0,0.0,84,84,0,0.0,0.0,0,0,0,0.0,0.0,0,0,0,0,0,0,20,20,11904.7619,11904.7619,6,6,6.0,0.0,0.0,0,0,0,0,1,1,0,0,1,9.0,6.0,6.0,20,0,0,0,0,0,0,1,6,1,6,237,256,0,20,0.0,0.0,0,0,0.0,0.0,0,0,Bot
79217,4,3,207,134,195,0,51.75,95.54187564,128,0,44.66666667,72.23111056,4304.631582,88.36487118,13202.83333,31162.83782,76809,40,79217,26405.66667,44892.9509,78241,40,77397,38698.5,53896.38597,76809,588,0,0,0,0,92,72,50.49421210000001,37.87065908,0,195,42.625,75.57576615,5711.696429,0,0,0,1,0,0,0,0,0,48.71428571,51.75,44.66666667,92,0,0,0,0,0,0,4,207,3,134,8192,237,3,20,0.0,0.0,0,0,0.0,0.0,0,0,Bot
73397,4,3,208,134,196,0,52.0,96.04165763,128,0,44.66666667,72.23111056,4659.590991,95.37174544,12232.83333,28916.07232,71254,67,73397,24465.66667,41523.20106,72410,67,71871,35935.5,49947.9017,71254,617,0,0,0,0,92,72,54.49814025,40.87360519,0,196,42.75,75.86407017,5755.357143,0,0,0,1,0,0,0,0,0,48.85714286,52.0,44.66666667,92,0,0,0,0,0,0,4,208,3,134,8192,237,3,20,0.0,0.0,0,0,0.0,0.0,0,0,Bot
79,1,1,6,6,6,6,6.0,0.0,6,6,6.0,0.0,151898.7342,25316.4557,79.0,0.0,79,79,0,0.0,0.0,0,0,0,0.0,0.0,0,0,0,0,0,0,20,20,12658.22785,12658.22785,6,6,6.0,0.0,0.0,0,0,0,0,1,1,0,0,1,9.0,6.0,6.0,20,0,0,0,0,0,0,1,6,1,6,237,256,0,20,0.0,0.0,0,0,0.0,0.0,0,0,Bot
7,1,1,6,6,6,6,6.0,0.0,6,6,6.0,0.0,1714285.7140000002,285714.2857,7.0,0.0,7,7,0,0.0,0.0,0,0,0,0.0,0.0,0,0,0,0,0,0,20,20,142857.1429,142857.1429,6,6,6.0,0.0,0.0,0,0,0,0,1,1,0,0,1,9.0,6.0,6.0,20,0,0,0,0,0,0,1,6,1,6,237,256,0,20,0.0,0.0,0,0,0.0,0.0,0,0,Bot
83202,4,3,207,134,195,0,51.75,95.54187564,128,0,44.66666667,72.23111056,4098.459172,84.13259297,13867.0,32831.813310000005,80881,21,83202,27734.0,47260.08287,82303,21,81595,40797.5,56686.62933,80881,714,0,0,0,0,92,72,48.07576741,36.05682556,0,195,42.625,75.57576615,5711.696429,0,0,0,1,0,0,0,0,0,48.71428571,51.75,44.66666667,92,0,0,0,0,0,0,4,207,3,134,8192,237,3,20,0.0,0.0,0,0,0.0,0.0,0,0,Bot
33,1,1,6,6,6,6,6.0,0.0,6,6,6.0,0.0,363636.3636,60606.06061,33.0,0.0,33,33,0,0.0,0.0,0,0,0,0.0,0.0,0,0,0,0,0,0,20,20,30303.0303,30303.0303,6,6,6.0,0.0,0.0,0,0,0,0,1,1,0,0,1,9.0,6.0,6.0,20,0,0,0,0,0,0,1,6,1,6,237,256,0,20,0.0,0.0,0,0,0.0,0.0,0,0,Bot
113547,4,3,206,134,194,0,51.5,95.04209594,128,0,44.66666667,72.23111056,2994.354761,61.64848036,18924.5,45256.97464,111302,43,113547,37849.0,64948.30784,112844,43,111976,55988.0,78225.80898999999,111302,674,0,0,0,0,92,72,35.22770307,26.4207773,0,194,42.5,75.2880184,5668.285714,0,0,0,1,0,0,0,0,0,48.57142857,51.5,44.66666667,92,0,0,0,0,0,0,4,206,3,134,8192,237,3,20,0.0,0.0,0,0,0.0,0.0,0,0,Bot
27,1,1,6,6,6,6,6.0,0.0,6,6,6.0,0.0,444444.4444,74074.07407,27.0,0.0,27,27,0,0.0,0.0,0,0,0,0.0,0.0,0,0,0,0,0,0,20,20,37037.03704,37037.03704,6,6,6.0,0.0,0.0,0,0,0,0,1,1,0,0,1,9.0,6.0,6.0,20,0,0,0,0,0,0,1,6,1,6,237,256,0,20,0.0,0.0,0,0,0.0,0.0,0,0,Bot
87113,4,3,207,134,195,0,51.75,95.54187564,128,0,44.66666667,72.23111056,3914.455937,80.35540046,14518.83333,34599.438930000004,85142,43,87113,29037.66667,49735.18656,86466,43,85746,42873.0,59777.39307000001,85142,604,0,0,0,0,92,72,45.91737169,34.43802877,0,195,42.625,75.57576615,5711.696429,0,0,0,1,0,0,0,0,0,48.71428571,51.75,44.66666667,92,0,0,0,0,0,0,4,207,3,134,8192,237,3,20,0.0,0.0,0,0,0.0,0.0,0,0,Bot
90363,4,3,208,134,196,0,52.0,96.04165763,128,0,44.66666667,72.23111056,3784.734903,77.46533426,15060.5,35910.484789999995,88360,33,90363,30121.0,51577.07755,89676,33,88983,44491.5,62039.42766,88360,623,0,0,0,0,92,72,44.26590529,33.19942897,0,196,42.75,75.86407017,5755.357143,0,0,0,1,0,0,0,0,0,48.85714286,52.0,44.66666667,92,0,0,0,0,0,0,4,208,3,134,8192,237,3,20,0.0,0.0,0,0,0.0,0.0,0,0,Bot
42,1,1,6,6,6,6,6.0,0.0,6,6,6.0,0.0,285714.2857,47619.04762,42.0,0.0,42,42,0,0.0,0.0,0,0,0,0.0,0.0,0,0,0,0,0,0,20,20,23809.52381,23809.52381,6,6,6.0,0.0,0.0,0,0,0,0,1,1,0,0,1,9.0,6.0,6.0,20,0,0,0,0,0,0,1,6,1,6,237,256,0,20,0.0,0.0,0,0,0.0,0.0,0,0,Bot
48,1,1,6,6,6,6,6.0,0.0,6,6,6.0,0.0,250000.0,41666.66667,48.0,0.0,48,48,0,0.0,0.0,0,0,0,0.0,0.0,0,0,0,0,0,0,20,20,20833.33333,20833.33333,6,6,6.0,0.0,0.0,0,0,0,0,1,1,0,0,1,9.0,6.0,6.0,20,0,0,0,0,0,0,1,6,1,6,237,256,0,20,0.0,0.0,0,0,0.0,0.0,0,0,Bot
88367,4,3,207,134,195,0,51.75,95.54187564,128,0,44.66666667,72.23111056,3858.906605,79.21509161,14727.83333,35117.01075,86408,53,88367,29455.66667,50354.69163,87599,53,87043,43521.5,60650.66994,86408,635,0,0,0,0,92,72,45.26576663,33.94932497,0,195,42.625,75.57576615,5711.696429,0,0,0,1,0,0,0,0,0,48.71428571,51.75,44.66666667,92,0,0,0,0,0,0,4,207,3,134,8192,237,3,20,0.0,0.0,0,0,0.0,0.0,0,0,Bot
1,1,1,6,6,6,6,6.0,0.0,6,6,6.0,0.0,12000000.0,2000000.0,1.0,0.0,1,1,0,0.0,0.0,0,0,0,0.0,0.0,0,0,0,0,0,0,20,20,1000000.0,1000000.0,6,6,6.0,0.0,0.0,0,0,0,0,1,1,0,0,1,9.0,6.0,6.0,20,0,0,0,0,0,0,1,6,1,6,237,256,0,20,0.0,0.0,0,0,0.0,0.0,0,0,Bot
88900,4,3,210,134,198,0,52.5,97.04122835,128,0,44.66666667,72.23111056,3869.51631,78.74015748,14816.66667,35373.658039999995,87020,17,88900,29633.33333,50854.94621,88355,49,87558,43779.0,61152.00865,87020,538,0,0,0,0,92,72,44.994375700000006,33.74578178,0,198,43.0,76.44232186,5843.428571,0,0,0,1,0,0,0,0,0,49.14285714,52.5,44.66666667,92,0,0,0,0,0,0,4,210,3,134,8192,237,3,20,0.0,0.0,0,0,0.0,0.0,0,0,Bot
3,1,1,6,6,6,6,6.0,0.0,6,6,6.0,0.0,4000000.0,666666.6667,3.0,0.0,3,3,0,0.0,0.0,0,0,0,0.0,0.0,0,0,0,0,0,0,20,20,333333.3333,333333.3333,6,6,6.0,0.0,0.0,0,0,0,0,1,1,0,0,1,9.0,6.0,6.0,20,0,0,0,0,0,0,1,6,1,6,237,16393,0,20,0.0,0.0,0,0,0.0,0.0,0,0,Bot
73553,4,3,206,134,194,0,51.5,95.04209594,128,0,44.66666667,72.23111056,4622.517097,95.16946963,12258.83333,28884.06025,71214,79,73553,24517.66667,41727.7098,72699,79,71898,35949.0,49872.24128,71214,684,0,0,0,0,92,72,54.38255408,40.78691556,0,194,42.5,75.2880184,5668.285714,0,0,0,1,0,0,0,0,0,48.57142857,51.5,44.66666667,92,0,0,0,0,0,0,4,206,3,134,8192,237,3,20,0.0,0.0,0,0,0.0,0.0,0,0,Bot
26,1,1,6,6,6,6,6.0,0.0,6,6,6.0,0.0,461538.4615,76923.07692,26.0,0.0,26,26,0,0.0,0.0,0,0,0,0.0,0.0,0,0,0,0,0,0,20,20,38461.53846,38461.53846,6,6,6.0,0.0,0.0,0,0,0,0,1,1,0,0,1,9.0,6.0,6.0,20,0,0,0,0,0,0,1,6,1,6,237,256,0,20,0.0,0.0,0,0,0.0,0.0,0,0,Bot
77519,4,3,207,134,195,0,51.75,95.54187564,128,0,44.66666667,72.23111056,4398.921555,90.30044247,12919.83333,30565.81487,75308,38,77519,25839.66667,43954.00838,76591,38,75857,37928.5,52862.59585,75308,549,0,0,0,0,92,72,51.60025284,38.70018963,0,195,42.625,75.57576615,5711.696429,0,0,0,1,0,0,0,0,0,48.71428571,51.75,44.66666667,92,0,0,0,0,0,0,4,207,3,134,8192,237,3,20,0.0,0.0,0,0,0.0,0.0,0,0,Bot
73186,4,3,208,134,196,0,52.0,96.04165763,128,0,44.66666667,72.23111056,4673.0248950000005,95.64670839,12197.66667,28876.87002,71139,35,73186,24395.33333,41660.13961000001,72499,35,71768,35884.0,49858.09914,71139,629,0,0,0,0,92,72,54.65526194,40.99144645,0,196,42.75,75.86407017,5755.357143,0,0,0,1,0,0,0,0,0,48.85714286,52.0,44.66666667,92,0,0,0,0,0,0,4,208,3,134,8192,237,3,20,0.0,0.0,0,0,0.0,0.0,0,0,Bot
41,1,1,6,6,6,6,6.0,0.0,6,6,6.0,0.0,292682.9268,48780.4878,41.0,0.0,41,41,0,0.0,0.0,0,0,0,0.0,0.0,0,0,0,0,0,0,20,20,24390.2439,24390.2439,6,6,6.0,0.0,0.0,0,0,0,0,1,1,0,0,1,9.0,6.0,6.0,20,0,0,0,0,0,0,1,6,1,6,237,256,0,20,0.0,0.0,0,0,0.0,0.0,0,0,Bot
38,1,1,6,6,6,6,6.0,0.0,6,6,6.0,0.0,315789.4737,52631.57895,38.0,0.0,38,38,0,0.0,0.0,0,0,0,0.0,0.0,0,0,0,0,0,0,20,20,26315.78947,26315.78947,6,6,6.0,0.0,0.0,0,0,0,0,1,1,0,0,1,9.0,6.0,6.0,20,0,0,0,0,0,0,1,6,1,6,237,256,0,20,0.0,0.0,0,0,0.0,0.0,0,0,Bot
68049,4,3,207,134,195,0,51.75,95.54187564,128,0,44.66666667,72.23111056,5011.094946,102.8670517,11341.5,26884.28922,66216,16,68049,22683.0,38758.32358,67436,16,66799,33399.5,46409.53937,66216,583,0,0,0,0,92,72,58.78117239,44.08587929,0,195,42.625,75.57576615,5711.696429,0,0,0,1,0,0,0,0,0,48.71428571,51.75,44.66666667,92,0,0,0,0,0,0,4,207,3,134,8192,237,3,20,0.0,0.0,0,0,0.0,0.0,0,0,Bot
27,1,1,6,6,6,6,6.0,0.0,6,6,6.0,0.0,444444.4444,74074.07407,27.0,0.0,27,27,0,0.0,0.0,0,0,0,0.0,0.0,0,0,0,0,0,0,20,20,37037.03704,37037.03704,6,6,6.0,0.0,0.0,0,0,0,0,1,1,0,0,1,9.0,6.0,6.0,20,0,0,0,0,0,0,1,6,1,6,237,256,0,20,0.0,0.0,0,0,0.0,0.0,0,0,Bot
97361,4,3,210,134,198,0,52.5,97.04122835,128,0,44.66666667,72.23111056,3533.242263,71.89737164,16226.83333,38828.4927,95483,20,97361,32453.66667,55601.84584,96656,20,96048,48024.0,67117.16146,95483,565,0,0,0,0,92,72,41.08421236,30.81315927,0,198,43.0,76.44232186,5843.428571,0,0,0,1,0,0,0,0,0,49.14285714,52.5,44.66666667,92,0,0,0,0,0,0,4,210,3,134,8192,237,3,20,0.0,0.0,0,0,0.0,0.0,0,0,Bot
22,1,1,6,6,6,6,6.0,0.0,6,6,6.0,0.0,545454.5455,90909.09091,22.0,0.0,22,22,0,0.0,0.0,0,0,0,0.0,0.0,0,0,0,0,0,0,20,20,45454.54545,45454.54545,6,6,6.0,0.0,0.0,0,0,0,0,1,1,0,0,1,9.0,6.0,6.0,20,0,0,0,0,0,0,1,6,1,6,237,16393,0,20,0.0,0.0,0,0,0.0,0.0,0,0,Bot
63174,4,3,206,134,194,0,51.5,95.04209594,128,0,44.66666667,72.23111056,5381.960932999999,110.805078,10529.0,24648.59476,60837,73,63174,21058.0,35739.99887,62325,73,61433,30716.5,42596.81961000001,60837,596,0,0,0,0,92,72,63.31718745,47.48789059,0,194,42.5,75.2880184,5668.285714,0,0,0,1,0,0,0,0,0,48.57142857,51.5,44.66666667,92,0,0,0,0,0,0,4,206,3,134,8192,237,3,20,0.0,0.0,0,0,0.0,0.0,0,0,Bot
28,1,1,6,6,6,6,6.0,0.0,6,6,6.0,0.0,428571.4286,71428.57143,28.0,0.0,28,28,0,0.0,0.0,0,0,0,0.0,0.0,0,0,0,0,0,0,20,20,35714.285710000004,35714.285710000004,6,6,6.0,0.0,0.0,0,0,0,0,1,1,0,0,1,9.0,6.0,6.0,20,0,0,0,0,0,0,1,6,1,6,237,256,0,20,0.0,0.0,0,0,0.0,0.0,0,0,Bot
140374,4,3,207,134,195,0,51.75,95.54187564,128,0,44.66666667,72.23111056,2429.2247850000003,49.86678445,23395.66667,56326.50998,138370,41,140374,46791.33333,80455.76084,139693,41,138967,69483.5,97420.22256,138370,597,0,0,0,0,92,72,28.4953054,21.37147905,0,195,42.625,75.57576615,5711.696429,0,0,0,1,0,0,0,0,0,48.71428571,51.75,44.66666667,92,0,0,0,0,0,0,4,207,3,134,8192,237,3,20,0.0,0.0,0,0,0.0,0.0,0,0,Bot
40,1,1,6,6,6,6,6.0,0.0,6,6,6.0,0.0,300000.0,50000.0,40.0,0.0,40,40,0,0.0,0.0,0,0,0,0.0,0.0,0,0,0,0,0,0,20,20,25000.0,25000.0,6,6,6.0,0.0,0.0,0,0,0,0,1,1,0,0,1,9.0,6.0,6.0,20,0,0,0,0,0,0,1,6,1,6,237,256,0,20,0.0,0.0,0,0,0.0,0.0,0,0,Bot
80214,4,3,207,134,195,0,51.75,95.54187564,128,0,44.66666667,72.23111056,4251.128232,87.26656195,13369.0,31761.79579,78200,88,80214,26738.0,45630.76181,79427,132,78810,39405.0,54864.41515,78200,610,0,0,0,0,92,72,49.86660683,37.39995512,0,195,42.625,75.57576615,5711.696429,0,0,0,1,0,0,0,0,0,48.71428571,51.75,44.66666667,92,0,0,0,0,0,0,4,207,3,134,8192,237,3,20,0.0,0.0,0,0,0.0,0.0,0,0,Bot
35,1,1,6,6,6,6,6.0,0.0,6,6,6.0,0.0,342857.1429,57142.85714,35.0,0.0,35,35,0,0.0,0.0,0,0,0,0.0,0.0,0,0,0,0,0,0,20,20,28571.42857,28571.42857,6,6,6.0,0.0,0.0,0,0,0,0,1,1,0,0,1,9.0,6.0,6.0,20,0,0,0,0,0,0,1,6,1,6,237,256,0,20,0.0,0.0,0,0,0.0,0.0,0,0,Bot
122807,4,3,210,134,198,0,52.5,97.04122835,128,0,44.66666667,72.23111056,2801.143257,57.00000814,20467.83333,49177.98622,120850,12,122807,40935.66667,70324.7311,122139,48,121414,60707.0,85055.04628,120850,564,0,0,0,0,92,72,32.57143322,24.42857492,0,198,43.0,76.44232186,5843.428571,0,0,0,1,0,0,0,0,0,49.14285714,52.5,44.66666667,92,0,0,0,0,0,0,4,210,3,134,8192,237,3,20,0.0,0.0,0,0,0.0,0.0,0,0,Bot
0,1,1,6,6,6,6,6.0,0.0,6,6,6.0,0.0,inf,inf,0.0,0.0,0,0,0,0.0,0.0,0,0,0,0.0,0.0,0,0,0,0,0,0,20,20,0.0,0.0,6,6,6.0,0.0,0.0,0,0,0,0,1,1,0,0,1,9.0,6.0,6.0,20,0,0,0,0,0,0,1,6,1,6,237,16393,0,20,0.0,0.0,0,0,0.0,0.0,0,0,Bot
63198,4,3,206,134,194,0,51.5,95.04209594,128,0,44.66666667,72.23111056,5379.917086,110.7629988,10533.0,24772.31444,61094,78,63198,21066.0,35977.08176,62608,78,61722,30861.0,42755.91863,61094,628,0,0,0,0,92,72,63.29314219,47.46985664,0,194,42.5,75.2880184,5668.285714,0,0,0,1,0,0,0,0,0,48.57142857,51.5,44.66666667,92,0,0,0,0,0,0,4,206,3,134,8192,237,3,20,0.0,0.0,0,0,0.0,0.0,0,0,Bot
63,1,1,6,6,6,6,6.0,0.0,6,6,6.0,0.0,190476.1905,31746.03175,63.0,0.0,63,63,0,0.0,0.0,0,0,0,0.0,0.0,0,0,0,0,0,0,20,20,15873.01587,15873.01587,6,6,6.0,0.0,0.0,0,0,0,0,1,1,0,0,1,9.0,6.0,6.0,20,0,0,0,0,0,0,1,6,1,6,237,256,0,20,0.0,0.0,0,0,0.0,0.0,0,0,Bot
68584,4,3,207,134,195,0,51.75,95.54187564,128,0,44.66666667,72.23111056,4972.005132,102.0646215,11430.66667,26998.89594,66538,19,68584,22861.33333,39017.17153,67913,19,67129,33564.5,46631.5709,66538,591,0,0,0,0,92,72,58.32264085,43.74198064,0,195,42.625,75.57576615,5711.696429,0,0,0,1,0,0,0,0,0,48.71428571,51.75,44.66666667,92,0,0,0,0,0,0,4,207,3,134,8192,237,3,20,0.0,0.0,0,0,0.0,0.0,0,0,Bot
41,1,1,6,6,6,6,6.0,0.0,6,6,6.0,0.0,292682.9268,48780.4878,41.0,0.0,41,41,0,0.0,0.0,0,0,0,0.0,0.0,0,0,0,0,0,0,20,20,24390.2439,24390.2439,6,6,6.0,0.0,0.0,0,0,0,0,1,1,0,0,1,9.0,6.0,6.0,20,0,0,0,0,0,0,1,6,1,6,237,256,0,20,0.0,0.0,0,0,0.0,0.0,0,0,Bot
67142,4,3,207,134,195,0,51.75,95.54187564,128,0,44.66666667,72.23111056,5078.78824,104.2566501,11190.33333,26422.73377,65122,20,67142,22380.66667,38137.2598,66416,20,65728,32864.0,45619.7011,65122,606,0,0,0,0,92,72,59.57522862,44.68142146,0,195,42.625,75.57576615,5711.696429,0,0,0,1,0,0,0,0,0,48.71428571,51.75,44.66666667,92,0,0,0,0,0,0,4,207,3,134,8192,237,3,20,0.0,0.0,0,0,0.0,0.0,0,0,Bot
37,1,1,6,6,6,6,6.0,0.0,6,6,6.0,0.0,324324.3243,54054.05405,37.0,0.0,37,37,0,0.0,0.0,0,0,0,0.0,0.0,0,0,0,0,0,0,20,20,27027.02703,27027.02703,6,6,6.0,0.0,0.0,0,0,0,0,1,1,0,0,1,9.0,6.0,6.0,20,0,0,0,0,0,0,1,6,1,6,237,256,0,20,0.0,0.0,0,0,0.0,0.0,0,0,Bot
62388,4,3,210,134,198,0,52.5,97.04122835,128,0,44.66666667,72.23111056,5513.880875,112.2010643,10398.0,24475.42229,60354,4,62388,20796.0,35508.2422,61796,4,61121,30560.5,42134.37177,60354,767,0,0,0,0,92,72,64.11489389,48.08617042,0,198,43.0,76.44232186,5843.428571,0,0,0,1,0,0,0,0,0,49.14285714,52.5,44.66666667,92,0,0,0,0,0,0,4,210,3,134,8192,237,3,20,0.0,0.0,0,0,0.0,0.0,0,0,Bot
21,1,1,6,6,6,6,6.0,0.0,6,6,6.0,0.0,571428.5714,95238.09524,21.0,0.0,21,21,0,0.0,0.0,0,0,0,0.0,0.0,0,0,0,0,0,0,20,20,47619.04762,47619.04762,6,6,6.0,0.0,0.0,0,0,0,0,1,1,0,0,1,9.0,6.0,6.0,20,0,0,0,0,0,0,1,6,1,6,237,16393,0,20,0.0,0.0,0,0,0.0,0.0,0,0,Bot
73453,4,3,210,134,198,0,52.5,97.04122835,128,0,44.66666667,72.23111056,4683.266850999999,95.29903476,12242.16667,29145.09442,71732,18,73453,24484.33333,41869.60421000001,72830,18,72302,36151.0,50319.13276,71732,570,0,0,0,0,92,72,54.45659129,40.84244347,0,198,43.0,76.44232186,5843.428571,0,0,0,1,0,0,0,0,0,49.14285714,52.5,44.66666667,92,0,0,0,0,0,0,4,210,3,134,8192,237,3,20,0.0,0.0,0,0,0.0,0.0,0,0,Bot
22,1,1,6,6,6,6,6.0,0.0,6,6,6.0,0.0,545454.5455,90909.09091,22.0,0.0,22,22,0,0.0,0.0,0,0,0,0.0,0.0,0,0,0,0,0,0,20,20,45454.54545,45454.54545,6,6,6.0,0.0,0.0,0,0,0,0,1,1,0,0,1,9.0,6.0,6.0,20,0,0,0,0,0,0,1,6,1,6,237,16393,0,20,0.0,0.0,0,0,0.0,0.0,0,0,Bot
63596,4,3,206,134,194,0,51.5,95.04209594,128,0,44.66666667,72.23111056,5346.248192,110.0698157,10599.33333,24863.56262,61346,43,63596,21198.66667,36115.42332,62900,78,61943,30971.5,42956.02985,61346,597,0,0,0,0,92,72,62.89703755,47.17277816,0,194,42.5,75.2880184,5668.285714,0,0,0,1,0,0,0,0,0,48.57142857,51.5,44.66666667,92,0,0,0,0,0,0,4,206,3,134,8192,237,3,20,0.0,0.0,0,0,0.0,0.0,0,0,Bot
53,1,1,6,6,6,6,6.0,0.0,6,6,6.0,0.0,226415.0943,37735.84906,53.0,0.0,53,53,0,0.0,0.0,0,0,0,0.0,0.0,0,0,0,0,0,0,20,20,18867.92453,18867.92453,6,6,6.0,0.0,0.0,0,0,0,0,1,1,0,0,1,9.0,6.0,6.0,20,0,0,0,0,0,0,1,6,1,6,237,256,0,20,0.0,0.0,0,0,0.0,0.0,0,0,Bot
290137,5,4,213,140,195,0,42.6,85.23379611,128,0,35.0,62.0644826,1216.666609,31.01982856,36267.125,101681.3776,287915,36,290137,72534.25,144237.4195,288890,48,288891,96297.0,165946.0957,287915,373,0,0,0,0,112,92,17.23323809,13.78659047,0,195,35.3,68.41710312,4680.9,0,0,0,1,0,0,0,0,0,39.22222222,42.6,35.0,112,0,0,0,0,0,0,5,213,4,140,8192,237,4,20,0.0,0.0,0,0,0.0,0.0,0,0,Bot
67517,4,3,1035,134,1023,0,258.75,509.5078508,128,0,44.66666667,72.23111056,17314.157919999998,103.6775923,11252.83333,26449.29935,65238,42,67517,22505.66667,38333.74715,66768,42,66064,33032.0,45546.16199,65238,826,0,0,0,0,92,72,59.24433846,44.43325385,0,1023,146.125,357.0115794,127457.2679,0,0,0,1,0,0,0,0,0,167.0,258.75,44.66666667,92,0,0,0,0,0,0,4,1035,3,134,8192,245,3,20,0.0,0.0,0,0,0.0,0.0,0,0,Bot
6,1,1,6,6,6,6,6.0,0.0,6,6,6.0,0.0,2000000.0,333333.3333,6.0,0.0,6,6,0,0.0,0.0,0,0,0,0.0,0.0,0,0,0,0,0,0,20,20,166666.6667,166666.6667,6,6,6.0,0.0,0.0,0,0,0,0,1,1,0,0,1,9.0,6.0,6.0,20,0,0,0,0,0,0,1,6,1,6,237,256,0,20,0.0,0.0,0,0,0.0,0.0,0,0,Bot
46,1,1,6,6,6,6,6.0,0.0,6,6,6.0,0.0,260869.5652,43478.26087,46.0,0.0,46,46,0,0.0,0.0,0,0,0,0.0,0.0,0,0,0,0,0,0,20,20,21739.13043,21739.13043,6,6,6.0,0.0,0.0,0,0,0,0,1,1,0,0,1,9.0,6.0,6.0,20,0,0,0,0,0,0,1,6,1,6,245,256,0,20,0.0,0.0,0,0,0.0,0.0,0,0,Bot
247385,5,4,216,140,198,0,43.2,86.57482313,128,0,35.0,62.0644826,1439.0524890000002,36.38054045,30923.125,86713.52162,245527,4,247385,61846.25,122826.2086,246085,4,246103,82034.33333,141589.0875,245527,4,0,0,0,0,112,92,20.21141136,16.16912909,0,198,35.6,69.19730245,4788.266667,0,0,0,1,0,0,0,0,0,39.55555556,43.2,35.0,112,0,0,0,0,0,0,5,216,4,140,8192,237,4,20,0.0,0.0,0,0,0.0,0.0,0,0,Bot
83494,4,3,1172,134,1160,0,293.0,578.0069204,128,0,44.66666667,72.23111056,15641.842530000002,83.83835964,13915.66667,33100.05218,81478,23,83494,27831.33333,47602.77654,82797,23,82274,41137.0,57050.78932,81478,796,0,0,0,0,92,72,47.90763408,35.93072556,0,1160,163.25,405.1256419,164126.7857,0,0,0,1,0,0,0,0,0,186.5714286,293.0,44.66666667,92,0,0,0,0,0,0,4,1172,3,134,8192,251,3,20,0.0,0.0,0,0,0.0,0.0,0,0,Bot
20,1,1,6,6,6,6,6.0,0.0,6,6,6.0,0.0,600000.0,100000.0,20.0,0.0,20,20,0,0.0,0.0,0,0,0,0.0,0.0,0,0,0,0,0,0,20,20,50000.0,50000.0,6,6,6.0,0.0,0.0,0,0,0,0,1,1,0,0,1,9.0,6.0,6.0,20,0,0,0,0,0,0,1,6,1,6,237,16392,0,20,0.0,0.0,0,0,0.0,0.0,0,0,Bot
21,1,1,6,6,6,6,6.0,0.0,6,6,6.0,0.0,571428.5714,95238.09524,21.0,0.0,21,21,0,0.0,0.0,0,0,0,0.0,0.0,0,0,0,0,0,0,20,20,47619.04762,47619.04762,6,6,6.0,0.0,0.0,0,0,0,0,1,1,0,0,1,9.0,6.0,6.0,20,0,0,0,0,0,0,1,6,1,6,251,16393,0,20,0.0,0.0,0,0,0.0,0.0,0,0,Bot
129121,4,3,210,134,198,0,52.5,97.04122835,128,0,44.66666667,72.23111056,2664.167719,54.21271521,21520.16667,51772.24594,127198,17,129121,43040.33333,73834.63242000001,128296,17,127757,63878.5,89547.29566,127198,559,0,0,0,0,92,72,30.978694399999995,23.2340208,0,198,43.0,76.44232186,5843.428571,0,0,0,1,0,0,0,0,0,49.14285714,52.5,44.66666667,92,0,0,0,0,0,0,4,210,3,134,8192,237,3,20,0.0,0.0,0,0,0.0,0.0,0,0,Bot
22,1,1,6,6,6,6,6.0,0.0,6,6,6.0,0.0,545454.5455,90909.09091,22.0,0.0,22,22,0,0.0,0.0,0,0,0,0.0,0.0,0,0,0,0,0,0,20,20,45454.54545,45454.54545,6,6,6.0,0.0,0.0,0,0,0,0,1,1,0,0,1,9.0,6.0,6.0,20,0,0,0,0,0,0,1,6,1,6,237,16393,0,20,0.0,0.0,0,0,0.0,0.0,0,0,Bot
231538,5,4,212,140,194,0,42.4,84.78679142,128,0,35.0,62.0644826,1520.268811,38.87050938,28942.25,80840.32937,229010,4,231538,57884.5,114509.0214,229647,72,229689,76563.0,132023.40099999998,229010,4,0,0,0,0,112,92,21.59472743,17.27578195,0,194,35.2,68.15798641,4645.511111,0,0,0,1,0,0,0,0,0,39.11111111,42.4,35.0,112,0,0,0,0,0,0,5,212,4,140,8192,237,4,20,0.0,0.0,0,0,0.0,0.0,0,0,Bot
3,1,1,6,6,6,6,6.0,0.0,6,6,6.0,0.0,4000000.0,666666.6667,3.0,0.0,3,3,0,0.0,0.0,0,0,0,0.0,0.0,0,0,0,0,0,0,20,20,333333.3333,333333.3333,6,6,6.0,0.0,0.0,0,0,0,0,1,1,0,0,1,9.0,6.0,6.0,20,0,0,0,0,0,0,1,6,1,6,237,256,0,20,0.0,0.0,0,0,0.0,0.0,0,0,Bot
97631,4,3,1870,134,1858,0,467.5,927.004315,128,0,44.66666667,72.23111056,20526.26727,71.69853837,16271.83333,38681.84,95227,81,97631,32543.66667,55778.98817,96951,81,96017,48008.5,66777.04308999999,95227,790,0,0,0,0,92,72,40.97059336,30.72794502,0,1858,250.5,651.0051569,423807.7143,0,0,0,1,0,0,0,0,0,286.2857143,467.5,44.66666667,92,0,0,0,0,0,0,4,1870,3,134,8192,258,3,20,0.0,0.0,0,0,0.0,0.0,0,0,Bot
72,1,1,6,6,6,6,6.0,0.0,6,6,6.0,0.0,166666.6667,27777.77778,72.0,0.0,72,72,0,0.0,0.0,0,0,0,0.0,0.0,0,0,0,0,0,0,20,20,13888.88889,13888.88889,6,6,6.0,0.0,0.0,0,0,0,0,1,1,0,0,1,9.0,6.0,6.0,20,0,0,0,0,0,0,1,6,1,6,258,256,0,20,0.0,0.0,0,0,0.0,0.0,0,0,Bot
83252,4,3,207,134,195,0,51.75,95.54187564,128,0,44.66666667,72.23111056,4095.997694,84.08206409,13875.33333,32881.38387,80990,18,83252,27750.66667,47387.21452,82467,18,81578,40789.0,56852.79942,80990,588,0,0,0,0,92,72,48.04689377,36.03517033,0,195,42.625,75.57576615,5711.696429,0,0,0,1,0,0,0,0,0,48.71428571,51.75,44.66666667,92,0,0,0,0,0,0,4,207,3,134,8192,237,3,20,0.0,0.0,0,0,0.0,0.0,0,0,Bot
40,1,1,6,6,6,6,6.0,0.0,6,6,6.0,0.0,300000.0,50000.0,40.0,0.0,40,40,0,0.0,0.0,0,0,0,0.0,0.0,0,0,0,0,0,0,20,20,25000.0,25000.0,6,6,6.0,0.0,0.0,0,0,0,0,1,1,0,0,1,9.0,6.0,6.0,20,0,0,0,0,0,0,1,6,1,6,237,256,0,20,0.0,0.0,0,0,0.0,0.0,0,0,Bot
224749,4,3,210,134,198,0,52.5,97.04122835,128,0,44.66666667,72.23111056,1530.596354,31.14585604,37458.16667,90810.37346,222823,3,224749,74916.33333,129223.1894,224130,3,223397,111698.5,157153.775,222823,574,0,0,0,0,92,72,17.79763203,13.34822402,0,198,43.0,76.44232186,5843.428571,0,0,0,1,0,0,0,0,0,49.14285714,52.5,44.66666667,92,0,0,0,0,0,0,4,210,3,134,8192,237,3,20,0.0,0.0,0,0,0.0,0.0,0,0,Bot
20,1,1,6,6,6,6,6.0,0.0,6,6,6.0,0.0,600000.0,100000.0,20.0,0.0,20,20,0,0.0,0.0,0,0,0,0.0,0.0,0,0,0,0,0,0,20,20,50000.0,50000.0,6,6,6.0,0.0,0.0,0,0,0,0,1,1,0,0,1,9.0,6.0,6.0,20,0,0,0,0,0,0,1,6,1,6,237,16393,0,20,0.0,0.0,0,0,0.0,0.0,0,0,Bot
72169,4,3,210,134,198,0,52.5,97.04122835,128,0,44.66666667,72.23111056,4766.589532999999,96.99455445,12028.16667,28478.1803,70155,12,72169,24056.33333,40844.62002,71217,44,70713,35356.5,49212.51065,70155,558,0,0,0,0,92,72,55.42545968,41.56909476,0,198,43.0,76.44232186,5843.428571,0,0,0,1,0,0,0,0,0,49.14285714,52.5,44.66666667,92,0,0,0,0,0,0,4,210,3,134,8192,237,3,20,0.0,0.0,0,0,0.0,0.0,0,0,Bot
11,1,1,6,6,6,6,6.0,0.0,6,6,6.0,0.0,1090909.091,181818.1818,11.0,0.0,11,11,0,0.0,0.0,0,0,0,0.0,0.0,0,0,0,0,0,0,20,20,90909.09091,90909.09091,6,6,6.0,0.0,0.0,0,0,0,0,1,0,0,0,1,9.0,6.0,6.0,20,0,0,0,0,0,0,1,6,1,6,16393,237,0,20,0.0,0.0,0,0,0.0,0.0,0,0,Bot
100491,4,3,206,134,194,0,51.5,95.04209594,128,0,44.66666667,72.23111056,3383.387567,69.65797932,16748.5,39831.60444,98051,78,100491,33497.0,57190.25942,99533,78,98708,49354.0,68867.95785,98051,657,0,0,0,0,92,72,39.80455961,29.85341971,0,194,42.5,75.2880184,5668.285714,0,0,0,1,0,0,0,0,0,48.57142857,51.5,44.66666667,92,0,0,0,0,0,0,4,206,3,134,8192,237,3,20,0.0,0.0,0,0,0.0,0.0,0,0,Bot
13,1,1,6,6,6,6,6.0,0.0,6,6,6.0,0.0,923076.9231,153846.1538,13.0,0.0,13,13,0,0.0,0.0,0,0,0,0.0,0.0,0,0,0,0,0,0,20,20,76923.07692,76923.07692,6,6,6.0,0.0,0.0,0,0,0,0,1,1,0,0,1,9.0,6.0,6.0,20,0,0,0,0,0,0,1,6,1,6,237,256,0,20,0.0,0.0,0,0,0.0,0.0,0,0,Bot
88070,4,3,207,134,195,0,51.75,95.54187564,128,0,44.66666667,72.23111056,3871.920064,79.48223004,14678.33333,34898.20062,85911,39,88070,29356.66667,50102.25784,87208,39,86529,43264.5,60311.25869,85911,618,0,0,0,0,92,72,45.41841717,34.06381288,0,195,42.625,75.57576615,5711.696429,0,0,0,1,0,0,0,0,0,48.71428571,51.75,44.66666667,92,0,0,0,0,0,0,4,207,3,134,8192,237,3,20,0.0,0.0,0,0,0.0,0.0,0,0,Bot
47,1,1,6,6,6,6,6.0,0.0,6,6,6.0,0.0,255319.1489,42553.19149,47.0,0.0,47,47,0,0.0,0.0,0,0,0,0.0,0.0,0,0,0,0,0,0,20,20,21276.59574,21276.59574,6,6,6.0,0.0,0.0,0,0,0,0,1,1,0,0,1,9.0,6.0,6.0,20,0,0,0,0,0,0,1,6,1,6,237,256,0,20,0.0,0.0,0,0,0.0,0.0,0,0,Bot
141339,4,3,210,134,198,0,52.5,97.04122835,128,0,44.66666667,72.23111056,2433.86468,49.52631616,23556.5,56744.51171,139384,3,141339,47113.0,81021.68892,140668,3,139943,69971.5,98164.0989,139384,559,0,0,0,0,92,72,28.30075209,21.22556407,0,198,43.0,76.44232186,5843.428571,0,0,0,1,0,0,0,0,0,49.14285714,52.5,44.66666667,92,0,0,0,0,0,0,4,210,3,134,8192,237,3,20,0.0,0.0,0,0,0.0,0.0,0,0,Bot
23,1,1,6,6,6,6,6.0,0.0,6,6,6.0,0.0,521739.1304,86956.52174,23.0,0.0,23,23,0,0.0,0.0,0,0,0,0.0,0.0,0,0,0,0,0,0,20,20,43478.26087,43478.26087,6,6,6.0,0.0,0.0,0,0,0,0,1,1,0,0,1,9.0,6.0,6.0,20,0,0,0,0,0,0,1,6,1,6,237,16393,0,20,0.0,0.0,0,0,0.0,0.0,0,0,Bot
194339,5,4,216,145,198,0,43.2,86.57482313,129,0,36.25,61.96975069,1857.578767,46.31082799,24292.375,67999.42161,192581,4,194339,48584.75,96330.60434,193080,19,193111,64370.33333,111034.0011,192581,4,0,0,0,0,112,92,25.72823777,20.58259022,0,198,36.1,69.16718875,4784.1,0,0,0,1,0,0,0,0,0,40.11111111,43.2,36.25,112,0,0,0,0,0,0,5,216,4,145,8192,237,4,20,0.0,0.0,0,0,0.0,0.0,0,0,Bot
101203,33,51,134342,422,20440,0,4070.969697,4656.430906000001,128,0,8.274509804,17.12083927,1331620.604,830.0149205,1219.313253,9478.942238,86512,0,101203,3162.59375,16284.37772,92394,48,99764,1995.28,12200.5588,86512,0,0,0,0,0,672,1032,326.0772902,503.9376303,0,20440,1585.458824,3496.754868,12200000.0,0,0,0,1,0,0,0,0,1,1604.333333,4070.969697,8.274509804,672,0,0,0,0,0,0,33,134342,51,422,8192,1255,32,20,0.0,0.0,0,0,0.0,0.0,0,0,Bot
19,1,1,6,6,6,6,6.0,0.0,6,6,6.0,0.0,631578.9474,105263.1579,19.0,0.0,19,19,0,0.0,0.0,0,0,0,0.0,0.0,0,0,0,0,0,0,20,20,52631.57895,52631.57895,6,6,6.0,0.0,0.0,0,0,0,0,1,1,0,0,1,9.0,6.0,6.0,20,0,0,0,0,0,0,1,6,1,6,237,16390,0,20,0.0,0.0,0,0,0.0,0.0,0,0,Bot
19,1,1,6,6,6,6,6.0,0.0,6,6,6.0,0.0,631578.9474,105263.1579,19.0,0.0,19,19,0,0.0,0.0,0,0,0,0.0,0.0,0,0,0,0,0,0,20,20,52631.57895,52631.57895,6,6,6.0,0.0,0.0,0,0,0,0,1,1,0,0,1,9.0,6.0,6.0,20,0,0,0,0,0,0,1,6,1,6,1255,16393,0,20,0.0,0.0,0,0,0.0,0.0,0,0,Bot
380099,5,4,212,145,194,0,42.4,84.78679142,129,0,36.25,61.96975069,939.2289903,23.67804177,47512.375,133243.5155,377271,4,380099,95024.75,188481.6909,377746,69,377864,125954.6667,217646.5256,377271,4,0,0,0,0,112,92,13.15446765,10.52357412,0,194,35.7,68.13067509,4641.788889,0,0,0,1,0,0,0,0,0,39.66666667,42.4,36.25,112,0,0,0,0,0,0,5,212,4,145,8192,237,4,20,0.0,0.0,0,0,0.0,0.0,0,0,Bot
243546,22,30,51718,296,7300,0,2350.818182,1874.752724,128,0,9.866666667,22.33866809,213569.5105,213.5120265,4775.411765,32918.16199,235245,1,243546,11597.42857,51938.9866,238276,3,242020,8345.517241,43639.72832,235245,1,0,0,0,0,452,612,90.3320112,123.1800153,0,7300,981.3962264,1666.175473,2776140.705,0,0,0,1,0,0,0,0,1,1000.269231,2350.818182,9.866666667,452,0,0,0,0,0,0,22,51718,30,296,8192,1037,21,20,0.0,0.0,0,0,0.0,0.0,0,0,Bot
8,1,1,6,6,6,6,6.0,0.0,6,6,6.0,0.0,1500000.0,250000.0,8.0,0.0,8,8,0,0.0,0.0,0,0,0,0.0,0.0,0,0,0,0,0,0,20,20,125000.0,125000.0,6,6,6.0,0.0,0.0,0,0,0,0,1,0,0,0,1,9.0,6.0,6.0,20,0,0,0,0,0,0,1,6,1,6,256,1037,0,20,0.0,0.0,0,0,0.0,0.0,0,0,Bot
88,1,1,6,6,6,6,6.0,0.0,6,6,6.0,0.0,136363.6364,22727.27273,88.0,0.0,88,88,0,0.0,0.0,0,0,0,0.0,0.0,0,0,0,0,0,0,20,20,11363.63636,11363.63636,6,6,6.0,0.0,0.0,0,0,0,0,1,1,0,0,1,9.0,6.0,6.0,20,0,0,0,0,0,0,1,6,1,6,237,256,0,20,0.0,0.0,0,0,0.0,0.0,0,0,Bot
224211,5,4,213,145,195,0,42.6,85.23379611,129,0,36.25,61.96975069,1596.710242,40.14076027,28026.375,78410.5385,222081,3,224211,56052.75,111069.3616,222656,48,222640,74213.33333,128057.4542,222081,3,0,0,0,0,112,92,22.30042237,17.840337899999994,0,195,35.8,68.38908295,4677.066667,0,0,0,1,0,0,0,0,0,39.77777778,42.6,36.25,112,0,0,0,0,0,0,5,213,4,145,8192,237,4,20,0.0,0.0,0,0,0.0,0.0,0,0,Bot
89464,27,51,100082,422,16060,0,3706.740741,3372.721711,128,0,8.274509804,17.12083927,1123401.592,871.8590718,1161.87013,8893.62516,78165,0,89464,3440.9230770000013,16189.75097,82809,3,88038,1760.76,11029.68475,78165,0,0,0,0,0,552,1032,301.797371,570.0617007999998,0,16060,1272.202532,2628.471518,6908862.522999999,0,0,0,1,0,0,0,0,1,1288.512821,3706.740741,8.274509804,552,0,0,0,0,0,0,27,100082,51,422,8192,1346,26,20,0.0,0.0,0,0,0.0,0.0,0,0,Bot
25,1,1,6,6,6,6,6.0,0.0,6,6,6.0,0.0,480000.0,80000.0,25.0,0.0,25,25,0,0.0,0.0,0,0,0,0.0,0.0,0,0,0,0,0,0,20,20,40000.0,40000.0,6,6,6.0,0.0,0.0,0,0,0,0,1,1,0,0,1,9.0,6.0,6.0,20,0,0,0,0,0,0,1,6,1,6,237,256,0,20,0.0,0.0,0,0,0.0,0.0,0,0,Bot
68,1,1,6,6,6,6,6.0,0.0,6,6,6.0,0.0,176470.5882,29411.764710000003,68.0,0.0,68,68,0,0.0,0.0,0,0,0,0.0,0.0,0,0,0,0,0,0,20,20,14705.88235,14705.88235,6,6,6.0,0.0,0.0,0,0,0,0,1,1,0,0,1,9.0,6.0,6.0,20,0,0,0,0,0,0,1,6,1,6,1346,256,0,20,0.0,0.0,0,0,0.0,0.0,0,0,Bot
76988,4,3,210,134,198,0,52.5,97.04122835,128,0,44.66666667,72.23111056,4468.228815,90.92326077,12831.33333,30518.87016,75125,12,76988,25662.66667,43839.54519,76283,49,75686,37843.0,52724.71003,75125,561,0,0,0,0,92,72,51.95614901,38.96711176,0,198,43.0,76.44232186,5843.428571,0,0,0,1,0,0,0,0,0,49.14285714,52.5,44.66666667,92,0,0,0,0,0,0,4,210,3,134,8192,237,3,20,0.0,0.0,0,0,0.0,0.0,0,0,Bot
11,1,1,6,6,6,6,6.0,0.0,6,6,6.0,0.0,1090909.091,181818.1818,11.0,0.0,11,11,0,0.0,0.0,0,0,0,0.0,0.0,0,0,0,0,0,0,20,20,90909.09091,90909.09091,6,6,6.0,0.0,0.0,0,0,0,0,1,0,0,0,1,9.0,6.0,6.0,20,0,0,0,0,0,0,1,6,1,6,16393,237,0,20,0.0,0.0,0,0,0.0,0.0,0,0,Bot
103629,4,3,210,134,198,0,52.5,97.04122835,128,0,44.66666667,72.23111056,3319.534107,67.54865916,17271.5,41329.6711,101633,19,103629,34543.0,59182.64574,102880,19,102233,51116.5,71441.11942,101633,600,0,0,0,0,92,72,38.59923381,28.94942535,0,198,43.0,76.44232186,5843.428571,0,0,0,1,0,0,0,0,0,49.14285714,52.5,44.66666667,92,0,0,0,0,0,0,4,210,3,134,8192,237,3,20,0.0,0.0,0,0,0.0,0.0,0,0,Bot
21,1,1,6,6,6,6,6.0,0.0,6,6,6.0,0.0,571428.5714,95238.09524,21.0,0.0,21,21,0,0.0,0.0,0,0,0,0.0,0.0,0,0,0,0,0,0,20,20,47619.04762,47619.04762,6,6,6.0,0.0,0.0,0,0,0,0,1,1,0,0,1,9.0,6.0,6.0,20,0,0,0,0,0,0,1,6,1,6,237,16393,0,20,0.0,0.0,0,0,0.0,0.0,0,0,Bot
87905,4,3,206,134,194,0,51.5,95.04209594,128,0,44.66666667,72.23111056,3867.811842,79.63142028,14650.83333,34832.60367,85749,44,87905,29301.66667,50189.84553,87255,44,86388,43194.0,60181.85815,85749,639,0,0,0,0,92,72,45.50366873,34.12775155,0,194,42.5,75.2880184,5668.285714,0,0,0,1,0,0,0,0,0,48.57142857,51.5,44.66666667,92,0,0,0,0,0,0,4,206,3,134,8192,237,3,20,0.0,0.0,0,0,0.0,0.0,0,0,Bot
225697,5,4,213,140,195,0,42.6,85.23379611,128,0,35.0,62.0644826,1564.043829,39.87647155,28212.125,78847.64585,223349,21,225697,56424.25,111939.7435,224333,21,224360,74786.66667,128658.8013,223349,396,0,0,0,0,112,92,22.15359531,17.72287625,0,195,35.3,68.41710312,4680.9,0,0,0,1,0,0,0,0,0,39.22222222,42.6,35.0,112,0,0,0,0,0,0,5,213,4,140,8192,237,4,20,0.0,0.0,0,0,0.0,0.0,0,0,Bot
71747,4,3,1053,134,1041,0,263.25,518.5077144999998,128,0,44.66666667,72.23111056,16544.24575,97.56505498,11957.83333,28291.39282,69703,18,71747,23915.66667,40920.89633,71166,18,70276,35138.0,48882.29178,69703,573,0,0,0,0,92,72,55.75145999,41.81359499,0,1041,148.375,363.328241,132007.4107,0,0,0,1,0,0,0,0,0,169.5714286,263.25,44.66666667,92,0,0,0,0,0,0,4,1053,3,134,8192,245,3,20,0.0,0.0,0,0,0.0,0.0,0,0,Bot
28,1,1,6,6,6,6,6.0,0.0,6,6,6.0,0.0,428571.4286,71428.57143,28.0,0.0,28,28,0,0.0,0.0,0,0,0,0.0,0.0,0,0,0,0,0,0,20,20,35714.285710000004,35714.285710000004,6,6,6.0,0.0,0.0,0,0,0,0,1,1,0,0,1,9.0,6.0,6.0,20,0,0,0,0,0,0,1,6,1,6,237,256,0,20,0.0,0.0,0,0,0.0,0.0,0,0,Bot
39,1,1,6,6,6,6,6.0,0.0,6,6,6.0,0.0,307692.3077,51282.05128,39.0,0.0,39,39,0,0.0,0.0,0,0,0,0.0,0.0,0,0,0,0,0,0,20,20,25641.02564,25641.02564,6,6,6.0,0.0,0.0,0,0,0,0,1,1,0,0,1,9.0,6.0,6.0,20,0,0,0,0,0,0,1,6,1,6,245,256,0,20,0.0,0.0,0,0,0.0,0.0,0,0,Bot
29,1,1,6,6,6,6,6.0,0.0,6,6,6.0,0.0,413793.1034,68965.51724,29.0,0.0,29,29,0,0.0,0.0,0,0,0,0.0,0.0,0,0,0,0,0,0,20,20,34482.75862,34482.75862,6,6,6.0,0.0,0.0,0,0,0,0,1,1,0,0,1,9.0,6.0,6.0,20,0,0,0,0,0,0,1,6,1,6,237,256,0,20,0.0,0.0,0,0,0.0,0.0,0,0,Bot
75769,4,3,207,134,195,0,51.75,95.54187564,128,0,44.66666667,72.23111056,4500.521321,92.38606818,12628.16667,29869.79025,73596,50,75769,25256.33333,42969.21561,74871,72,74195,37097.5,51616.67371,73596,599,0,0,0,0,92,72,52.79203896,39.59402922,0,195,42.625,75.57576615,5711.696429,0,0,0,1,0,0,0,0,0,48.71428571,51.75,44.66666667,92,0,0,0,0,0,0,4,207,3,134,8192,237,3,20,0.0,0.0,0,0,0.0,0.0,0,0,Bot
15,1,1,6,6,6,6,6.0,0.0,6,6,6.0,0.0,800000.0,133333.3333,15.0,0.0,15,15,0,0.0,0.0,0,0,0,0.0,0.0,0,0,0,0,0,0,20,20,66666.66667,66666.66667,6,6,6.0,0.0,0.0,0,0,0,0,1,1,0,0,1,9.0,6.0,6.0,20,0,0,0,0,0,0,1,6,1,6,237,256,0,20,0.0,0.0,0,0,0.0,0.0,0,0,Bot
91841,4,3,210,134,198,0,52.5,97.04122835,128,0,44.66666667,72.23111056,3745.603815,76.21868229,15306.83333,36435.9712,89678,15,91841,30613.66667,52233.61022,90926,49,90215,45107.5,63032.20558,89678,537,0,0,0,0,92,72,43.55353274,32.66514955,0,198,43.0,76.44232186,5843.428571,0,0,0,1,0,0,0,0,0,49.14285714,52.5,44.66666667,92,0,0,0,0,0,0,4,210,3,134,8192,237,3,20,0.0,0.0,0,0,0.0,0.0,0,0,Bot
23,1,1,6,6,6,6,6.0,0.0,6,6,6.0,0.0,521739.1304,86956.52174,23.0,0.0,23,23,0,0.0,0.0,0,0,0,0.0,0.0,0,0,0,0,0,0,20,20,43478.26087,43478.26087,6,6,6.0,0.0,0.0,0,0,0,0,1,1,0,0,1,9.0,6.0,6.0,20,0,0,0,0,0,0,1,6,1,6,237,16393,0,20,0.0,0.0,0,0,0.0,0.0,0,0,Bot
78304,4,3,210,134,198,0,52.5,97.04122835,128,0,44.66666667,72.23111056,4393.13445,89.39517777,13050.66667,30867.34429,76054,17,78304,26101.33333,44403.10902,77371,17,76632,38316.0,53369.59142,76054,578,0,0,0,0,92,72,51.08295872,38.31221904,0,198,43.0,76.44232186,5843.428571,0,0,0,1,0,0,0,0,0,49.14285714,52.5,44.66666667,92,0,0,0,0,0,0,4,210,3,134,8192,237,3,20,0.0,0.0,0,0,0.0,0.0,0,0,Bot
20,1,1,6,6,6,6,6.0,0.0,6,6,6.0,0.0,600000.0,100000.0,20.0,0.0,20,20,0,0.0,0.0,0,0,0,0.0,0.0,0,0,0,0,0,0,20,20,50000.0,50000.0,6,6,6.0,0.0,0.0,0,0,0,0,1,1,0,0,1,9.0,6.0,6.0,20,0,0,0,0,0,0,1,6,1,6,237,16393,0,20,0.0,0.0,0,0,0.0,0.0,0,0,Bot
96088,4,3,206,134,194,0,51.5,95.04209594,128,0,44.66666667,72.23111056,3538.423112,72.84988759999999,16014.66667,38234.26848,94058,53,96088,32029.33333,54821.81776000001,95331,53,94722,47361.0,66039.53072000001,94058,664,0,0,0,0,92,72,41.6285072,31.2213804,0,194,42.5,75.2880184,5668.285714,0,0,0,1,0,0,0,0,0,48.57142857,51.5,44.66666667,92,0,0,0,0,0,0,4,206,3,134,8192,237,3,20,0.0,0.0,0,0,0.0,0.0,0,0,Bot
210746,5,4,213,145,195,0,42.6,85.23379611,129,0,36.25,61.96975069,1698.727378,42.70543688,26343.25,73671.44952000001,208670,22,210746,52686.5,104556.6974,209521,22,209539,69846.33333,120224.9842,208670,237,0,0,0,0,112,92,23.72524271,18.98019417,0,195,35.8,68.38908295,4677.066667,0,0,0,1,0,0,0,0,0,39.77777778,42.6,36.25,112,0,0,0,0,0,0,5,213,4,145,8192,237,4,20,0.0,0.0,0,0,0.0,0.0,0,0,Bot
27,1,1,6,6,6,6,6.0,0.0,6,6,6.0,0.0,444444.4444,74074.07407,27.0,0.0,27,27,0,0.0,0.0,0,0,0,0.0,0.0,0,0,0,0,0,0,20,20,37037.03704,37037.03704,6,6,6.0,0.0,0.0,0,0,0,0,1,1,0,0,1,9.0,6.0,6.0,20,0,0,0,0,0,0,1,6,1,6,237,256,0,20,0.0,0.0,0,0,0.0,0.0,0,0,Bot
104836,35,80,207930,596,21900,0,5940.857143,7049.469004000001,128,0,7.45,13.6649788,1989068.641,1096.951429,919.6140351,7914.169023,84630,0,104836,3083.411765,15957.30232,93380,7,103495,1310.063291,9501.291146,84630,0,0,0,0,0,712,1612,333.8547827,763.0966462,0,21900,1797.6379309999998,4708.990311,22200000.0,0,0,0,1,0,0,0,0,2,1813.269565,5940.857143,7.45,712,0,0,0,0,0,0,35,207930,80,596,8192,1278,34,20,0.0,0.0,0,0,0.0,0.0,0,0,Bot
63175,4,3,207,134,195,0,51.75,95.54187564,128,0,44.66666667,72.23111056,5397.704788,110.8033241,10529.16667,24746.73886,61039,40,63175,21058.33333,35724.56595,62307,40,61631,30815.5,42742.4836,61039,592,0,0,0,0,92,72,63.31618520000001,47.4871389,0,195,42.625,75.57576615,5711.696429,0,0,0,1,0,0,0,0,0,48.71428571,51.75,44.66666667,92,0,0,0,0,0,0,4,207,3,134,8192,237,3,20,0.0,0.0,0,0,0.0,0.0,0,0,Bot
30,1,1,6,6,6,6,6.0,0.0,6,6,6.0,0.0,400000.0,66666.66667,30.0,0.0,30,30,0,0.0,0.0,0,0,0,0.0,0.0,0,0,0,0,0,0,20,20,33333.33333,33333.33333,6,6,6.0,0.0,0.0,0,0,0,0,1,1,0,0,1,9.0,6.0,6.0,20,0,0,0,0,0,0,1,6,1,6,237,256,0,20,0.0,0.0,0,0,0.0,0.0,0,0,Bot
37,1,1,6,6,6,6,6.0,0.0,6,6,6.0,0.0,324324.3243,54054.05405,37.0,0.0,37,37,0,0.0,0.0,0,0,0,0.0,0.0,0,0,0,0,0,0,20,20,27027.02703,27027.02703,6,6,6.0,0.0,0.0,0,0,0,0,1,1,0,0,1,9.0,6.0,6.0,20,0,0,0,0,0,0,1,6,1,6,237,256,0,20,0.0,0.0,0,0,0.0,0.0,0,0,Bot
100,1,1,6,6,6,6,6.0,0.0,6,6,6.0,0.0,120000.0,20000.0,100.0,0.0,100,100,0,0.0,0.0,0,0,0,0.0,0.0,0,0,0,0,0,0,20,20,10000.0,10000.0,6,6,6.0,0.0,0.0,0,0,0,0,1,1,0,0,1,9.0,6.0,6.0,20,0,0,0,0,0,0,1,6,1,6,1278,256,0,20,0.0,0.0,0,0,0.0,0.0,0,0,Bot
66453,4,3,210,134,198,0,52.5,97.04122835,128,0,44.66666667,72.23111056,5176.590974000001,105.337607,11075.5,26197.17478,64547,3,66453,22151.0,37711.22365,65694,3,65137,32568.5,45224.4284,64547,590,0,0,0,0,92,72,60.1929183,45.14468873,0,198,43.0,76.44232186,5843.428571,0,0,0,1,0,0,0,0,0,49.14285714,52.5,44.66666667,92,0,0,0,0,0,0,4,210,3,134,8192,237,3,20,0.0,0.0,0,0,0.0,0.0,0,0,Bot
20,1,1,6,6,6,6,6.0,0.0,6,6,6.0,0.0,600000.0,100000.0,20.0,0.0,20,20,0,0.0,0.0,0,0,0,0.0,0.0,0,0,0,0,0,0,20,20,50000.0,50000.0,6,6,6.0,0.0,0.0,0,0,0,0,1,1,0,0,1,9.0,6.0,6.0,20,0,0,0,0,0,0,1,6,1,6,237,16393,0,20,0.0,0.0,0,0,0.0,0.0,0,0,Bot
76382,4,3,210,134,198,0,52.5,97.04122835,128,0,44.66666667,72.23111056,4503.678877,91.64462832,12730.33333,30185.78135,74343,11,76382,25460.66667,43275.09658,75428,49,74905,37452.5,52171.04542,74343,562,0,0,0,0,92,72,52.36835904,39.27626928,0,198,43.0,76.44232186,5843.428571,0,0,0,1,0,0,0,0,0,49.14285714,52.5,44.66666667,92,0,0,0,0,0,0,4,210,3,134,8192,237,3,20,0.0,0.0,0,0,0.0,0.0,0,0,Bot
8,1,1,6,6,6,6,6.0,0.0,6,6,6.0,0.0,1500000.0,250000.0,8.0,0.0,8,8,0,0.0,0.0,0,0,0,0.0,0.0,0,0,0,0,0,0,20,20,125000.0,125000.0,6,6,6.0,0.0,0.0,0,0,0,0,1,0,0,0,1,9.0,6.0,6.0,20,0,0,0,0,0,0,1,6,1,6,16393,237,0,20,0.0,0.0,0,0,0.0,0.0,0,0,Bot
79995,4,3,206,134,194,0,51.5,95.04209594,128,0,44.66666667,72.23111056,4250.265642,87.50546909,13332.5,31562.61469,77755,46,79995,26665.0,45607.53915,79327,46,78411,39205.5,54517.22572,77755,656,0,0,0,0,92,72,50.00312520000001,37.5023439,0,194,42.5,75.2880184,5668.285714,0,0,0,1,0,0,0,0,0,48.57142857,51.5,44.66666667,92,0,0,0,0,0,0,4,206,3,134,8192,237,3,20,0.0,0.0,0,0,0.0,0.0,0,0,Bot
82,1,1,6,6,6,6,6.0,0.0,6,6,6.0,0.0,146341.4634,24390.2439,82.0,0.0,82,82,0,0.0,0.0,0,0,0,0.0,0.0,0,0,0,0,0,0,20,20,12195.12195,12195.12195,6,6,6.0,0.0,0.0,0,0,0,0,1,1,0,0,1,9.0,6.0,6.0,20,0,0,0,0,0,0,1,6,1,6,237,256,0,20,0.0,0.0,0,0,0.0,0.0,0,0,Bot
64603,4,3,207,134,195,0,51.75,95.54187564,128,0,44.66666667,72.23111056,5278.392644,108.35410120000002,10767.16667,25282.62086,62370,52,64603,21534.33333,36663.38828,63868,52,62994,31497.0,43661.01531,62370,624,0,0,0,0,92,72,61.91662926,46.43747194,0,195,42.625,75.57576615,5711.696429,0,0,0,1,0,0,0,0,0,48.71428571,51.75,44.66666667,92,0,0,0,0,0,0,4,207,3,134,8192,237,3,20,0.0,0.0,0,0,0.0,0.0,0,0,Bot
75552,4,3,207,134,195,0,51.75,95.54187564,128,0,44.66666667,72.23111056,4513.447692,92.65141889,12592.0,29920.01581,73663,44,75552,25184.0,43130.31328,74986,72,74260,37130.0,51665.46407,73663,597,0,0,0,0,92,72,52.94366794,39.70775095,0,195,42.625,75.57576615,5711.696429,0,0,0,1,0,0,0,0,0,48.71428571,51.75,44.66666667,92,0,0,0,0,0,0,4,207,3,134,8192,237,3,20,0.0,0.0,0,0,0.0,0.0,0,0,Bot
5,1,1,6,6,6,6,6.0,0.0,6,6,6.0,0.0,2400000.0,400000.0,5.0,0.0,5,5,0,0.0,0.0,0,0,0,0.0,0.0,0,0,0,0,0,0,20,20,200000.0,200000.0,6,6,6.0,0.0,0.0,0,0,0,0,1,1,0,0,1,9.0,6.0,6.0,20,0,0,0,0,0,0,1,6,1,6,237,256,0,20,0.0,0.0,0,0,0.0,0.0,0,0,Bot
20,1,1,6,6,6,6,6.0,0.0,6,6,6.0,0.0,600000.0,100000.0,20.0,0.0,20,20,0,0.0,0.0,0,0,0,0.0,0.0,0,0,0,0,0,0,20,20,50000.0,50000.0,6,6,6.0,0.0,0.0,0,0,0,0,1,1,0,0,1,9.0,6.0,6.0,20,0,0,0,0,0,0,1,6,1,6,237,256,0,20,0.0,0.0,0,0,0.0,0.0,0,0,Bot
71705,4,3,210,134,198,0,52.5,97.04122835,128,0,44.66666667,72.23111056,4797.4339310000005,97.62220208,11950.83333,28438.8471,69999,9,71705,23901.66667,40899.04843,71127,48,70572,35286.0,49091.59539,69999,573,0,0,0,0,92,72,55.78411547,41.8380866,0,198,43.0,76.44232186,5843.428571,0,0,0,1,0,0,0,0,0,49.14285714,52.5,44.66666667,92,0,0,0,0,0,0,4,210,3,134,8192,237,3,20,0.0,0.0,0,0,0.0,0.0,0,0,Bot
9,1,1,6,6,6,6,6.0,0.0,6,6,6.0,0.0,1333333.333,222222.2222,9.0,0.0,9,9,0,0.0,0.0,0,0,0,0.0,0.0,0,0,0,0,0,0,20,20,111111.1111,111111.1111,6,6,6.0,0.0,0.0,0,0,0,0,1,0,0,0,1,9.0,6.0,6.0,20,0,0,0,0,0,0,1,6,1,6,16393,237,0,20,0.0,0.0,0,0,0.0,0.0,0,0,Bot
66607,4,3,210,134,198,0,52.5,97.04122835,128,0,44.66666667,72.23111056,5164.622337,105.0940592,11101.16667,26301.55815,64786,17,66607,22202.33333,37828.41733,65881,17,65354,32677.0,45408.98327,64786,568,0,0,0,0,92,72,60.0537481,45.04031108,0,198,43.0,76.44232186,5843.428571,0,0,0,1,0,0,0,0,0,49.14285714,52.5,44.66666667,92,0,0,0,0,0,0,4,210,3,134,8192,237,3,20,0.0,0.0,0,0,0.0,0.0,0,0,Bot
21,1,1,6,6,6,6,6.0,0.0,6,6,6.0,0.0,571428.5714,95238.09524,21.0,0.0,21,21,0,0.0,0.0,0,0,0,0.0,0.0,0,0,0,0,0,0,20,20,47619.04762,47619.04762,6,6,6.0,0.0,0.0,0,0,0,0,1,1,0,0,1,9.0,6.0,6.0,20,0,0,0,0,0,0,1,6,1,6,237,16393,0,20,0.0,0.0,0,0,0.0,0.0,0,0,Bot
72116,4,3,206,134,194,0,51.5,95.04209594,128,0,44.66666667,72.23111056,4714.626435,97.06583837,12019.33333,28299.11127,69778,50,72116,24038.66667,41110.43324,71508,50,70424,35212.0,48883.706,69778,646,0,0,0,0,92,72,55.46619336,41.59964502,0,194,42.5,75.2880184,5668.285714,0,0,0,1,0,0,0,0,0,48.57142857,51.5,44.66666667,92,0,0,0,0,0,0,4,206,3,134,8192,237,3,20,0.0,0.0,0,0,0.0,0.0,0,0,Bot
215071,5,4,214,140,196,0,42.8,85.68080298,128,0,35.0,62.0644826,1645.968076,41.84664599,26883.875,75211.26766,213021,4,215071,53767.75,106565.321,213615,30,213651,71217.0,122806.2602,213021,4,0,0,0,0,112,92,23.24813666,18.59850933,0,196,35.4,68.6766983,4716.488889,0,0,0,1,0,0,0,0,0,39.33333333,42.8,35.0,112,0,0,0,0,0,0,5,214,4,140,8192,237,4,20,0.0,0.0,0,0,0.0,0.0,0,0,Bot
72620,4,3,852,134,840,0,213.0,418.0095693,128,0,44.66666667,72.23111056,13577.52685,96.39217846,12103.33333,28642.82468,70567,60,72620,24206.66667,41278.8594,71870,60,71185,35592.5,49461.41224,70567,618,0,0,0,0,92,72,55.08124484,41.31093363,0,840,123.25,292.90844500000014,85795.35714,0,0,0,1,0,0,0,0,0,140.8571429,213.0,44.66666667,92,0,0,0,0,0,0,4,852,3,134,8192,242,3,20,0.0,0.0,0,0,0.0,0.0,0,0,Bot
84,1,1,6,6,6,6,6.0,0.0,6,6,6.0,0.0,142857.1429,23809.52381,84.0,0.0,84,84,0,0.0,0.0,0,0,0,0.0,0.0,0,0,0,0,0,0,20,20,11904.7619,11904.7619,6,6,6.0,0.0,0.0,0,0,0,0,1,1,0,0,1,9.0,6.0,6.0,20,0,0,0,0,0,0,1,6,1,6,237,256,0,20,0.0,0.0,0,0,0.0,0.0,0,0,Bot
42,1,1,6,6,6,6,6.0,0.0,6,6,6.0,0.0,285714.2857,47619.04762,42.0,0.0,42,42,0,0.0,0.0,0,0,0,0.0,0.0,0,0,0,0,0,0,20,20,23809.52381,23809.52381,6,6,6.0,0.0,0.0,0,0,0,0,1,1,0,0,1,9.0,6.0,6.0,20,0,0,0,0,0,0,1,6,1,6,237,256,0,20,0.0,0.0,0,0,0.0,0.0,0,0,Bot
68031,4,3,207,134,195,0,51.75,95.54187564,128,0,44.66666667,72.23111056,5012.420808,102.8942688,11338.5,26860.72700000001,66165,53,68031,22677.0,38649.36296000001,67304,53,66746,33373.0,46374.89114,66165,581,0,0,0,0,92,72,58.79672502,44.09754377,0,195,42.625,75.57576615,5711.696429,0,0,0,1,0,0,0,0,0,48.71428571,51.75,44.66666667,92,0,0,0,0,0,0,4,207,3,134,8192,237,3,20,0.0,0.0,0,0,0.0,0.0,0,0,Bot
0,1,1,6,6,6,6,6.0,0.0,6,6,6.0,0.0,inf,inf,0.0,0.0,0,0,0,0.0,0.0,0,0,0,0.0,0.0,0,0,0,0,0,0,20,20,0.0,0.0,6,6,6.0,0.0,0.0,0,0,0,0,1,0,0,0,1,9.0,6.0,6.0,20,0,0,0,0,0,0,1,6,1,6,256,237,0,20,0.0,0.0,0,0,0.0,0.0,0,0,Bot
67386,4,3,207,134,195,0,51.75,95.54187564,128,0,44.66666667,72.23111056,5060.3983020000005,103.879144,11231.0,26445.867,65209,35,67386,22462.0,38190.83318,66559,52,65805,32902.5,45688.29045,65209,596,0,0,0,0,92,72,59.35951088,44.51963316,0,195,42.625,75.57576615,5711.696429,0,0,0,1,0,0,0,0,0,48.71428571,51.75,44.66666667,92,0,0,0,0,0,0,4,207,3,134,8192,237,3,20,0.0,0.0,0,0,0.0,0.0,0,0,Bot
9,1,1,6,6,6,6,6.0,0.0,6,6,6.0,0.0,1333333.333,222222.2222,9.0,0.0,9,9,0,0.0,0.0,0,0,0,0.0,0.0,0,0,0,0,0,0,20,20,111111.1111,111111.1111,6,6,6.0,0.0,0.0,0,0,0,0,1,1,0,0,1,9.0,6.0,6.0,20,0,0,0,0,0,0,1,6,1,6,242,256,0,20,0.0,0.0,0,0,0.0,0.0,0,0,Bot
17,1,1,6,6,6,6,6.0,0.0,6,6,6.0,0.0,705882.3529,117647.0588,17.0,0.0,17,17,0,0.0,0.0,0,0,0,0.0,0.0,0,0,0,0,0,0,20,20,58823.52941,58823.52941,6,6,6.0,0.0,0.0,0,0,0,0,1,1,0,0,1,9.0,6.0,6.0,20,0,0,0,0,0,0,1,6,1,6,237,256,0,20,0.0,0.0,0,0,0.0,0.0,0,0,Bot
119329,4,3,210,134,198,0,52.5,97.04122835,128,0,44.66666667,72.23111056,2882.786246,58.66134804,19888.16667,47773.23372,117403,15,119329,39776.33333,68243.29897999999,118576,49,117968,58984.0,82616.9421,117403,565,0,0,0,0,92,72,33.52077031,25.14057773,0,198,43.0,76.44232186,5843.428571,0,0,0,1,0,0,0,0,0,49.14285714,52.5,44.66666667,92,0,0,0,0,0,0,4,210,3,134,8192,237,3,20,0.0,0.0,0,0,0.0,0.0,0,0,Bot
9,1,1,6,6,6,6,6.0,0.0,6,6,6.0,0.0,1333333.333,222222.2222,9.0,0.0,9,9,0,0.0,0.0,0,0,0,0.0,0.0,0,0,0,0,0,0,20,20,111111.1111,111111.1111,6,6,6.0,0.0,0.0,0,0,0,0,1,0,0,0,1,9.0,6.0,6.0,20,0,0,0,0,0,0,1,6,1,6,16393,237,0,20,0.0,0.0,0,0,0.0,0.0,0,0,Bot
80497,4,3,210,134,198,0,52.5,97.04122835,128,0,44.66666667,72.23111056,4273.451185,86.95976248,13416.16667,31948.92725,78629,20,80497,26832.33333,45813.88934,79732,20,79196,39598.0,55198.16955,78629,567,0,0,0,0,92,72,49.69129284,37.26846963,0,198,43.0,76.44232186,5843.428571,0,0,0,1,0,0,0,0,0,49.14285714,52.5,44.66666667,92,0,0,0,0,0,0,4,210,3,134,8192,237,3,20,0.0,0.0,0,0,0.0,0.0,0,0,Bot
21,1,1,6,6,6,6,6.0,0.0,6,6,6.0,0.0,571428.5714,95238.09524,21.0,0.0,21,21,0,0.0,0.0,0,0,0,0.0,0.0,0,0,0,0,0,0,20,20,47619.04762,47619.04762,6,6,6.0,0.0,0.0,0,0,0,0,1,1,0,0,1,9.0,6.0,6.0,20,0,0,0,0,0,0,1,6,1,6,237,16393,0,20,0.0,0.0,0,0,0.0,0.0,0,0,Bot
98124,4,3,206,134,194,0,51.5,95.04209594,128,0,44.66666667,72.23111056,3465.003465,71.33830663,16354.0,38903.30888,95762,110,98124,32708.0,55827.76602,97171,115,96419,48209.5,67249.39042000001,95762,657,0,0,0,0,92,72,40.76474665,30.57355999,0,194,42.5,75.2880184,5668.285714,0,0,0,1,0,0,0,0,0,48.57142857,51.5,44.66666667,92,0,0,0,0,0,0,4,206,3,134,8192,237,3,20,0.0,0.0,0,0,0.0,0.0,0,0,Bot
4,1,1,6,6,6,6,6.0,0.0,6,6,6.0,0.0,3000000.0,500000.0,4.0,0.0,4,4,0,0.0,0.0,0,0,0,0.0,0.0,0,0,0,0,0,0,20,20,250000.0,250000.0,6,6,6.0,0.0,0.0,0,0,0,0,1,1,0,0,1,9.0,6.0,6.0,20,0,0,0,0,0,0,1,6,1,6,237,256,0,20,0.0,0.0,0,0,0.0,0.0,0,0,Bot
347896,5,4,214,145,196,0,42.8,85.68080298,129,0,36.25,61.96975069,1031.917585,25.86980017,43487.0,122068.7544,345591,27,347896,86974.0,172957.7441,346410,27,346406,115468.6667,199291.9042,345591,191,0,0,0,0,112,92,14.37211121,11.49768896,0,196,35.9,68.6479748,4712.544444,0,0,0,1,0,0,0,0,0,39.88888889,42.8,36.25,112,0,0,0,0,0,0,5,214,4,145,8192,237,4,20,0.0,0.0,0,0,0.0,0.0,0,0,Bot
125668,26,44,98274,380,21900,0,3779.769231,4531.473909,128,0,8.636363636,18.43541954,785036.7635,557.0232677,1821.275362,13794.62962,114738,1,125668,5026.72,23694.52142,118755,50,124386,2892.697674,17464.59305,114738,1,0,0,0,0,532,892,206.8943566,350.1289111,0,21900,1389.492958,3268.351034,10700000.0,0,0,0,1,0,0,0,0,1,1409.342857,3779.769231,8.636363636,532,0,0,0,0,0,0,26,98274,44,380,8192,1346,25,20,0.0,0.0,0,0,0.0,0.0,0,0,Bot
164481,4,3,207,134,195,0,51.75,95.54187564,128,0,44.66666667,72.23111056,2073.187785,42.55810702,27413.5,66017.44563999999,162169,51,164481,54827.0,94159.51997,163552,51,162746,81373.0,114262.799,162169,577,0,0,0,0,92,72,24.31891829,18.23918872,0,195,42.625,75.57576615,5711.696429,0,0,0,1,0,0,0,0,0,48.71428571,51.75,44.66666667,92,0,0,0,0,0,0,4,207,3,134,8192,237,3,20,0.0,0.0,0,0,0.0,0.0,0,0,Bot
0,1,1,6,6,6,6,6.0,0.0,6,6,6.0,0.0,inf,inf,0.0,0.0,0,0,0,0.0,0.0,0,0,0,0.0,0.0,0,0,0,0,0,0,20,20,0.0,0.0,6,6,6.0,0.0,0.0,0,0,0,0,1,0,0,0,1,9.0,6.0,6.0,20,0,0,0,0,0,0,1,6,1,6,256,237,0,20,0.0,0.0,0,0,0.0,0.0,0,0,Bot
63200,4,3,207,134,195,0,51.75,95.54187564,128,0,44.66666667,72.23111056,5395.56962,110.7594937,10533.33333,24872.50646,61301,50,63200,21066.66667,35917.88687,62540,72,61906,30953.0,42918.55319,61301,605,0,0,0,0,92,72,63.29113924,47.46835443,0,195,42.625,75.57576615,5711.696429,0,0,0,1,0,0,0,0,0,48.71428571,51.75,44.66666667,92,0,0,0,0,0,0,4,207,3,134,8192,237,3,20,0.0,0.0,0,0,0.0,0.0,0,0,Bot
50,1,1,6,6,6,6,6.0,0.0,6,6,6.0,0.0,240000.0,40000.0,50.0,0.0,50,50,0,0.0,0.0,0,0,0,0.0,0.0,0,0,0,0,0,0,20,20,20000.0,20000.0,6,6,6.0,0.0,0.0,0,0,0,0,1,1,0,0,1,9.0,6.0,6.0,20,0,0,0,0,0,0,1,6,1,6,237,256,0,20,0.0,0.0,0,0,0.0,0.0,0,0,Bot
17,1,1,6,6,6,6,6.0,0.0,6,6,6.0,0.0,705882.3529,117647.0588,17.0,0.0,17,17,0,0.0,0.0,0,0,0,0.0,0.0,0,0,0,0,0,0,20,20,58823.52941,58823.52941,6,6,6.0,0.0,0.0,0,0,0,0,1,1,0,0,1,9.0,6.0,6.0,20,0,0,0,0,0,0,1,6,1,6,1346,256,0,20,0.0,0.0,0,0,0.0,0.0,0,0,Bot
17,1,1,6,6,6,6,6.0,0.0,6,6,6.0,0.0,705882.3529,117647.0588,17.0,0.0,17,17,0,0.0,0.0,0,0,0,0.0,0.0,0,0,0,0,0,0,20,20,58823.52941,58823.52941,6,6,6.0,0.0,0.0,0,0,0,0,1,1,0,0,1,9.0,6.0,6.0,20,0,0,0,0,0,0,1,6,1,6,237,256,0,20,0.0,0.0,0,0,0.0,0.0,0,0,Bot
77521,4,3,210,134,198,0,52.5,97.04122835,128,0,44.66666667,72.23111056,4437.507256,90.29811277,12920.16667,30814.15446,75817,3,77521,25840.33333,44226.93802,76908,3,76375,38187.5,53216.14925,75817,558,0,0,0,0,92,72,51.59892158,38.69919119,0,198,43.0,76.44232186,5843.428571,0,0,0,1,0,0,0,0,0,49.14285714,52.5,44.66666667,92,0,0,0,0,0,0,4,210,3,134,8192,237,3,20,0.0,0.0,0,0,0.0,0.0,0,0,Bot
20,1,1,6,6,6,6,6.0,0.0,6,6,6.0,0.0,600000.0,100000.0,20.0,0.0,20,20,0,0.0,0.0,0,0,0,0.0,0.0,0,0,0,0,0,0,20,20,50000.0,50000.0,6,6,6.0,0.0,0.0,0,0,0,0,1,1,0,0,1,9.0,6.0,6.0,20,0,0,0,0,0,0,1,6,1,6,237,16393,0,20,0.0,0.0,0,0,0.0,0.0,0,0,Bot
78710,4,3,210,134,198,0,52.5,97.04122835,128,0,44.66666667,72.23111056,4370.473892,88.93406175,13118.33333,31158.78352,76718,19,78710,26236.66667,44777.89593,77940,19,77308,38654.0,53830.62504,76718,590,0,0,0,0,92,72,50.81946385,38.11459789,0,198,43.0,76.44232186,5843.428571,0,0,0,1,0,0,0,0,0,49.14285714,52.5,44.66666667,92,0,0,0,0,0,0,4,210,3,134,8192,237,3,20,0.0,0.0,0,0,0.0,0.0,0,0,Bot
22,1,1,6,6,6,6,6.0,0.0,6,6,6.0,0.0,545454.5455,90909.09091,22.0,0.0,22,22,0,0.0,0.0,0,0,0,0.0,0.0,0,0,0,0,0,0,20,20,45454.54545,45454.54545,6,6,6.0,0.0,0.0,0,0,0,0,1,1,0,0,1,9.0,6.0,6.0,20,0,0,0,0,0,0,1,6,1,6,237,16393,0,20,0.0,0.0,0,0,0.0,0.0,0,0,Bot
95248,4,3,206,134,194,0,51.5,95.04209594,128,0,44.66666667,72.23111056,3569.628759,73.49235679,15874.66667,37826.07102,93084,78,95248,31749.33333,54350.5207,94507,78,93737,46868.5,65358.58689,93084,653,0,0,0,0,92,72,41.99563245,31.49672434,0,194,42.5,75.2880184,5668.285714,0,0,0,1,0,0,0,0,0,48.57142857,51.5,44.66666667,92,0,0,0,0,0,0,4,206,3,134,8192,237,3,20,0.0,0.0,0,0,0.0,0.0,0,0,Bot
48,1,1,6,6,6,6,6.0,0.0,6,6,6.0,0.0,250000.0,41666.66667,48.0,0.0,48,48,0,0.0,0.0,0,0,0,0.0,0.0,0,0,0,0,0,0,20,20,20833.33333,20833.33333,6,6,6.0,0.0,0.0,0,0,0,0,1,1,0,0,1,9.0,6.0,6.0,20,0,0,0,0,0,0,1,6,1,6,237,256,0,20,0.0,0.0,0,0,0.0,0.0,0,0,Bot
68142,4,3,208,134,196,0,52.0,96.04165763,128,0,44.66666667,72.23111056,5018.931056,102.726659,11357.0,26951.35978000001,66369,65,68142,22714.0,38803.05118,67519,65,66977,33488.5,46500.04904,66369,608,0,0,0,0,92,72,58.70094802,44.02571102,0,196,42.75,75.86407017,5755.357143,0,0,0,1,0,0,0,0,0,48.85714286,52.0,44.66666667,92,0,0,0,0,0,0,4,208,3,134,8192,237,3,20,0.0,0.0,0,0,0.0,0.0,0,0,Bot
0,1,1,6,6,6,6,6.0,0.0,6,6,6.0,0.0,inf,inf,0.0,0.0,0,0,0,0.0,0.0,0,0,0,0.0,0.0,0,0,0,0,0,0,20,20,0.0,0.0,6,6,6.0,0.0,0.0,0,0,0,0,1,0,0,0,1,9.0,6.0,6.0,20,0,0,0,0,0,0,1,6,1,6,256,237,0,20,0.0,0.0,0,0,0.0,0.0,0,0,Bot
66218,4,3,207,134,195,0,51.75,95.54187564,128,0,44.66666667,72.23111056,5149.657193,105.711438,11036.33333,25918.29018,63937,21,66218,22072.66667,37551.26574,65431,21,64608,32304.0,44735.81762,63937,671,0,0,0,0,92,72,60.40653599,45.30490199,0,195,42.625,75.57576615,5711.696429,0,0,0,1,0,0,0,0,0,48.71428571,51.75,44.66666667,92,0,0,0,0,0,0,4,207,3,134,8192,237,3,20,0.0,0.0,0,0,0.0,0.0,0,0,Bot
75681,4,3,207,134,195,0,51.75,95.54187564,128,0,44.66666667,72.23111056,4505.754417,92.49349242,12613.5,30023.53596,73896,49,75681,25227.0,43278.22336,75200,70,74496,37248.0,51828.09863,73896,600,0,0,0,0,92,72,52.85342424,39.64006818,0,195,42.625,75.57576615,5711.696429,0,0,0,1,0,0,0,0,0,48.71428571,51.75,44.66666667,92,0,0,0,0,0,0,4,207,3,134,8192,237,3,20,0.0,0.0,0,0,0.0,0.0,0,0,Bot
112603,4,3,207,134,195,0,51.75,95.54187564,128,0,44.66666667,72.23111056,3028.338499,62.16530643,18767.16667,45027.3016,110677,23,112603,37534.33333,64401.66737,111898,23,111288,55644.0,77828.41498,110677,611,0,0,0,0,92,72,35.52303225,26.64227418,0,195,42.625,75.57576615,5711.696429,0,0,0,1,0,0,0,0,0,48.71428571,51.75,44.66666667,92,0,0,0,0,0,0,4,207,3,134,8192,237,3,20,0.0,0.0,0,0,0.0,0.0,0,0,Bot
35,1,1,6,6,6,6,6.0,0.0,6,6,6.0,0.0,342857.1429,57142.85714,35.0,0.0,35,35,0,0.0,0.0,0,0,0,0.0,0.0,0,0,0,0,0,0,20,20,28571.42857,28571.42857,6,6,6.0,0.0,0.0,0,0,0,0,1,1,0,0,1,9.0,6.0,6.0,20,0,0,0,0,0,0,1,6,1,6,237,256,0,20,0.0,0.0,0,0,0.0,0.0,0,0,Bot
49,1,1,6,6,6,6,6.0,0.0,6,6,6.0,0.0,244897.9592,40816.32653,49.0,0.0,49,49,0,0.0,0.0,0,0,0,0.0,0.0,0,0,0,0,0,0,20,20,20408.16327,20408.16327,6,6,6.0,0.0,0.0,0,0,0,0,1,1,0,0,1,9.0,6.0,6.0,20,0,0,0,0,0,0,1,6,1,6,237,256,0,20,0.0,0.0,0,0,0.0,0.0,0,0,Bot
32,1,1,6,6,6,6,6.0,0.0,6,6,6.0,0.0,375000.0,62500.0,32.0,0.0,32,32,0,0.0,0.0,0,0,0,0.0,0.0,0,0,0,0,0,0,20,20,31250.0,31250.0,6,6,6.0,0.0,0.0,0,0,0,0,1,1,0,0,1,9.0,6.0,6.0,20,0,0,0,0,0,0,1,6,1,6,237,256,0,20,0.0,0.0,0,0,0.0,0.0,0,0,Bot
84603,4,3,210,134,198,0,52.5,97.04122835,128,0,44.66666667,72.23111056,4066.049667,82.73938276,14100.5,33741.357339999995,82973,19,84603,28201.0,48370.64251000001,84054,49,83540,41770.0,58269.84141,82973,567,0,0,0,0,92,72,47.27964729,35.45973547,0,198,43.0,76.44232186,5843.428571,0,0,0,1,0,0,0,0,0,49.14285714,52.5,44.66666667,92,0,0,0,0,0,0,4,210,3,134,8192,237,3,20,0.0,0.0,0,0,0.0,0.0,0,0,Bot
4,1,1,6,6,6,6,6.0,0.0,6,6,6.0,0.0,3000000.0,500000.0,4.0,0.0,4,4,0,0.0,0.0,0,0,0,0.0,0.0,0,0,0,0,0,0,20,20,250000.0,250000.0,6,6,6.0,0.0,0.0,0,0,0,0,1,1,0,0,1,9.0,6.0,6.0,20,0,0,0,0,0,0,1,6,1,6,237,16393,0,20,0.0,0.0,0,0,0.0,0.0,0,0,Bot
85637,4,3,210,134,198,0,52.5,97.04122835,128,0,44.66666667,72.23111056,4016.955288,81.74036923,14272.83333,34062.35303,83800,18,85637,28545.66667,48854.5144,84957,49,84361,42180.5,58858.86136,83800,561,0,0,0,0,92,72,46.70878242,35.03158681,0,198,43.0,76.44232186,5843.428571,0,0,0,1,0,0,0,0,0,49.14285714,52.5,44.66666667,92,0,0,0,0,0,0,4,210,3,134,8192,237,3,20,0.0,0.0,0,0,0.0,0.0,0,0,Bot
4,1,1,6,6,6,6,6.0,0.0,6,6,6.0,0.0,3000000.0,500000.0,4.0,0.0,4,4,0,0.0,0.0,0,0,0,0.0,0.0,0,0,0,0,0,0,20,20,250000.0,250000.0,6,6,6.0,0.0,0.0,0,0,0,0,1,1,0,0,1,9.0,6.0,6.0,20,0,0,0,0,0,0,1,6,1,6,237,16393,0,20,0.0,0.0,0,0,0.0,0.0,0,0,Bot
163341,4,3,206,134,194,0,51.5,95.04209594,128,0,44.66666667,72.23111056,2081.534948,42.85513129,27223.5,65609.79822000001,161147,75,163341,54447.0,93727.68785,162674,75,161800,80900.0,113486.3957,161147,653,0,0,0,0,92,72,24.48864645,18.36648484,0,194,42.5,75.2880184,5668.285714,0,0,0,1,0,0,0,0,0,48.57142857,51.5,44.66666667,92,0,0,0,0,0,0,4,206,3,134,8192,237,3,20,0.0,0.0,0,0,0.0,0.0,0,0,Bot
6,1,1,6,6,6,6,6.0,0.0,6,6,6.0,0.0,2000000.0,333333.3333,6.0,0.0,6,6,0,0.0,0.0,0,0,0,0.0,0.0,0,0,0,0,0,0,20,20,166666.6667,166666.6667,6,6,6.0,0.0,0.0,0,0,0,0,1,1,0,0,1,9.0,6.0,6.0,20,0,0,0,0,0,0,1,6,1,6,237,256,0,20,0.0,0.0,0,0,0.0,0.0,0,0,Bot
106856,4,3,208,134,196,0,52.0,96.04165763,128,0,44.66666667,72.23111056,3200.56899,65.50872202,17809.33333,42647.79969,104862,65,106856,35618.66667,61159.48743,106239,65,105676,52838.0,73573.04637000001,104862,814,0,0,0,0,92,72,37.43355544,28.07516658,0,196,42.75,75.86407017,5755.357143,0,0,0,1,0,0,0,0,0,48.85714286,52.0,44.66666667,92,0,0,0,0,0,0,4,208,3,134,8192,237,3,20,0.0,0.0,0,0,0.0,0.0,0,0,Bot
103323,4,3,207,134,195,0,51.75,95.54187564,128,0,44.66666667,72.23111056,3300.330033,67.74871035,17220.5,41240.22396,101400,56,103323,34441.0,59010.9484,102580,56,102011,51005.5,71268.58537,101400,611,0,0,0,0,92,72,38.71354877,29.03516158,0,195,42.625,75.57576615,5711.696429,0,0,0,1,0,0,0,0,0,48.71428571,51.75,44.66666667,92,0,0,0,0,0,0,4,207,3,134,8192,237,3,20,0.0,0.0,0,0,0.0,0.0,0,0,Bot
68229,4,3,207,134,195,0,51.75,95.54187564,128,0,44.66666667,72.23111056,4997.874804,102.5956705,11371.5,26763.03916,65997,54,68229,22743.0,38563.67681,67270,71,66601,33300.5,46239.83374,65997,604,0,0,0,0,92,72,58.62609741,43.96957306,0,195,42.625,75.57576615,5711.696429,0,0,0,1,0,0,0,0,0,48.71428571,51.75,44.66666667,92,0,0,0,0,0,0,4,207,3,134,8192,237,3,20,0.0,0.0,0,0,0.0,0.0,0,0,Bot
40,1,1,6,6,6,6,6.0,0.0,6,6,6.0,0.0,300000.0,50000.0,40.0,0.0,40,40,0,0.0,0.0,0,0,0,0.0,0.0,0,0,0,0,0,0,20,20,25000.0,25000.0,6,6,6.0,0.0,0.0,0,0,0,0,1,1,0,0,1,9.0,6.0,6.0,20,0,0,0,0,0,0,1,6,1,6,237,256,0,20,0.0,0.0,0,0,0.0,0.0,0,0,Bot
4,1,1,6,6,6,6,6.0,0.0,6,6,6.0,0.0,3000000.0,500000.0,4.0,0.0,4,4,0,0.0,0.0,0,0,0,0.0,0.0,0,0,0,0,0,0,20,20,250000.0,250000.0,6,6,6.0,0.0,0.0,0,0,0,0,1,1,0,0,1,9.0,6.0,6.0,20,0,0,0,0,0,0,1,6,1,6,237,256,0,20,0.0,0.0,0,0,0.0,0.0,0,0,Bot
21,1,1,6,6,6,6,6.0,0.0,6,6,6.0,0.0,571428.5714,95238.09524,21.0,0.0,21,21,0,0.0,0.0,0,0,0,0.0,0.0,0,0,0,0,0,0,20,20,47619.04762,47619.04762,6,6,6.0,0.0,0.0,0,0,0,0,1,1,0,0,1,9.0,6.0,6.0,20,0,0,0,0,0,0,1,6,1,6,237,256,0,20,0.0,0.0,0,0,0.0,0.0,0,0,Bot
124557,4,3,210,134,198,0,52.5,97.04122835,128,0,44.66666667,72.23111056,2761.787776,56.19916986,20759.5,49996.9667,122814,16,124557,41519.0,71352.36296,123909,49,123383,61691.5,86440.26847000001,122814,569,0,0,0,0,92,72,32.11381135,24.08535851,0,198,43.0,76.44232186,5843.428571,0,0,0,1,0,0,0,0,0,49.14285714,52.5,44.66666667,92,0,0,0,0,0,0,4,210,3,134,8192,237,3,20,0.0,0.0,0,0,0.0,0.0,0,0,Bot
11,1,1,6,6,6,6,6.0,0.0,6,6,6.0,0.0,1090909.091,181818.1818,11.0,0.0,11,11,0,0.0,0.0,0,0,0,0.0,0.0,0,0,0,0,0,0,20,20,90909.09091,90909.09091,6,6,6.0,0.0,0.0,0,0,0,0,1,1,0,0,1,9.0,6.0,6.0,20,0,0,0,0,0,0,1,6,1,6,237,16393,0,20,0.0,0.0,0,0,0.0,0.0,0,0,Bot
108611,4,3,210,134,198,0,52.5,97.04122835,128,0,44.66666667,72.23111056,3167.2666670000003,64.45019381,18101.83333,43471.01028,106835,18,108611,36203.66667,62105.41978,107916,49,107402,53701.0,75142.82342,106835,567,0,0,0,0,92,72,36.82868218,27.62151163,0,198,43.0,76.44232186,5843.428571,0,0,0,1,0,0,0,0,0,49.14285714,52.5,44.66666667,92,0,0,0,0,0,0,4,210,3,134,8192,237,3,20,0.0,0.0,0,0,0.0,0.0,0,0,Bot
3,1,1,6,6,6,6,6.0,0.0,6,6,6.0,0.0,4000000.0,666666.6667,3.0,0.0,3,3,0,0.0,0.0,0,0,0,0.0,0.0,0,0,0,0,0,0,20,20,333333.3333,333333.3333,6,6,6.0,0.0,0.0,0,0,0,0,1,1,0,0,1,9.0,6.0,6.0,20,0,0,0,0,0,0,1,6,1,6,237,16393,0,20,0.0,0.0,0,0,0.0,0.0,0,0,Bot
105130,4,3,206,134,194,0,51.5,95.04209594,128,0,44.66666667,72.23111056,3234.091125,66.58422905,17521.66667,41845.86624,102936,57,105130,35043.33333,60132.78692000001,104478,57,103590,51795.0,72324.29579,102936,654,0,0,0,0,92,72,38.04813089,28.53609816,0,194,42.5,75.2880184,5668.285714,0,0,0,1,0,0,0,0,0,48.57142857,51.5,44.66666667,92,0,0,0,0,0,0,4,206,3,134,8192,237,3,20,0.0,0.0,0,0,0.0,0.0,0,0,Bot
53,1,1,6,6,6,6,6.0,0.0,6,6,6.0,0.0,226415.0943,37735.84906,53.0,0.0,53,53,0,0.0,0.0,0,0,0,0.0,0.0,0,0,0,0,0,0,20,20,18867.92453,18867.92453,6,6,6.0,0.0,0.0,0,0,0,0,1,1,0,0,1,9.0,6.0,6.0,20,0,0,0,0,0,0,1,6,1,6,237,256,0,20,0.0,0.0,0,0,0.0,0.0,0,0,Bot
98300,4,3,208,134,196,0,52.0,96.04165763,128,0,44.66666667,72.23111056,3479.145473,71.21057986,16383.33333,39275.40695,96552,66,98300,32766.66667,56341.56591000001,97824,66,97171,48585.5,67834.87484,96552,619,0,0,0,0,92,72,40.69175992,30.51881994,0,196,42.75,75.86407017,5755.357143,0,0,0,1,0,0,0,0,0,48.85714286,52.0,44.66666667,92,0,0,0,0,0,0,4,208,3,134,8192,237,3,20,0.0,0.0,0,0,0.0,0.0,0,0,Bot
126283,4,3,207,134,195,0,51.75,95.54187564,128,0,44.66666667,72.23111056,2700.284282,55.43105564,21047.16667,50381.02666,123884,52,126283,42094.33333,72143.28511,125397,52,124486,62243.0,87173.5382,123884,602,0,0,0,0,92,72,31.67488894,23.7561667,0,195,42.625,75.57576615,5711.696429,0,0,0,1,0,0,0,0,0,48.71428571,51.75,44.66666667,92,0,0,0,0,0,0,4,207,3,134,8192,237,3,20,0.0,0.0,0,0,0.0,0.0,0,0,Bot
16,1,1,6,6,6,6,6.0,0.0,6,6,6.0,0.0,750000.0,125000.0,16.0,0.0,16,16,0,0.0,0.0,0,0,0,0.0,0.0,0,0,0,0,0,0,20,20,62500.0,62500.0,6,6,6.0,0.0,0.0,0,0,0,0,1,1,0,0,1,9.0,6.0,6.0,20,0,0,0,0,0,0,1,6,1,6,237,256,0,20,0.0,0.0,0,0,0.0,0.0,0,0,Bot
48,1,1,6,6,6,6,6.0,0.0,6,6,6.0,0.0,250000.0,41666.66667,48.0,0.0,48,48,0,0.0,0.0,0,0,0,0.0,0.0,0,0,0,0,0,0,20,20,20833.33333,20833.33333,6,6,6.0,0.0,0.0,0,0,0,0,1,1,0,0,1,9.0,6.0,6.0,20,0,0,0,0,0,0,1,6,1,6,237,256,0,20,0.0,0.0,0,0,0.0,0.0,0,0,Bot
88782,4,3,207,134,195,0,51.75,95.54187564,128,0,44.66666667,72.23111056,3840.868645000001,78.84481089,14797.0,35202.937139999995,86651,40,88782,29594.0,50710.00805,88148,40,87243,43621.5,60852.90248,86651,592,0,0,0,0,92,72,45.05417765,33.79063324,0,195,42.625,75.57576615,5711.696429,0,0,0,1,0,0,0,0,0,48.71428571,51.75,44.66666667,92,0,0,0,0,0,0,4,207,3,134,8192,237,3,20,0.0,0.0,0,0,0.0,0.0,0,0,Bot
51,1,1,6,6,6,6,6.0,0.0,6,6,6.0,0.0,235294.1176,39215.68627,51.0,0.0,51,51,0,0.0,0.0,0,0,0,0.0,0.0,0,0,0,0,0,0,20,20,19607.84314,19607.84314,6,6,6.0,0.0,0.0,0,0,0,0,1,1,0,0,1,9.0,6.0,6.0,20,0,0,0,0,0,0,1,6,1,6,237,256,0,20,0.0,0.0,0,0,0.0,0.0,0,0,Bot
109483,4,3,210,134,198,0,52.5,97.04122835,128,0,44.66666667,72.23111056,3142.040317,63.93686691,18247.16667,43772.32719,107595,15,109483,36494.33333,62677.11966,108867,45,108162,54081.0,75680.22458,107595,567,0,0,0,0,92,72,36.53535252,27.40151439,0,198,43.0,76.44232186,5843.428571,0,0,0,1,0,0,0,0,0,49.14285714,52.5,44.66666667,92,0,0,0,0,0,0,4,210,3,134,8192,237,3,20,0.0,0.0,0,0,0.0,0.0,0,0,Bot
0,1,1,6,6,6,6,6.0,0.0,6,6,6.0,0.0,inf,inf,0.0,0.0,0,0,0,0.0,0.0,0,0,0,0.0,0.0,0,0,0,0,0,0,20,20,0.0,0.0,6,6,6.0,0.0,0.0,0,0,0,0,1,1,0,0,1,9.0,6.0,6.0,20,0,0,0,0,0,0,1,6,1,6,237,16393,0,20,0.0,0.0,0,0,0.0,0.0,0,0,Bot
92460,4,3,210,134,198,0,52.5,97.04122835,128,0,44.66666667,72.23111056,3720.527796,75.70841445,15410.0,36864.36047,90657,17,92460,30820.0,52777.50152,91761,17,91234,45617.0,63696.17885,90657,577,0,0,0,0,92,72,43.26195111,32.44646334,0,198,43.0,76.44232186,5843.428571,0,0,0,1,0,0,0,0,0,49.14285714,52.5,44.66666667,92,0,0,0,0,0,0,4,210,3,134,8192,237,3,20,0.0,0.0,0,0,0.0,0.0,0,0,Bot
19,1,1,6,6,6,6,6.0,0.0,6,6,6.0,0.0,631578.9474,105263.1579,19.0,0.0,19,19,0,0.0,0.0,0,0,0,0.0,0.0,0,0,0,0,0,0,20,20,52631.57895,52631.57895,6,6,6.0,0.0,0.0,0,0,0,0,1,1,0,0,1,9.0,6.0,6.0,20,0,0,0,0,0,0,1,6,1,6,237,16393,0,20,0.0,0.0,0,0,0.0,0.0,0,0,Bot
113620,4,3,206,134,194,0,51.5,95.04209594,128,0,44.66666667,72.23111056,2992.43091,61.60887168,18936.66667,45268.6603,111337,47,113620,37873.33333,65066.45343,113005,47,111923,55961.5,78312.78312000001,111337,586,0,0,0,0,92,72,35.20506953,26.40380215,0,194,42.5,75.2880184,5668.285714,0,0,0,1,0,0,0,0,0,48.57142857,51.5,44.66666667,92,0,0,0,0,0,0,4,206,3,134,8192,237,3,20,0.0,0.0,0,0,0.0,0.0,0,0,Bot
44,1,1,6,6,6,6,6.0,0.0,6,6,6.0,0.0,272727.2727,45454.54545,44.0,0.0,44,44,0,0.0,0.0,0,0,0,0.0,0.0,0,0,0,0,0,0,20,20,22727.27273,22727.27273,6,6,6.0,0.0,0.0,0,0,0,0,1,1,0,0,1,9.0,6.0,6.0,20,0,0,0,0,0,0,1,6,1,6,237,256,0,20,0.0,0.0,0,0,0.0,0.0,0,0,Bot
65156,4,3,208,134,196,0,52.0,96.04165763,128,0,44.66666667,72.23111056,5248.941003,107.434465,10859.33333,25623.02632,63159,65,65156,21718.66667,36945.48709,64378,65,63794,31897.0,44211.14439,63159,635,0,0,0,0,92,72,61.39112284,46.04334213,0,196,42.75,75.86407017,5755.357143,0,0,0,1,0,0,0,0,0,48.85714286,52.0,44.66666667,92,0,0,0,0,0,0,4,208,3,134,8192,237,3,20,0.0,0.0,0,0,0.0,0.0,0,0,Bot
59186,4,3,207,134,195,0,51.75,95.54187564,128,0,44.66666667,72.23111056,5761.497651,118.2712128,9864.333333,23281.46033,57384,53,59186,19728.66667,33726.53294,58672,53,57996,28998.0,40143.86618000001,57384,612,0,0,0,0,92,72,67.58355016,50.68766262,0,195,42.625,75.57576615,5711.696429,0,0,0,1,0,0,0,0,0,48.71428571,51.75,44.66666667,92,0,0,0,0,0,0,4,207,3,134,8192,237,3,20,0.0,0.0,0,0,0.0,0.0,0,0,Bot
17,1,1,6,6,6,6,6.0,0.0,6,6,6.0,0.0,705882.3529,117647.0588,17.0,0.0,17,17,0,0.0,0.0,0,0,0,0.0,0.0,0,0,0,0,0,0,20,20,58823.52941,58823.52941,6,6,6.0,0.0,0.0,0,0,0,0,1,1,0,0,1,9.0,6.0,6.0,20,0,0,0,0,0,0,1,6,1,6,237,256,0,20,0.0,0.0,0,0,0.0,0.0,0,0,Bot
32,1,1,6,6,6,6,6.0,0.0,6,6,6.0,0.0,375000.0,62500.0,32.0,0.0,32,32,0,0.0,0.0,0,0,0,0.0,0.0,0,0,0,0,0,0,20,20,31250.0,31250.0,6,6,6.0,0.0,0.0,0,0,0,0,1,1,0,0,1,9.0,6.0,6.0,20,0,0,0,0,0,0,1,6,1,6,237,256,0,20,0.0,0.0,0,0,0.0,0.0,0,0,Bot
73494,4,3,207,134,195,0,51.75,95.54187564,128,0,44.66666667,72.23111056,4639.834543999999,95.24587041,12249.0,29023.59083,71490,40,73494,24498.0,41817.22682,72783,40,72085,36042.5,50130.33525,71490,595,0,0,0,0,92,72,54.42621166,40.81965875,0,195,42.625,75.57576615,5711.696429,0,0,0,1,0,0,0,0,0,48.71428571,51.75,44.66666667,92,0,0,0,0,0,0,4,207,3,134,8192,237,3,20,0.0,0.0,0,0,0.0,0.0,0,0,Bot
51,1,1,6,6,6,6,6.0,0.0,6,6,6.0,0.0,235294.1176,39215.68627,51.0,0.0,51,51,0,0.0,0.0,0,0,0,0.0,0.0,0,0,0,0,0,0,20,20,19607.84314,19607.84314,6,6,6.0,0.0,0.0,0,0,0,0,1,1,0,0,1,9.0,6.0,6.0,20,0,0,0,0,0,0,1,6,1,6,237,256,0,20,0.0,0.0,0,0,0.0,0.0,0,0,Bot
76713,4,3,210,134,198,0,52.5,97.04122835,128,0,44.66666667,72.23111056,4484.246477000001,91.24920157,12785.5,30511.68493,75065,4,76713,25571.0,43842.41162,76195,4,75597,37798.5,52702.78972,75065,532,0,0,0,0,92,72,52.1424009,39.10680067,0,198,43.0,76.44232186,5843.428571,0,0,0,1,0,0,0,0,0,49.14285714,52.5,44.66666667,92,0,0,0,0,0,0,4,210,3,134,8192,237,3,20,0.0,0.0,0,0,0.0,0.0,0,0,Bot
21,1,1,6,6,6,6,6.0,0.0,6,6,6.0,0.0,571428.5714,95238.09524,21.0,0.0,21,21,0,0.0,0.0,0,0,0,0.0,0.0,0,0,0,0,0,0,20,20,47619.04762,47619.04762,6,6,6.0,0.0,0.0,0,0,0,0,1,1,0,0,1,9.0,6.0,6.0,20,0,0,0,0,0,0,1,6,1,6,237,16393,0,20,0.0,0.0,0,0,0.0,0.0,0,0,Bot
150491,4,3,210,134,198,0,52.5,97.04122835,128,0,44.66666667,72.23111056,2285.850981,46.5144095,25081.83333,60470.038,148514,18,150491,50163.66667,86089.5472,149570,18,149049,74524.5,104636.9544,148514,535,0,0,0,0,92,72,26.57966257,19.93474693,0,198,43.0,76.44232186,5843.428571,0,0,0,1,0,0,0,0,0,49.14285714,52.5,44.66666667,92,0,0,0,0,0,0,4,210,3,134,8192,237,3,20,0.0,0.0,0,0,0.0,0.0,0,0,Bot
20,1,1,6,6,6,6,6.0,0.0,6,6,6.0,0.0,600000.0,100000.0,20.0,0.0,20,20,0,0.0,0.0,0,0,0,0.0,0.0,0,0,0,0,0,0,20,20,50000.0,50000.0,6,6,6.0,0.0,0.0,0,0,0,0,1,1,0,0,1,9.0,6.0,6.0,20,0,0,0,0,0,0,1,6,1,6,237,16393,0,20,0.0,0.0,0,0,0.0,0.0,0,0,Bot
70760,4,3,206,134,194,0,51.5,95.04209594,128,0,44.66666667,72.23111056,4804.974561999999,98.92594686,11793.33333,27707.86213,68346,37,70760,23586.66667,40053.631,69834,37,68909,34454.5,47929.81895,68346,563,0,0,0,0,92,72,56.52911249,42.39683437,0,194,42.5,75.2880184,5668.285714,0,0,0,1,0,0,0,0,0,48.57142857,51.5,44.66666667,92,0,0,0,0,0,0,4,206,3,134,8192,237,3,20,0.0,0.0,0,0,0.0,0.0,0,0,Bot
72716,4,3,208,134,196,0,52.0,96.04165763,128,0,44.66666667,72.23111056,4703.229,96.26492106,12119.33333,28714.61652,70730,57,72716,24238.66667,41338.61723,71971,57,71362,35681.0,49566.77115,70730,632,0,0,0,0,92,72,55.00852632,41.25639474,0,196,42.75,75.86407017,5755.357143,0,0,0,1,0,0,0,0,0,48.85714286,52.0,44.66666667,92,0,0,0,0,0,0,4,208,3,134,8192,237,3,20,0.0,0.0,0,0,0.0,0.0,0,0,Bot
70258,4,3,207,134,195,0,51.75,95.54187564,128,0,44.66666667,72.23111056,4853.53981,99.63278203,11709.66667,27772.28942,68397,22,70258,23419.33333,39964.63705,69565,22,68994,34497.0,47941.83976,68397,597,0,0,0,0,92,72,56.93301829999999,42.69976373,0,195,42.625,75.57576615,5711.696429,0,0,0,1,0,0,0,0,0,48.71428571,51.75,44.66666667,92,0,0,0,0,0,0,4,207,3,134,8192,237,3,20,0.0,0.0,0,0,0.0,0.0,0,0,Bot
20,1,1,6,6,6,6,6.0,0.0,6,6,6.0,0.0,600000.0,100000.0,20.0,0.0,20,20,0,0.0,0.0,0,0,0,0.0,0.0,0,0,0,0,0,0,20,20,50000.0,50000.0,6,6,6.0,0.0,0.0,0,0,0,0,1,1,0,0,1,9.0,6.0,6.0,20,0,0,0,0,0,0,1,6,1,6,237,256,0,20,0.0,0.0,0,0,0.0,0.0,0,0,Bot
29,1,1,6,6,6,6,6.0,0.0,6,6,6.0,0.0,413793.1034,68965.51724,29.0,0.0,29,29,0,0.0,0.0,0,0,0,0.0,0.0,0,0,0,0,0,0,20,20,34482.75862,34482.75862,6,6,6.0,0.0,0.0,0,0,0,0,1,1,0,0,1,9.0,6.0,6.0,20,0,0,0,0,0,0,1,6,1,6,237,256,0,20,0.0,0.0,0,0,0.0,0.0,0,0,Bot
72432,4,3,207,134,195,0,51.75,95.54187564,128,0,44.66666667,72.23111056,4707.863928,96.64236801,12072.0,28676.88807,70606,41,72432,24144.0,41274.81088000001,71803,41,71207,35603.5,49501.01022,70606,601,0,0,0,0,92,72,55.22421029,41.41815772,0,195,42.625,75.57576615,5711.696429,0,0,0,1,0,0,0,0,0,48.71428571,51.75,44.66666667,92,0,0,0,0,0,0,4,207,3,134,8192,237,3,20,0.0,0.0,0,0,0.0,0.0,0,0,Bot
48,1,1,6,6,6,6,6.0,0.0,6,6,6.0,0.0,250000.0,41666.66667,48.0,0.0,48,48,0,0.0,0.0,0,0,0,0.0,0.0,0,0,0,0,0,0,20,20,20833.33333,20833.33333,6,6,6.0,0.0,0.0,0,0,0,0,1,1,0,0,1,9.0,6.0,6.0,20,0,0,0,0,0,0,1,6,1,6,237,256,0,20,0.0,0.0,0,0,0.0,0.0,0,0,Bot
32,1,1,6,6,6,6,6.0,0.0,6,6,6.0,0.0,375000.0,62500.0,32.0,0.0,32,32,0,0.0,0.0,0,0,0,0.0,0.0,0,0,0,0,0,0,20,20,31250.0,31250.0,6,6,6.0,0.0,0.0,0,0,0,0,1,1,0,0,1,9.0,6.0,6.0,20,0,0,0,0,0,0,1,6,1,6,237,256,0,20,0.0,0.0,0,0,0.0,0.0,0,0,Bot
69516,4,3,210,134,198,0,52.5,97.04122835,128,0,44.66666667,72.23111056,4948.501065,100.6962426,11586.0,27352.30829,67415,39,69516,23172.0,39401.61506,68667,49,68069,34034.5,47207.15582,67415,654,0,0,0,0,92,72,57.54071005,43.15553254,0,198,43.0,76.44232186,5843.428571,0,0,0,1,0,0,0,0,0,49.14285714,52.5,44.66666667,92,0,0,0,0,0,0,4,210,3,134,8192,237,3,20,0.0,0.0,0,0,0.0,0.0,0,0,Bot
23,1,1,6,6,6,6,6.0,0.0,6,6,6.0,0.0,521739.1304,86956.52174,23.0,0.0,23,23,0,0.0,0.0,0,0,0,0.0,0.0,0,0,0,0,0,0,20,20,43478.26087,43478.26087,6,6,6.0,0.0,0.0,0,0,0,0,1,1,0,0,1,9.0,6.0,6.0,20,0,0,0,0,0,0,1,6,1,6,237,16393,0,20,0.0,0.0,0,0,0.0,0.0,0,0,Bot
63093,4,3,206,134,194,0,51.5,95.04209594,128,0,44.66666667,72.23111056,5388.870398,110.9473317,10515.5,24682.26976,60894,82,63093,21031.0,35683.675639999994,62233,82,61544,30772.0,42598.94093,60894,650,0,0,0,0,92,72,63.39847527,47.54885645,0,194,42.5,75.2880184,5668.285714,0,0,0,1,0,0,0,0,0,48.57142857,51.5,44.66666667,92,0,0,0,0,0,0,4,206,3,134,8192,237,3,20,0.0,0.0,0,0,0.0,0.0,0,0,Bot
65209,4,3,208,134,196,0,52.0,96.04165763,128,0,44.66666667,72.23111056,5244.674814999999,107.3471453,10868.16667,25530.67525,62978,48,65209,21736.33333,36825.60458,64256,48,63594,31797.0,44096.59309,62978,616,0,0,0,0,92,72,61.3412259,46.00591943,0,196,42.75,75.86407017,5755.357143,0,0,0,1,0,0,0,0,0,48.85714286,52.0,44.66666667,92,0,0,0,0,0,0,4,208,3,134,8192,237,3,20,0.0,0.0,0,0,0.0,0.0,0,0,Bot
84,1,1,6,6,6,6,6.0,0.0,6,6,6.0,0.0,142857.1429,23809.52381,84.0,0.0,84,84,0,0.0,0.0,0,0,0,0.0,0.0,0,0,0,0,0,0,20,20,11904.7619,11904.7619,6,6,6.0,0.0,0.0,0,0,0,0,1,1,0,0,1,9.0,6.0,6.0,20,0,0,0,0,0,0,1,6,1,6,237,256,0,20,0.0,0.0,0,0,0.0,0.0,0,0,Bot
82549,4,3,207,134,195,0,51.75,95.54187564,128,0,44.66666667,72.23111056,4130.879841,84.7981199,13758.16667,32856.89819,80825,22,82549,27516.33333,47222.04352,82043,22,81458,40729.0,56704.307,80825,633,0,0,0,0,92,72,48.45606852,36.34205139,0,195,42.625,75.57576615,5711.696429,0,0,0,1,0,0,0,0,0,48.71428571,51.75,44.66666667,92,0,0,0,0,0,0,4,207,3,134,8192,237,3,20,0.0,0.0,0,0,0.0,0.0,0,0,Bot
67211,4,3,207,134,195,0,51.75,95.54187564,128,0,44.66666667,72.23111056,5073.574266,104.1496184,11201.83333,26586.66464,65469,40,67211,22403.66667,38334.73616,66668,40,66039,33019.5,45890.52299,65469,570,0,0,0,0,92,72,59.51406764,44.63555073,0,195,42.625,75.57576615,5711.696429,0,0,0,1,0,0,0,0,0,48.71428571,51.75,44.66666667,92,0,0,0,0,0,0,4,207,3,134,8192,237,3,20,0.0,0.0,0,0,0.0,0.0,0,0,Bot
17,1,1,6,6,6,6,6.0,0.0,6,6,6.0,0.0,705882.3529,117647.0588,17.0,0.0,17,17,0,0.0,0.0,0,0,0,0.0,0.0,0,0,0,0,0,0,20,20,58823.52941,58823.52941,6,6,6.0,0.0,0.0,0,0,0,0,1,1,0,0,1,9.0,6.0,6.0,20,0,0,0,0,0,0,1,6,1,6,237,256,0,20,0.0,0.0,0,0,0.0,0.0,0,0,Bot
49,1,1,6,6,6,6,6.0,0.0,6,6,6.0,0.0,244897.9592,40816.32653,49.0,0.0,49,49,0,0.0,0.0,0,0,0,0.0,0.0,0,0,0,0,0,0,20,20,20408.16327,20408.16327,6,6,6.0,0.0,0.0,0,0,0,0,1,1,0,0,1,9.0,6.0,6.0,20,0,0,0,0,0,0,1,6,1,6,237,256,0,20,0.0,0.0,0,0,0.0,0.0,0,0,Bot
31,1,1,6,6,6,6,6.0,0.0,6,6,6.0,0.0,387096.7742,64516.12903,31.0,0.0,31,31,0,0.0,0.0,0,0,0,0.0,0.0,0,0,0,0,0,0,20,20,32258.06452,32258.06452,6,6,6.0,0.0,0.0,0,0,0,0,1,1,0,0,1,9.0,6.0,6.0,20,0,0,0,0,0,0,1,6,1,6,237,256,0,20,0.0,0.0,0,0,0.0,0.0,0,0,Bot
72828,4,3,210,134,198,0,52.5,97.04122835,128,0,44.66666667,72.23111056,4723.458011,96.11687812,12138.0,28926.59173,71182,18,72828,24276.0,41562.25411,72267,18,71737,35868.5,49940.83063,71182,555,0,0,0,0,92,72,54.92393036,41.19294777,0,198,43.0,76.44232186,5843.428571,0,0,0,1,0,0,0,0,0,49.14285714,52.5,44.66666667,92,0,0,0,0,0,0,4,210,3,134,8192,237,3,20,0.0,0.0,0,0,0.0,0.0,0,0,Bot
21,1,1,6,6,6,6,6.0,0.0,6,6,6.0,0.0,571428.5714,95238.09524,21.0,0.0,21,21,0,0.0,0.0,0,0,0,0.0,0.0,0,0,0,0,0,0,20,20,47619.04762,47619.04762,6,6,6.0,0.0,0.0,0,0,0,0,1,1,0,0,1,9.0,6.0,6.0,20,0,0,0,0,0,0,1,6,1,6,237,16393,0,20,0.0,0.0,0,0,0.0,0.0,0,0,Bot
87869,4,3,206,134,194,0,51.5,95.04209594,128,0,44.66666667,72.23111056,3869.396488,79.66404534,14644.83333,34775.32016,85626,45,87869,29289.66667,50126.76391,87170,45,86307,43153.5,60065.18553,85626,681,0,0,0,0,92,72,45.52231162,34.14173372,0,194,42.5,75.2880184,5668.285714,0,0,0,1,0,0,0,0,0,48.57142857,51.5,44.66666667,92,0,0,0,0,0,0,4,206,3,134,8192,237,3,20,0.0,0.0,0,0,0.0,0.0,0,0,Bot
95,1,1,6,6,6,6,6.0,0.0,6,6,6.0,0.0,126315.7895,21052.63158,95.0,0.0,95,95,0,0.0,0.0,0,0,0,0.0,0.0,0,0,0,0,0,0,20,20,10526.31579,10526.31579,6,6,6.0,0.0,0.0,0,0,0,0,1,1,0,0,1,9.0,6.0,6.0,20,0,0,0,0,0,0,1,6,1,6,237,256,0,20,0.0,0.0,0,0,0.0,0.0,0,0,Bot
123108,4,3,208,134,196,0,52.0,96.04165763,128,0,44.66666667,72.23111056,2778.048543,56.86064269,20518.0,49342.31534,121236,35,123108,41036.0,70571.14607,122524,35,121872,60936.0,85277.07781,121236,636,0,0,0,0,92,72,32.49179582,24.36884687,0,196,42.75,75.86407017,5755.357143,0,0,0,1,0,0,0,0,0,48.85714286,52.0,44.66666667,92,0,0,0,0,0,0,4,208,3,134,8192,237,3,20,0.0,0.0,0,0,0.0,0.0,0,0,Bot
154385,4,3,207,134,195,0,51.75,95.54187564,128,0,44.66666667,72.23111056,2208.763805,45.34119247,25730.83333,61972.10842,152229,53,154385,51461.66667,88489.60918,153640,53,152830,76415.0,107217.187,152229,601,0,0,0,0,92,72,25.90925284,19.43193963,0,195,42.625,75.57576615,5711.696429,0,0,0,1,0,0,0,0,0,48.71428571,51.75,44.66666667,92,0,0,0,0,0,0,4,207,3,134,8192,237,3,20,0.0,0.0,0,0,0.0,0.0,0,0,Bot
70987,4,3,207,134,195,0,51.75,95.54187564,128,0,44.66666667,72.23111056,4803.696451,98.60960458,11831.16667,28014.24536,69012,45,70987,23662.33333,40343.08988,70245,45,69608,34804.0,48377.41754,69012,596,0,0,0,0,92,72,56.34834547,42.2612591,0,195,42.625,75.57576615,5711.696429,0,0,0,1,0,0,0,0,0,48.71428571,51.75,44.66666667,92,0,0,0,0,0,0,4,207,3,134,8192,237,3,20,0.0,0.0,0,0,0.0,0.0,0,0,Bot
49,1,1,6,6,6,6,6.0,0.0,6,6,6.0,0.0,244897.9592,40816.32653,49.0,0.0,49,49,0,0.0,0.0,0,0,0,0.0,0.0,0,0,0,0,0,0,20,20,20408.16327,20408.16327,6,6,6.0,0.0,0.0,0,0,0,0,1,1,0,0,1,9.0,6.0,6.0,20,0,0,0,0,0,0,1,6,1,6,237,256,0,20,0.0,0.0,0,0,0.0,0.0,0,0,Bot
33,1,1,6,6,6,6,6.0,0.0,6,6,6.0,0.0,363636.3636,60606.06061,33.0,0.0,33,33,0,0.0,0.0,0,0,0,0.0,0.0,0,0,0,0,0,0,20,20,30303.0303,30303.0303,6,6,6.0,0.0,0.0,0,0,0,0,1,1,0,0,1,9.0,6.0,6.0,20,0,0,0,0,0,0,1,6,1,6,237,256,0,20,0.0,0.0,0,0,0.0,0.0,0,0,Bot
39,1,1,6,6,6,6,6.0,0.0,6,6,6.0,0.0,307692.3077,51282.05128,39.0,0.0,39,39,0,0.0,0.0,0,0,0,0.0,0.0,0,0,0,0,0,0,20,20,25641.02564,25641.02564,6,6,6.0,0.0,0.0,0,0,0,0,1,1,0,0,1,9.0,6.0,6.0,20,0,0,0,0,0,0,1,6,1,6,237,256,0,20,0.0,0.0,0,0,0.0,0.0,0,0,Bot
88032,4,3,208,134,196,0,52.0,96.04165763,128,0,44.66666667,72.23111056,3884.950927,79.51653944,14672.0,34931.54677,85973,60,88032,29344.0,50188.84928,87296,60,86588,43294.0,60357.22063,85973,615,0,0,0,0,92,72,45.43802254,34.0785169,0,196,42.75,75.86407017,5755.357143,0,0,0,1,0,0,0,0,0,48.85714286,52.0,44.66666667,92,0,0,0,0,0,0,4,208,3,134,8192,237,3,20,0.0,0.0,0,0,0.0,0.0,0,0,Bot
64859,4,3,207,134,195,0,51.75,95.54187564,128,0,44.66666667,72.23111056,5257.558704,107.926425,10809.83333,25252.68937,62351,39,64859,21619.66667,36771.6753,64078,39,63227,31613.5,43469.38937,62351,876,0,0,0,0,92,72,61.67224287,46.25418215,0,195,42.625,75.57576615,5711.696429,0,0,0,1,0,0,0,0,0,48.71428571,51.75,44.66666667,92,0,0,0,0,0,0,4,207,3,134,8192,237,3,20,0.0,0.0,0,0,0.0,0.0,0,0,Bot
12,1,1,6,6,6,6,6.0,0.0,6,6,6.0,0.0,1000000.0,166666.6667,12.0,0.0,12,12,0,0.0,0.0,0,0,0,0.0,0.0,0,0,0,0,0,0,20,20,83333.33333,83333.33333,6,6,6.0,0.0,0.0,0,0,0,0,1,1,0,0,1,9.0,6.0,6.0,20,0,0,0,0,0,0,1,6,1,6,237,256,0,20,0.0,0.0,0,0,0.0,0.0,0,0,Bot
36,1,1,6,6,6,6,6.0,0.0,6,6,6.0,0.0,333333.3333,55555.55556,36.0,0.0,36,36,0,0.0,0.0,0,0,0,0.0,0.0,0,0,0,0,0,0,20,20,27777.77778,27777.77778,6,6,6.0,0.0,0.0,0,0,0,0,1,1,0,0,1,9.0,6.0,6.0,20,0,0,0,0,0,0,1,6,1,6,237,256,0,20,0.0,0.0,0,0,0.0,0.0,0,0,Bot
80608,4,3,208,134,196,0,52.0,96.04165763,128,0,44.66666667,72.23111056,4242.755062,86.84001588,13434.66667,31939.94339,78629,31,80608,26869.33333,45984.83951000001,79967,31,79261,39630.5,55152.20761000001,78629,632,0,0,0,0,92,72,49.62286622,37.21714966,0,196,42.75,75.86407017,5755.357143,0,0,0,1,0,0,0,0,0,48.85714286,52.0,44.66666667,92,0,0,0,0,0,0,4,208,3,134,8192,237,3,20,0.0,0.0,0,0,0.0,0.0,0,0,Bot
96553,4,3,207,134,195,0,51.75,95.54187564,128,0,44.66666667,72.23111056,3531.7390450000003,72.49904198,16092.16667,33007.55839,82708,21,96553,32184.33333,55134.48621,95847,21,83304,41652.0,58061.95202,82708,596,0,0,0,0,92,72,41.42802399,31.07101799,0,195,42.625,75.57576615,5711.696429,0,0,0,1,0,0,0,0,0,48.71428571,51.75,44.66666667,92,0,0,0,0,0,0,4,207,3,134,8192,237,3,20,0.0,0.0,0,0,0.0,0.0,0,0,Bot
45,1,1,6,6,6,6,6.0,0.0,6,6,6.0,0.0,266666.6667,44444.44444,45.0,0.0,45,45,0,0.0,0.0,0,0,0,0.0,0.0,0,0,0,0,0,0,20,20,22222.22222,22222.22222,6,6,6.0,0.0,0.0,0,0,0,0,1,1,0,0,1,9.0,6.0,6.0,20,0,0,0,0,0,0,1,6,1,6,237,256,0,20,0.0,0.0,0,0,0.0,0.0,0,0,Bot
49,1,1,6,6,6,6,6.0,0.0,6,6,6.0,0.0,244897.9592,40816.32653,49.0,0.0,49,49,0,0.0,0.0,0,0,0,0.0,0.0,0,0,0,0,0,0,20,20,20408.16327,20408.16327,6,6,6.0,0.0,0.0,0,0,0,0,1,1,0,0,1,9.0,6.0,6.0,20,0,0,0,0,0,0,1,6,1,6,237,256,0,20,0.0,0.0,0,0,0.0,0.0,0,0,Bot
65268,4,3,208,134,196,0,52.0,96.04165763,128,0,44.66666667,72.23111056,5239.933811,107.25010729999998,10878.0,25584.07059,63097,107,65268,21756.0,36962.95769,64436,145,63693,31846.5,44194.88093,63097,596,0,0,0,0,92,72,61.28577557,45.96433168,0,196,42.75,75.86407017,5755.357143,0,0,0,1,0,0,0,0,0,48.85714286,52.0,44.66666667,92,0,0,0,0,0,0,4,208,3,134,8192,237,3,20,0.0,0.0,0,0,0.0,0.0,0,0,Bot
70,1,1,6,6,6,6,6.0,0.0,6,6,6.0,0.0,171428.5714,28571.42857,70.0,0.0,70,70,0,0.0,0.0,0,0,0,0.0,0.0,0,0,0,0,0,0,20,20,14285.71429,14285.71429,6,6,6.0,0.0,0.0,0,0,0,0,1,1,0,0,1,9.0,6.0,6.0,20,0,0,0,0,0,0,1,6,1,6,237,256,0,20,0.0,0.0,0,0,0.0,0.0,0,0,Bot
67154,4,3,207,134,195,0,51.75,95.54187564,128,0,44.66666667,72.23111056,5077.880692,104.2380201,11192.33333,26362.07863,64999,57,67154,22384.66667,38161.97616000001,66449,57,65584,32792.0,45547.5762,64999,585,0,0,0,0,92,72,59.56458290000001,44.67343717,0,195,42.625,75.57576615,5711.696429,0,0,0,1,0,0,0,0,0,48.71428571,51.75,44.66666667,92,0,0,0,0,0,0,4,207,3,134,8192,237,3,20,0.0,0.0,0,0,0.0,0.0,0,0,Bot
64865,4,3,208,134,196,0,52.0,96.04165763,128,0,44.66666667,72.23111056,5272.489016,107.9164418,10810.83333,25525.2573,62911,27,64865,21621.66667,36772.67281,64081,27,63512,31756.0,44059.82354,62911,601,0,0,0,0,92,72,61.66653819,46.24990365,0,196,42.75,75.86407017,5755.357143,0,0,0,1,0,0,0,0,0,48.85714286,52.0,44.66666667,92,0,0,0,0,0,0,4,208,3,134,8192,237,3,20,0.0,0.0,0,0,0.0,0.0,0,0,Bot
41,1,1,6,6,6,6,6.0,0.0,6,6,6.0,0.0,292682.9268,48780.4878,41.0,0.0,41,41,0,0.0,0.0,0,0,0,0.0,0.0,0,0,0,0,0,0,20,20,24390.2439,24390.2439,6,6,6.0,0.0,0.0,0,0,0,0,1,1,0,0,1,9.0,6.0,6.0,20,0,0,0,0,0,0,1,6,1,6,237,256,0,20,0.0,0.0,0,0,0.0,0.0,0,0,Bot
3,1,1,6,6,6,6,6.0,0.0,6,6,6.0,0.0,4000000.0,666666.6667,3.0,0.0,3,3,0,0.0,0.0,0,0,0,0.0,0.0,0,0,0,0,0,0,20,20,333333.3333,333333.3333,6,6,6.0,0.0,0.0,0,0,0,0,1,1,0,0,1,9.0,6.0,6.0,20,0,0,0,0,0,0,1,6,1,6,237,256,0,20,0.0,0.0,0,0,0.0,0.0,0,0,Bot
131933,4,3,208,134,196,0,52.0,96.04165763,128,0,44.66666667,72.23111056,2592.224841,53.0572336,21988.83333,52779.26258,129722,33,131933,43977.66667,75413.13898999999,131056,33,130338,65169.0,91291.72809,129722,616,0,0,0,0,92,72,30.3184192,22.738814399999995,0,196,42.75,75.86407017,5755.357143,0,0,0,1,0,0,0,0,0,48.85714286,52.0,44.66666667,92,0,0,0,0,0,0,4,208,3,134,8192,237,3,20,0.0,0.0,0,0,0.0,0.0,0,0,Bot
88,1,1,6,6,6,6,6.0,0.0,6,6,6.0,0.0,136363.6364,22727.27273,88.0,0.0,88,88,0,0.0,0.0,0,0,0,0.0,0.0,0,0,0,0,0,0,20,20,11363.63636,11363.63636,6,6,6.0,0.0,0.0,0,0,0,0,1,1,0,0,1,9.0,6.0,6.0,20,0,0,0,0,0,0,1,6,1,6,237,256,0,20,0.0,0.0,0,0,0.0,0.0,0,0,Bot
63550,4,3,210,134,198,0,52.5,97.04122835,128,0,44.66666667,72.23111056,5413.060582,110.1494886,10591.66667,25119.53019,61864,18,63550,21183.33333,36199.68449,62982,18,62397,31198.5,43367.566,61864,533,0,0,0,0,92,72,62.94256491,47.20692368,0,198,43.0,76.44232186,5843.428571,0,0,0,1,0,0,0,0,0,49.14285714,52.5,44.66666667,92,0,0,0,0,0,0,4,210,3,134,8192,237,3,20,0.0,0.0,0,0,0.0,0.0,0,0,Bot
19,1,1,6,6,6,6,6.0,0.0,6,6,6.0,0.0,631578.9474,105263.1579,19.0,0.0,19,19,0,0.0,0.0,0,0,0,0.0,0.0,0,0,0,0,0,0,20,20,52631.57895,52631.57895,6,6,6.0,0.0,0.0,0,0,0,0,1,1,0,0,1,9.0,6.0,6.0,20,0,0,0,0,0,0,1,6,1,6,237,16393,0,20,0.0,0.0,0,0,0.0,0.0,0,0,Bot
92733,4,3,210,134,198,0,52.5,97.04122835,128,0,44.66666667,72.23111056,3709.574801,75.48553374,15455.5,37023.1434,91027,41,92733,30911.0,53000.57897,92110,41,91597,45798.5,63962.75811,91027,570,0,0,0,0,92,72,43.13459071,32.35094303,0,198,43.0,76.44232186,5843.428571,0,0,0,1,0,0,0,0,0,49.14285714,52.5,44.66666667,92,0,0,0,0,0,0,4,210,3,134,8192,237,3,20,0.0,0.0,0,0,0.0,0.0,0,0,Bot
21,1,1,6,6,6,6,6.0,0.0,6,6,6.0,0.0,571428.5714,95238.09524,21.0,0.0,21,21,0,0.0,0.0,0,0,0,0.0,0.0,0,0,0,0,0,0,20,20,47619.04762,47619.04762,6,6,6.0,0.0,0.0,0,0,0,0,1,1,0,0,1,9.0,6.0,6.0,20,0,0,0,0,0,0,1,6,1,6,237,16393,0,20,0.0,0.0,0,0,0.0,0.0,0,0,Bot
92772,4,3,206,134,194,0,51.5,95.04209594,128,0,44.66666667,72.23111056,3664.898892,75.45380072,15462.0,36701.46817,90375,66,92772,30924.0,52787.36262,91876,66,91048,45524.0,63428.89249,90375,673,0,0,0,0,92,72,43.11645755,32.33734316,0,194,42.5,75.2880184,5668.285714,0,0,0,1,0,0,0,0,0,48.57142857,51.5,44.66666667,92,0,0,0,0,0,0,4,206,3,134,8192,237,3,20,0.0,0.0,0,0,0.0,0.0,0,0,Bot
95,1,1,6,6,6,6,6.0,0.0,6,6,6.0,0.0,126315.7895,21052.63158,95.0,0.0,95,95,0,0.0,0.0,0,0,0,0.0,0.0,0,0,0,0,0,0,20,20,10526.31579,10526.31579,6,6,6.0,0.0,0.0,0,0,0,0,1,1,0,0,1,9.0,6.0,6.0,20,0,0,0,0,0,0,1,6,1,6,237,256,0,20,0.0,0.0,0,0,0.0,0.0,0,0,Bot
67862,4,3,207,134,195,0,51.75,95.54187564,128,0,44.66666667,72.23111056,5024.903481,103.1505113,11310.33333,26767.82661,65947,38,67862,22620.66667,38582.08379,67170,38,66548,33274.0,46206.59972,65947,601,0,0,0,0,92,72,58.94314933,44.207362,0,195,42.625,75.57576615,5711.696429,0,0,0,1,0,0,0,0,0,48.71428571,51.75,44.66666667,92,0,0,0,0,0,0,4,207,3,134,8192,237,3,20,0.0,0.0,0,0,0.0,0.0,0,0,Bot
50,1,1,6,6,6,6,6.0,0.0,6,6,6.0,0.0,240000.0,40000.0,50.0,0.0,50,50,0,0.0,0.0,0,0,0,0.0,0.0,0,0,0,0,0,0,20,20,20000.0,20000.0,6,6,6.0,0.0,0.0,0,0,0,0,1,1,0,0,1,9.0,6.0,6.0,20,0,0,0,0,0,0,1,6,1,6,237,256,0,20,0.0,0.0,0,0,0.0,0.0,0,0,Bot
73909,4,3,207,134,195,0,51.75,95.54187564,128,0,44.66666667,72.23111056,4613.7818130000005,94.71106361,12318.16667,28087.89085,69608,4,73909,24636.33333,42035.56238,73173,4,70330,35165.0,48709.75773000001,69608,722,0,0,0,0,92,72,54.12060777,40.59045583,0,195,42.625,75.57576615,5711.696429,0,0,0,1,0,0,0,0,0,48.71428571,51.75,44.66666667,92,0,0,0,0,0,0,4,207,3,134,8192,237,3,20,0.0,0.0,0,0,0.0,0.0,0,0,Bot
70,1,1,6,6,6,6,6.0,0.0,6,6,6.0,0.0,171428.5714,28571.42857,70.0,0.0,70,70,0,0.0,0.0,0,0,0,0.0,0.0,0,0,0,0,0,0,20,20,14285.71429,14285.71429,6,6,6.0,0.0,0.0,0,0,0,0,1,1,0,0,1,9.0,6.0,6.0,20,0,0,0,0,0,0,1,6,1,6,237,256,0,20,0.0,0.0,0,0,0.0,0.0,0,0,Bot
85927,4,3,207,134,195,0,51.75,95.54187564,128,0,44.66666667,72.23111056,3968.484877,81.46449894,14321.16667,33900.1177,83515,21,85927,28642.33333,48792.81018,84981,21,84112,42056.0,58631.88008,83515,597,0,0,0,0,92,72,46.55114225,34.91335669,0,195,42.625,75.57576615,5711.696429,0,0,0,1,0,0,0,0,0,48.71428571,51.75,44.66666667,92,0,0,0,0,0,0,4,207,3,134,8192,237,3,20,0.0,0.0,0,0,0.0,0.0,0,0,Bot
33,1,1,6,6,6,6,6.0,0.0,6,6,6.0,0.0,363636.3636,60606.06061,33.0,0.0,33,33,0,0.0,0.0,0,0,0,0.0,0.0,0,0,0,0,0,0,20,20,30303.0303,30303.0303,6,6,6.0,0.0,0.0,0,0,0,0,1,1,0,0,1,9.0,6.0,6.0,20,0,0,0,0,0,0,1,6,1,6,237,256,0,20,0.0,0.0,0,0,0.0,0.0,0,0,Bot
77357,4,3,208,134,196,0,52.0,96.04165763,128,0,44.66666667,72.23111056,4421.060796,90.48954846,12892.83333,30575.08433,75301,25,77357,25785.66667,43997.57998,76588,25,75928,37964.0,52802.49178,75301,627,0,0,0,0,92,72,51.7083134,38.78123505,0,196,42.75,75.86407017,5755.357143,0,0,0,1,0,0,0,0,0,48.85714286,52.0,44.66666667,92,0,0,0,0,0,0,4,208,3,134,8192,237,3,20,0.0,0.0,0,0,0.0,0.0,0,0,Bot
40,1,1,6,6,6,6,6.0,0.0,6,6,6.0,0.0,300000.0,50000.0,40.0,0.0,40,40,0,0.0,0.0,0,0,0,0.0,0.0,0,0,0,0,0,0,20,20,25000.0,25000.0,6,6,6.0,0.0,0.0,0,0,0,0,1,1,0,0,1,9.0,6.0,6.0,20,0,0,0,0,0,0,1,6,1,6,237,256,0,20,0.0,0.0,0,0,0.0,0.0,0,0,Bot
220688,5,4,216,145,198,0,43.2,86.57482313,129,0,36.25,61.96975069,1635.793518,40.78155586,27586.0,77282.76562,218850,11,220688,55172.0,109474.9619,219384,85,219420,73140.0,126188.8591,218850,11,0,0,0,0,112,92,22.65641992,18.12513594,0,198,36.1,69.16718875,4784.1,0,0,0,1,0,0,0,0,0,40.11111111,43.2,36.25,112,0,0,0,0,0,0,5,216,4,145,8192,237,4,20,0.0,0.0,0,0,0.0,0.0,0,0,Bot
82819,19,31,73351,302,13140,0,3860.578947,3449.112822,128,0,9.741935484,21.97417839,889324.9134,603.7261981,1690.183673,10165.00391,71359,1,82819,4601.055556,17995.94787,76700,48,81511,2717.033333,12971.10154,71359,1,0,0,0,0,392,632,229.41595530000004,374.3102428,0,13140,1444.176471,2796.289153,7819233.028,0,0,0,1,0,0,0,0,1,1473.06,3860.578947,9.741935484,392,0,0,0,0,0,0,19,73351,31,302,8192,1278,18,20,0.0,0.0,0,0,0.0,0.0,0,0,Bot
0,1,1,6,6,6,6,6.0,0.0,6,6,6.0,0.0,inf,inf,0.0,0.0,0,0,0,0.0,0.0,0,0,0,0.0,0.0,0,0,0,0,0,0,20,20,0.0,0.0,6,6,6.0,0.0,0.0,0,0,0,0,1,1,0,0,1,9.0,6.0,6.0,20,0,0,0,0,0,0,1,6,1,6,237,16390,0,20,0.0,0.0,0,0,0.0,0.0,0,0,Bot
19,1,1,6,6,6,6,6.0,0.0,6,6,6.0,0.0,631578.9474,105263.1579,19.0,0.0,19,19,0,0.0,0.0,0,0,0,0.0,0.0,0,0,0,0,0,0,20,20,52631.57895,52631.57895,6,6,6.0,0.0,0.0,0,0,0,0,1,1,0,0,1,9.0,6.0,6.0,20,0,0,0,0,0,0,1,6,1,6,1278,16393,0,20,0.0,0.0,0,0,0.0,0.0,0,0,Bot
80292,4,3,210,134,198,0,52.5,97.04122835,128,0,44.66666667,72.23111056,4284.362078,87.18178648,13382.0,31967.77078000001,78634,15,80292,26764.0,45861.85366,79720,49,79202,39601.0,55200.99797999999,78634,568,0,0,0,0,92,72,49.81816370000001,37.36362278,0,198,43.0,76.44232186,5843.428571,0,0,0,1,0,0,0,0,0,49.14285714,52.5,44.66666667,92,0,0,0,0,0,0,4,210,3,134,8192,237,3,20,0.0,0.0,0,0,0.0,0.0,0,0,Bot
3,1,1,6,6,6,6,6.0,0.0,6,6,6.0,0.0,4000000.0,666666.6667,3.0,0.0,3,3,0,0.0,0.0,0,0,0,0.0,0.0,0,0,0,0,0,0,20,20,333333.3333,333333.3333,6,6,6.0,0.0,0.0,0,0,0,0,1,1,0,0,1,9.0,6.0,6.0,20,0,0,0,0,0,0,1,6,1,6,237,16393,0,20,0.0,0.0,0,0,0.0,0.0,0,0,Bot
78794,4,3,210,134,198,0,52.5,97.04122835,128,0,44.66666667,72.23111056,4365.8146560000005,88.83925172,13132.33333,31293.21228,77007,18,78794,26264.66667,44882.21537,78089,49,77587,38793.5,54042.04997000001,77007,580,0,0,0,0,92,72,50.7652867,38.07396502,0,198,43.0,76.44232186,5843.428571,0,0,0,1,0,0,0,0,0,49.14285714,52.5,44.66666667,92,0,0,0,0,0,0,4,210,3,134,8192,237,3,20,0.0,0.0,0,0,0.0,0.0,0,0,Bot
3,1,1,6,6,6,6,6.0,0.0,6,6,6.0,0.0,4000000.0,666666.6667,3.0,0.0,3,3,0,0.0,0.0,0,0,0,0.0,0.0,0,0,0,0,0,0,20,20,333333.3333,333333.3333,6,6,6.0,0.0,0.0,0,0,0,0,1,1,0,0,1,9.0,6.0,6.0,20,0,0,0,0,0,0,1,6,1,6,237,16393,0,20,0.0,0.0,0,0,0.0,0.0,0,0,Bot
78234,4,3,210,134,198,0,52.5,97.04122835,128,0,44.66666667,72.23111056,4397.065215,89.47516425,13039.0,30948.93915,76210,18,78234,26078.0,44518.37083,77482,49,76786,38393.0,53481.31429,76210,576,0,0,0,0,92,72,51.12866529,38.34649896,0,198,43.0,76.44232186,5843.428571,0,0,0,1,0,0,0,0,0,49.14285714,52.5,44.66666667,92,0,0,0,0,0,0,4,210,3,134,8192,237,3,20,0.0,0.0,0,0,0.0,0.0,0,0,Bot
3,1,1,6,6,6,6,6.0,0.0,6,6,6.0,0.0,4000000.0,666666.6667,3.0,0.0,3,3,0,0.0,0.0,0,0,0,0.0,0.0,0,0,0,0,0,0,20,20,333333.3333,333333.3333,6,6,6.0,0.0,0.0,0,0,0,0,1,1,0,0,1,9.0,6.0,6.0,20,0,0,0,0,0,0,1,6,1,6,237,16393,0,20,0.0,0.0,0,0,0.0,0.0,0,0,Bot
233009,5,4,212,145,194,0,42.4,84.78679142,129,0,36.25,61.96975069,1532.12966,38.62511748,29126.125,81400.58067000001,230581,66,233009,58252.25,115377.7275,231318,66,231449,77149.66667,132875.6179,230581,212,0,0,0,0,112,92,21.4583986,17.16671888,0,194,35.7,68.13067509,4641.788889,0,0,0,1,0,0,0,0,0,39.66666667,42.4,36.25,112,0,0,0,0,0,0,5,212,4,145,8192,237,4,20,0.0,0.0,0,0,0.0,0.0,0,0,Bot
216703,36,85,204316,626,18980,0,5675.444444,5653.606437,128,0,7.364705882000001,13.25648723,945727.5626,558.3679045,1805.858333,17702.6507,194084,0,216703,6191.514286,34277.40415,203173,8,214924,2558.619048,21153.22537,194084,0,0,0,0,0,732,1712,166.1259881,392.2419164,0,18980,1679.852459,3997.980334,16000000.0,0,0,0,1,0,0,0,0,2,1693.735537,5675.444444,7.364705882000001,732,0,0,0,0,0,0,36,204316,85,626,8192,1392,35,20,0.0,0.0,0,0,0.0,0.0,0,0,Bot
28,1,1,6,6,6,6,6.0,0.0,6,6,6.0,0.0,428571.4286,71428.57143,28.0,0.0,28,28,0,0.0,0.0,0,0,0,0.0,0.0,0,0,0,0,0,0,20,20,35714.285710000004,35714.285710000004,6,6,6.0,0.0,0.0,0,0,0,0,1,1,0,0,1,9.0,6.0,6.0,20,0,0,0,0,0,0,1,6,1,6,237,256,0,20,0.0,0.0,0,0,0.0,0.0,0,0,Bot
37,1,1,6,6,6,6,6.0,0.0,6,6,6.0,0.0,324324.3243,54054.05405,37.0,0.0,37,37,0,0.0,0.0,0,0,0,0.0,0.0,0,0,0,0,0,0,20,20,27027.02703,27027.02703,6,6,6.0,0.0,0.0,0,0,0,0,1,1,0,0,1,9.0,6.0,6.0,20,0,0,0,0,0,0,1,6,1,6,1392,256,0,20,0.0,0.0,0,0,0.0,0.0,0,0,Bot
202783,5,4,213,145,195,0,42.6,85.23379611,129,0,36.25,61.96975069,1765.433986,44.38241864,25347.875,70784.37208,200529,30,202783,50695.75,100432.0758,201343,30,201381,67127.0,115529.6643,200529,244,0,0,0,0,112,92,24.65689925,19.7255194,0,195,35.8,68.38908295,4677.066667,0,0,0,1,0,0,0,0,0,39.77777778,42.6,36.25,112,0,0,0,0,0,0,5,213,4,145,8192,237,4,20,0.0,0.0,0,0,0.0,0.0,0,0,Bot
76220,27,51,100082,422,16060,0,3706.740741,3310.376142,128,0,8.274509804,17.12083927,1318604.041,1023.353451,989.8701299,7373.32487,64826,0,76220,2931.538462,13571.48533,69463,8,74685,1493.7,9143.204809,64826,0,0,0,0,0,552,1032,354.2377329,669.1157177,0,16060,1272.202532,2601.917628,6769975.342999999,0,0,0,1,0,0,0,0,1,1288.512821,3706.740741,8.274509804,552,0,0,0,0,0,0,27,100082,51,422,8192,1496,26,20,0.0,0.0,0,0,0.0,0.0,0,0,Bot
41,1,1,6,6,6,6,6.0,0.0,6,6,6.0,0.0,292682.9268,48780.4878,41.0,0.0,41,41,0,0.0,0.0,0,0,0,0.0,0.0,0,0,0,0,0,0,20,20,24390.2439,24390.2439,6,6,6.0,0.0,0.0,0,0,0,0,1,1,0,0,1,9.0,6.0,6.0,20,0,0,0,0,0,0,1,6,1,6,237,256,0,20,0.0,0.0,0,0,0.0,0.0,0,0,Bot
114,1,1,6,6,6,6,6.0,0.0,6,6,6.0,0.0,105263.1579,17543.85965,114.0,0.0,114,114,0,0.0,0.0,0,0,0,0.0,0.0,0,0,0,0,0,0,20,20,8771.929825,8771.929825,6,6,6.0,0.0,0.0,0,0,0,0,1,1,0,0,1,9.0,6.0,6.0,20,0,0,0,0,0,0,1,6,1,6,1496,256,0,20,0.0,0.0,0,0,0.0,0.0,0,0,Bot
68610,4,3,210,134,198,0,52.5,97.04122835,128,0,44.66666667,72.23111056,5013.846378,102.0259437,11435.0,27199.74145,66954,20,68610,22870.0,39124.26941,68046,47,67544,33772.0,46926.43443,66954,590,0,0,0,0,92,72,58.30053928,43.72540446,0,198,43.0,76.44232186,5843.428571,0,0,0,1,0,0,0,0,0,49.14285714,52.5,44.66666667,92,0,0,0,0,0,0,4,210,3,134,8192,237,3,20,0.0,0.0,0,0,0.0,0.0,0,0,Bot
4,1,1,6,6,6,6,6.0,0.0,6,6,6.0,0.0,3000000.0,500000.0,4.0,0.0,4,4,0,0.0,0.0,0,0,0,0.0,0.0,0,0,0,0,0,0,20,20,250000.0,250000.0,6,6,6.0,0.0,0.0,0,0,0,0,1,1,0,0,1,9.0,6.0,6.0,20,0,0,0,0,0,0,1,6,1,6,237,16393,0,20,0.0,0.0,0,0,0.0,0.0,0,0,Bot
85976,4,3,206,134,194,0,51.5,95.04209594,128,0,44.66666667,72.23111056,3954.591979,81.41807016,14329.33333,33740.27691,83195,47,85976,28658.66667,48740.75665,84937,47,83847,41923.5,58366.71504,83195,652,0,0,0,0,92,72,46.52461152,34.89345864,0,194,42.5,75.2880184,5668.285714,0,0,0,1,0,0,0,0,0,48.57142857,51.5,44.66666667,92,0,0,0,0,0,0,4,206,3,134,8192,237,3,20,0.0,0.0,0,0,0.0,0.0,0,0,Bot
71,1,1,6,6,6,6,6.0,0.0,6,6,6.0,0.0,169014.0845,28169.01408,71.0,0.0,71,71,0,0.0,0.0,0,0,0,0.0,0.0,0,0,0,0,0,0,20,20,14084.50704,14084.50704,6,6,6.0,0.0,0.0,0,0,0,0,1,1,0,0,1,9.0,6.0,6.0,20,0,0,0,0,0,0,1,6,1,6,237,256,0,20,0.0,0.0,0,0,0.0,0.0,0,0,Bot
73828,4,3,207,134,195,0,51.75,95.54187564,128,0,44.66666667,72.23111056,4618.843799,94.81497535,12304.66667,29206.22393,71919,72,73828,24609.33333,42073.67959,73191,72,72554,36277.0,50405.39979,71919,635,0,0,0,0,92,72,54.17998591,40.63498943,0,195,42.625,75.57576615,5711.696429,0,0,0,1,0,0,0,0,0,48.71428571,51.75,44.66666667,92,0,0,0,0,0,0,4,207,3,134,8192,237,3,20,0.0,0.0,0,0,0.0,0.0,0,0,Bot
19,1,1,6,6,6,6,6.0,0.0,6,6,6.0,0.0,631578.9474,105263.1579,19.0,0.0,19,19,0,0.0,0.0,0,0,0,0.0,0.0,0,0,0,0,0,0,20,20,52631.57895,52631.57895,6,6,6.0,0.0,0.0,0,0,0,0,1,1,0,0,1,9.0,6.0,6.0,20,0,0,0,0,0,0,1,6,1,6,237,256,0,20,0.0,0.0,0,0,0.0,0.0,0,0,Bot
99033,4,3,210,134,198,0,52.5,97.04122835,128,0,44.66666667,72.23111056,3473.589612,70.68350954,16505.5,39549.19793,97233,3,99033,33011.0,56593.15062000001,98358,3,97810,48905.0,68346.11304,97233,577,0,0,0,0,92,72,40.39057688,30.29293266,0,198,43.0,76.44232186,5843.428571,0,0,0,1,0,0,0,0,0,49.14285714,52.5,44.66666667,92,0,0,0,0,0,0,4,210,3,134,8192,237,3,20,0.0,0.0,0,0,0.0,0.0,0,0,Bot
18,1,1,6,6,6,6,6.0,0.0,6,6,6.0,0.0,666666.6667,111111.1111,18.0,0.0,18,18,0,0.0,0.0,0,0,0,0.0,0.0,0,0,0,0,0,0,20,20,55555.55556,55555.55556,6,6,6.0,0.0,0.0,0,0,0,0,1,1,0,0,1,9.0,6.0,6.0,20,0,0,0,0,0,0,1,6,1,6,237,16393,0,20,0.0,0.0,0,0,0.0,0.0,0,0,Bot
213004,5,4,212,141,194,0,42.4,84.78679142,128,0,35.25,61.91055376,1657.245873,42.25272765,26625.5,73972.50282000001,209694,75,213004,53251.0,104826.4112,210488,75,210610,70203.33333,120802.6151,209694,265,0,0,0,0,112,92,23.47373758,18.77899007,0,194,35.3,68.11110205,4639.122222,0,0,0,1,0,0,0,0,0,39.22222222,42.4,35.25,112,0,0,0,0,0,0,5,212,4,141,8192,237,4,20,0.0,0.0,0,0,0.0,0.0,0,0,Bot
216393,5,4,213,145,195,0,42.6,85.23379611,129,0,36.25,61.96975069,1654.397323,41.59099416,27049.125,75715.08895,214433,3,216393,54098.25,107249.6145,214972,54,215046,71682.0,123626.365,214433,3,0,0,0,0,112,92,23.10610787,18.48488629,0,195,35.8,68.38908295,4677.066667,0,0,0,1,0,0,0,0,0,39.77777778,42.6,36.25,112,0,0,0,0,0,0,5,213,4,145,8192,237,4,20,0.0,0.0,0,0,0.0,0.0,0,0,Bot
4,1,1,6,6,6,6,6.0,0.0,6,6,6.0,0.0,3000000.0,500000.0,4.0,0.0,4,4,0,0.0,0.0,0,0,0,0.0,0.0,0,0,0,0,0,0,20,20,250000.0,250000.0,6,6,6.0,0.0,0.0,0,0,0,0,1,0,0,0,1,9.0,6.0,6.0,20,0,0,0,0,0,0,1,6,1,6,256,237,0,20,0.0,0.0,0,0,0.0,0.0,0,0,Bot
91175,29,55,136717,446,18980,0,4714.37931,4700.551263,128,0,8.109090908999999,16.48531639,1504392.6509999998,921.3051822999998,1098.493976,8399.606081999998,76668,0,91175,3256.25,15724.309180000002,83482,8,89482,1657.074074,10405.14425,76668,0,0,0,0,0,592,1112,318.0696463,603.2355361000001,0,18980,1613.682353,3521.839475,12400000.0,0,0,0,1,0,0,0,0,1,1632.892857,4714.37931,8.109090908999999,592,0,0,0,0,0,0,29,136717,55,446,8192,1255,28,20,0.0,0.0,0,0,0.0,0.0,0,0,Bot
279561,5,4,213,141,195,0,42.6,85.23379611,128,0,35.25,61.91055376,1266.271046,32.19333169,34945.125,97939.99521,277333,3,279561,69890.25,138722.9141,277974,51,277988,92662.66667,159929.5292,277333,3,0,0,0,0,112,92,17.88518427,14.30814742,0,195,35.4,68.37023394,4674.488889,0,0,0,1,0,0,0,0,0,39.33333333,42.6,35.25,112,0,0,0,0,0,0,5,213,4,141,8192,237,4,20,0.0,0.0,0,0,0.0,0.0,0,0,Bot
39,1,1,6,6,6,6,6.0,0.0,6,6,6.0,0.0,307692.3077,51282.05128,39.0,0.0,39,39,0,0.0,0.0,0,0,0,0.0,0.0,0,0,0,0,0,0,20,20,25641.02564,25641.02564,6,6,6.0,0.0,0.0,0,0,0,0,1,1,0,0,1,9.0,6.0,6.0,20,0,0,0,0,0,0,1,6,1,6,237,256,0,20,0.0,0.0,0,0,0.0,0.0,0,0,Bot
38,1,1,6,6,6,6,6.0,0.0,6,6,6.0,0.0,315789.4737,52631.57895,38.0,0.0,38,38,0,0.0,0.0,0,0,0,0.0,0.0,0,0,0,0,0,0,20,20,26315.78947,26315.78947,6,6,6.0,0.0,0.0,0,0,0,0,1,1,0,0,1,9.0,6.0,6.0,20,0,0,0,0,0,0,1,6,1,6,1255,256,0,20,0.0,0.0,0,0,0.0,0.0,0,0,Bot
62511,4,3,1153,134,1141,0,288.25,568.5070360000002,128,0,44.66666667,72.23111056,20588.37645,111.9802915,10418.5,24463.96419,60351,35,62511,20837.0,35543.39645,61878,71,61168,30584.0,42096.89511000001,60351,817,0,0,0,0,92,72,63.98873798,47.99155349,0,1141,160.875,398.4482176,158760.9821,0,0,0,1,0,0,0,0,0,183.8571429,288.25,44.66666667,92,0,0,0,0,0,0,4,1153,3,134,8192,251,3,20,0.0,0.0,0,0,0.0,0.0,0,0,Bot
10,1,1,6,6,6,6,6.0,0.0,6,6,6.0,0.0,1200000.0,200000.0,10.0,0.0,10,10,0,0.0,0.0,0,0,0,0.0,0.0,0,0,0,0,0,0,20,20,100000.0,100000.0,6,6,6.0,0.0,0.0,0,0,0,0,1,1,0,0,1,9.0,6.0,6.0,20,0,0,0,0,0,0,1,6,1,6,251,256,0,20,0.0,0.0,0,0,0.0,0.0,0,0,Bot
37,1,1,6,6,6,6,6.0,0.0,6,6,6.0,0.0,324324.3243,54054.05405,37.0,0.0,37,37,0,0.0,0.0,0,0,0,0.0,0.0,0,0,0,0,0,0,20,20,27027.02703,27027.02703,6,6,6.0,0.0,0.0,0,0,0,0,1,1,0,0,1,9.0,6.0,6.0,20,0,0,0,0,0,0,1,6,1,6,237,256,0,20,0.0,0.0,0,0,0.0,0.0,0,0,Bot
223437,5,4,216,141,198,0,43.2,86.57482313,128,0,35.25,61.91055376,1597.765813,40.27981042,27929.625,78228.7156,221535,4,223437,55859.25,110985.4794,222337,4,222289,74096.33333,127685.7828,221535,180,0,0,0,0,112,92,22.37767245,17.90213796,0,198,35.7,69.15048003,4781.788889,0,0,0,1,0,0,0,0,0,39.66666667,43.2,35.25,112,0,0,0,0,0,0,5,216,4,141,8192,237,4,20,0.0,0.0,0,0,0.0,0.0,0,0,Bot
15,1,1,6,6,6,6,6.0,0.0,6,6,6.0,0.0,800000.0,133333.3333,15.0,0.0,15,15,0,0.0,0.0,0,0,0,0.0,0.0,0,0,0,0,0,0,20,20,66666.66667,66666.66667,6,6,6.0,0.0,0.0,0,0,0,0,1,0,0,0,1,9.0,6.0,6.0,20,0,0,0,0,0,0,1,6,1,6,16391,237,0,20,0.0,0.0,0,0,0.0,0.0,0,0,Bot
203787,5,4,213,141,195,0,42.6,85.23379611,128,0,35.25,61.91055376,1737.107863,44.16375922,25473.375,71075.98989,201376,22,203787,50946.75,100838.8933,202204,22,202227,67409.0,116018.9672,201376,244,0,0,0,0,112,92,24.53542179,19.62833743,0,195,35.4,68.37023394,4674.488889,0,0,0,1,0,0,0,0,0,39.33333333,42.6,35.25,112,0,0,0,0,0,0,5,213,4,141,8192,237,4,20,0.0,0.0,0,0,0.0,0.0,0,0,Bot
1,1,1,6,6,6,6,6.0,0.0,6,6,6.0,0.0,12000000.0,2000000.0,1.0,0.0,1,1,0,0.0,0.0,0,0,0,0.0,0.0,0,0,0,0,0,0,20,20,1000000.0,1000000.0,6,6,6.0,0.0,0.0,0,0,0,0,1,0,0,0,1,9.0,6.0,6.0,20,0,0,0,0,0,0,1,6,1,6,256,237,0,20,0.0,0.0,0,0,0.0,0.0,0,0,Bot
68251,4,3,207,134,195,0,51.75,95.54187564,128,0,44.66666667,72.23111056,4996.263790999999,102.5625998,11375.16667,26893.41929,66268,36,68251,22750.33333,38717.93068,67456,36,66863,33431.5,46437.82364,66268,595,0,0,0,0,92,72,58.60719989,43.95539992,0,195,42.625,75.57576615,5711.696429,0,0,0,1,0,0,0,0,0,48.71428571,51.75,44.66666667,92,0,0,0,0,0,0,4,207,3,134,8192,237,3,20,0.0,0.0,0,0,0.0,0.0,0,0,Bot
97665,5,4,3456,140,1984,0,691.2,959.0543259,128,0,35.0,62.0644826,36819.74095,92.1517432,12208.125,33432.76639,94946,31,97665,24416.25,48411.10458,97032,31,96237,32079.0,54444.79938,94946,442,0,0,0,0,112,92,51.19541289,40.95633031,0,1984,359.6,729.6317488,532362.4889,0,0,0,1,0,0,0,0,0,399.5555556000001,691.2,35.0,112,0,0,0,0,0,0,5,3456,4,140,8192,297,4,20,0.0,0.0,0,0,0.0,0.0,0,0,Bot
49,1,1,6,6,6,6,6.0,0.0,6,6,6.0,0.0,244897.9592,40816.32653,49.0,0.0,49,49,0,0.0,0.0,0,0,0,0.0,0.0,0,0,0,0,0,0,20,20,20408.16327,20408.16327,6,6,6.0,0.0,0.0,0,0,0,0,1,1,0,0,1,9.0,6.0,6.0,20,0,0,0,0,0,0,1,6,1,6,237,256,0,20,0.0,0.0,0,0,0.0,0.0,0,0,Bot
35,1,1,6,6,6,6,6.0,0.0,6,6,6.0,0.0,342857.1429,57142.85714,35.0,0.0,35,35,0,0.0,0.0,0,0,0,0.0,0.0,0,0,0,0,0,0,20,20,28571.42857,28571.42857,6,6,6.0,0.0,0.0,0,0,0,0,1,1,0,0,1,9.0,6.0,6.0,20,0,0,0,0,0,0,1,6,1,6,297,256,0,20,0.0,0.0,0,0,0.0,0.0,0,0,Bot
86943,4,3,1081,134,1069,0,270.25,532.5075117,128,0,44.66666667,72.23111056,13974.67306,80.5125197,14490.5,34540.81132,84994,15,86943,28981.0,49601.65227,86255,43,85606,42803.0,59667.08441,84994,612,0,0,0,0,92,72,46.00715411,34.50536558,0,1069,151.875,373.1573538,139246.4107,0,0,0,1,0,0,0,0,0,173.5714286,270.25,44.66666667,92,0,0,0,0,0,0,4,1081,3,134,8192,245,3,20,0.0,0.0,0,0,0.0,0.0,0,0,Bot
22,1,1,6,6,6,6,6.0,0.0,6,6,6.0,0.0,545454.5455,90909.09091,22.0,0.0,22,22,0,0.0,0.0,0,0,0,0.0,0.0,0,0,0,0,0,0,20,20,45454.54545,45454.54545,6,6,6.0,0.0,0.0,0,0,0,0,1,1,0,0,1,9.0,6.0,6.0,20,0,0,0,0,0,0,1,6,1,6,245,16393,0,20,0.0,0.0,0,0,0.0,0.0,0,0,Bot
72364,4,3,207,134,195,0,51.75,95.54187564,128,0,44.66666667,72.23111056,4712.287878,96.73318225,12060.66667,28586.3508,70409,52,72364,24121.33333,41241.52036,71742,52,70996,35498.0,49371.60968,70409,587,0,0,0,0,92,72,55.27610414,41.45707811,0,195,42.625,75.57576615,5711.696429,0,0,0,1,0,0,0,0,0,48.71428571,51.75,44.66666667,92,0,0,0,0,0,0,4,207,3,134,8192,237,3,20,0.0,0.0,0,0,0.0,0.0,0,0,Bot
7,1,1,6,6,6,6,6.0,0.0,6,6,6.0,0.0,1714285.7140000002,285714.2857,7.0,0.0,7,7,0,0.0,0.0,0,0,0,0.0,0.0,0,0,0,0,0,0,20,20,142857.1429,142857.1429,6,6,6.0,0.0,0.0,0,0,0,0,1,1,0,0,1,9.0,6.0,6.0,20,0,0,0,0,0,0,1,6,1,6,237,256,0,20,0.0,0.0,0,0,0.0,0.0,0,0,Bot
73322,4,3,207,134,195,0,51.75,95.54187564,128,0,44.66666667,72.23111056,4650.718747,95.4692998,12220.33333,28994.78131,71403,41,73322,24440.66667,41705.84722,72597,41,71997,35998.5,50069.52407,71403,594,0,0,0,0,92,72,54.5538856,40.91541420000001,0,195,42.625,75.57576615,5711.696429,0,0,0,1,0,0,0,0,0,48.71428571,51.75,44.66666667,92,0,0,0,0,0,0,4,207,3,134,8192,237,3,20,0.0,0.0,0,0,0.0,0.0,0,0,Bot
179618,6,5,5737,146,2805,0,956.1666667000004,1152.889312,128,0,29.2,55.2919524,32752.84214,61.24107829,17961.8,55556.2294,176075,48,179618,35923.6,79417.5281,177989,48,177968,44492.0,87722.42025,176075,437,0,0,0,0,132,112,33.40422452,27.83685377,0,2805,490.25,917.6872239,842149.8409,0,0,0,1,0,0,0,0,0,534.8181818,956.1666667000004,29.2,132,0,0,0,0,0,0,6,5737,5,146,8192,318,5,20,0.0,0.0,0,0,0.0,0.0,0,0,Bot
84425,4,3,207,134,195,0,51.75,95.54187564,128,0,44.66666667,72.23111056,4039.087948,82.91382884,14070.83333,33392.86087,82230,13,84425,28141.66667,48161.04787,83752,13,82891,41445.5,57677.99303,82230,661,0,0,0,0,92,72,47.37933077,35.53449808,0,195,42.625,75.57576615,5711.696429,0,0,0,1,0,0,0,0,0,48.71428571,51.75,44.66666667,92,0,0,0,0,0,0,4,207,3,134,8192,237,3,20,0.0,0.0,0,0,0.0,0.0,0,0,Bot
48,1,1,6,6,6,6,6.0,0.0,6,6,6.0,0.0,250000.0,41666.66667,48.0,0.0,48,48,0,0.0,0.0,0,0,0,0.0,0.0,0,0,0,0,0,0,20,20,20833.33333,20833.33333,6,6,6.0,0.0,0.0,0,0,0,0,1,1,0,0,1,9.0,6.0,6.0,20,0,0,0,0,0,0,1,6,1,6,237,256,0,20,0.0,0.0,0,0,0.0,0.0,0,0,Bot
91,1,1,6,6,6,6,6.0,0.0,6,6,6.0,0.0,131868.1319,21978.02198,91.0,0.0,91,91,0,0.0,0.0,0,0,0,0.0,0.0,0,0,0,0,0,0,20,20,10989.01099,10989.01099,6,6,6.0,0.0,0.0,0,0,0,0,1,1,0,0,1,9.0,6.0,6.0,20,0,0,0,0,0,0,1,6,1,6,318,256,0,20,0.0,0.0,0,0,0.0,0.0,0,0,Bot
41,1,1,6,6,6,6,6.0,0.0,6,6,6.0,0.0,292682.9268,48780.4878,41.0,0.0,41,41,0,0.0,0.0,0,0,0,0.0,0.0,0,0,0,0,0,0,20,20,24390.2439,24390.2439,6,6,6.0,0.0,0.0,0,0,0,0,1,1,0,0,1,9.0,6.0,6.0,20,0,0,0,0,0,0,1,6,1,6,237,256,0,20,0.0,0.0,0,0,0.0,0.0,0,0,Bot
231299,5,4,216,140,198,0,43.2,86.57482313,128,0,35.0,62.0644826,1539.13333,38.91067406,28912.375,80968.62428999999,229298,3,231299,57824.75,114704.6787,229881,4,229903,76634.33333,132210.9528,229298,3,0,0,0,0,112,92,21.61704115,17.29363292,0,198,35.6,69.19730245,4788.266667,0,0,0,1,0,0,0,0,0,39.55555556,43.2,35.0,112,0,0,0,0,0,0,5,216,4,140,8192,237,4,20,0.0,0.0,0,0,0.0,0.0,0,0,Bot
69542,4,3,1172,134,1160,0,293.0,578.0069204,128,0,44.66666667,72.23111056,18780.01783,100.6585948,11590.33333,27409.8984,67537,17,69542,23180.66667,39574.58114,68876,17,68326,34163.0,47197.96343,67537,789,0,0,0,0,92,72,57.51919703,43.13939777,0,1160,163.25,405.1256419,164126.7857,0,0,0,1,0,0,0,0,0,186.5714286,293.0,44.66666667,92,0,0,0,0,0,0,4,1172,3,134,8192,251,3,20,0.0,0.0,0,0,0.0,0.0,0,0,Bot
23,1,1,6,6,6,6,6.0,0.0,6,6,6.0,0.0,521739.1304,86956.52174,23.0,0.0,23,23,0,0.0,0.0,0,0,0,0.0,0.0,0,0,0,0,0,0,20,20,43478.26087,43478.26087,6,6,6.0,0.0,0.0,0,0,0,0,1,1,0,0,1,9.0,6.0,6.0,20,0,0,0,0,0,0,1,6,1,6,237,16392,0,20,0.0,0.0,0,0,0.0,0.0,0,0,Bot
20,1,1,6,6,6,6,6.0,0.0,6,6,6.0,0.0,600000.0,100000.0,20.0,0.0,20,20,0,0.0,0.0,0,0,0,0.0,0.0,0,0,0,0,0,0,20,20,50000.0,50000.0,6,6,6.0,0.0,0.0,0,0,0,0,1,1,0,0,1,9.0,6.0,6.0,20,0,0,0,0,0,0,1,6,1,6,251,16393,0,20,0.0,0.0,0,0,0.0,0.0,0,0,Bot
196135,5,4,214,145,196,0,42.8,85.68080298,129,0,36.25,61.96975069,1830.371938,45.88676167,24516.875,68423.8397,193856,35,196135,49033.75,97073.4034,194643,35,194725,64908.33333,111672.1262,193856,239,0,0,0,0,112,92,25.49264537,20.3941163,0,196,35.9,68.6479748,4712.544444,0,0,0,1,0,0,0,0,0,39.88888889,42.8,36.25,112,0,0,0,0,0,0,5,214,4,145,8192,237,4,20,0.0,0.0,0,0,0.0,0.0,0,0,Bot
89356,28,54,109702,440,18980,0,3917.928571,3928.301734000001,128,0,8.148148147999999,16.63754269,1232620.081,917.6776042,1103.160494,8566.840832,77230,0,89356,3309.481481,15776.69181,82243,2,87927,1659.0,10584.06963,77230,0,0,0,0,0,572,1092,313.3533283000001,604.3242759,0,18980,1327.012048,2922.401007,8540427.646,0,0,0,1,0,0,0,0,1,1343.195122,3917.928571,8.148148147999999,572,0,0,0,0,0,0,28,109702,54,440,8192,1255,27,20,0.0,0.0,0,0,0.0,0.0,0,0,Bot
77,1,1,6,6,6,6,6.0,0.0,6,6,6.0,0.0,155844.1558,25974.02597,77.0,0.0,77,77,0,0.0,0.0,0,0,0,0.0,0.0,0,0,0,0,0,0,20,20,12987.01299,12987.01299,6,6,6.0,0.0,0.0,0,0,0,0,1,1,0,0,1,9.0,6.0,6.0,20,0,0,0,0,0,0,1,6,1,6,237,256,0,20,0.0,0.0,0,0,0.0,0.0,0,0,Bot
195885,5,4,213,140,195,0,42.6,85.23379611,128,0,35.0,62.0644826,1802.07775,45.94532506,24485.625,68464.92662,193927,73,195885,48971.25,97140.78183,194682,73,194699,64899.66667000001,111741.1347,193927,182,0,0,0,0,112,92,25.52518059,20.42014447,0,195,35.3,68.41710312,4680.9,0,0,0,1,0,0,0,0,0,39.22222222,42.6,35.0,112,0,0,0,0,0,0,5,213,4,140,8192,237,4,20,0.0,0.0,0,0,0.0,0.0,0,0,Bot
64654,4,3,1035,134,1023,0,258.75,509.5078508,128,0,44.66666667,72.23111056,18080.8612,108.2686299,10775.66667,25459.30854,62741,26,64654,21551.33333,36730.1087,63962,26,63322,31661.0,43953.75752,62741,581,0,0,0,0,92,72,61.86778854,46.4008414,0,1023,146.125,357.0115794,127457.2679,0,0,0,1,0,0,0,0,0,167.0,258.75,44.66666667,92,0,0,0,0,0,0,4,1035,3,134,8192,245,3,20,0.0,0.0,0,0,0.0,0.0,0,0,Bot
376751,5,4,212,140,194,0,42.4,84.78679142,128,0,35.0,62.0644826,934.3040894,23.88845683,47093.875,132236.6624,374362,46,376751,94187.75,187281.9264,375110,46,375177,125059.0,215902.8459,374362,185,0,0,0,0,112,92,13.27136491,10.61709193,0,194,35.2,68.15798641,4645.511111,0,0,0,1,0,0,0,0,0,39.11111111,42.4,35.0,112,0,0,0,0,0,0,5,212,4,140,8192,237,4,20,0.0,0.0,0,0,0.0,0.0,0,0,Bot
340186,5,4,213,140,195,0,42.6,85.23379611,128,0,35.0,62.0644826,1037.6676289999998,26.45611518,42523.25,119076.7752,337221,22,340186,85046.5,168691.3609,338082,22,338057,112685.6667,194453.4317,337221,194,0,0,0,0,112,92,14.69784177,11.75827342,0,195,35.3,68.41710312,4680.9,0,0,0,1,0,0,0,0,0,39.22222222,42.6,35.0,112,0,0,0,0,0,0,5,213,4,140,8192,237,4,20,0.0,0.0,0,0,0.0,0.0,0,0,Bot
35,1,1,6,6,6,6,6.0,0.0,6,6,6.0,0.0,342857.1429,57142.85714,35.0,0.0,35,35,0,0.0,0.0,0,0,0,0.0,0.0,0,0,0,0,0,0,20,20,28571.42857,28571.42857,6,6,6.0,0.0,0.0,0,0,0,0,1,1,0,0,1,9.0,6.0,6.0,20,0,0,0,0,0,0,1,6,1,6,237,256,0,20,0.0,0.0,0,0,0.0,0.0,0,0,Bot
49,1,1,6,6,6,6,6.0,0.0,6,6,6.0,0.0,244897.9592,40816.32653,49.0,0.0,49,49,0,0.0,0.0,0,0,0,0.0,0.0,0,0,0,0,0,0,20,20,20408.16327,20408.16327,6,6,6.0,0.0,0.0,0,0,0,0,1,1,0,0,1,9.0,6.0,6.0,20,0,0,0,0,0,0,1,6,1,6,245,256,0,20,0.0,0.0,0,0,0.0,0.0,0,0,Bot
32,1,1,6,6,6,6,6.0,0.0,6,6,6.0,0.0,375000.0,62500.0,32.0,0.0,32,32,0,0.0,0.0,0,0,0,0.0,0.0,0,0,0,0,0,0,20,20,31250.0,31250.0,6,6,6.0,0.0,0.0,0,0,0,0,1,1,0,0,1,9.0,6.0,6.0,20,0,0,0,0,0,0,1,6,1,6,237,256,0,20,0.0,0.0,0,0,0.0,0.0,0,0,Bot
64,1,1,6,6,6,6,6.0,0.0,6,6,6.0,0.0,187500.0,31250.0,64.0,0.0,64,64,0,0.0,0.0,0,0,0,0.0,0.0,0,0,0,0,0,0,20,20,15625.0,15625.0,6,6,6.0,0.0,0.0,0,0,0,0,1,1,0,0,1,9.0,6.0,6.0,20,0,0,0,0,0,0,1,6,1,6,1255,256,0,20,0.0,0.0,0,0,0.0,0.0,0,0,Bot
225433,4,3,1870,134,1858,0,467.5,927.004315,128,0,44.66666667,72.23111056,8889.559204000001,31.0513545,37572.16667,90534.72918,222374,65,225433,75144.33333,129013.3754,224116,477,223927,111963.5,156144.0265,222374,1553,0,0,0,0,92,72,17.74363115,13.30772336,0,1858,250.5,651.0051569,423807.7143,0,0,0,1,0,0,0,0,0,286.2857143,467.5,44.66666667,92,0,0,0,0,0,0,4,1870,3,134,8192,258,3,20,0.0,0.0,0,0,0.0,0.0,0,0,Bot
114927,4,3,1053,134,1041,0,263.25,518.5077144999998,128,0,44.66666667,72.23111056,10328.29535,60.9082287,19154.5,45802.18517,112645,58,114927,38309.0,65823.46824,114315,94,113465,56732.5,79072.21581000001,112645,820,0,0,0,0,92,72,34.80470212,26.10352659,0,1041,148.375,363.328241,132007.4107,0,0,0,1,0,0,0,0,0,169.5714286,263.25,44.66666667,92,0,0,0,0,0,0,4,1053,3,134,8192,245,3,20,0.0,0.0,0,0,0.0,0.0,0,0,Bot
56,1,1,6,6,6,6,6.0,0.0,6,6,6.0,0.0,214285.7143,35714.285710000004,56.0,0.0,56,56,0,0.0,0.0,0,0,0,0.0,0.0,0,0,0,0,0,0,20,20,17857.14286,17857.14286,6,6,6.0,0.0,0.0,0,0,0,0,1,1,0,0,1,9.0,6.0,6.0,20,0,0,0,0,0,0,1,6,1,6,237,256,0,20,0.0,0.0,0,0,0.0,0.0,0,0,Bot
8,1,1,6,6,6,6,6.0,0.0,6,6,6.0,0.0,1500000.0,250000.0,8.0,0.0,8,8,0,0.0,0.0,0,0,0,0.0,0.0,0,0,0,0,0,0,20,20,125000.0,125000.0,6,6,6.0,0.0,0.0,0,0,0,0,1,1,0,0,1,9.0,6.0,6.0,20,0,0,0,0,0,0,1,6,1,6,245,256,0,20,0.0,0.0,0,0,0.0,0.0,0,0,Bot
20,1,1,6,6,6,6,6.0,0.0,6,6,6.0,0.0,600000.0,100000.0,20.0,0.0,20,20,0,0.0,0.0,0,0,0,0.0,0.0,0,0,0,0,0,0,20,20,50000.0,50000.0,6,6,6.0,0.0,0.0,0,0,0,0,1,1,0,0,1,9.0,6.0,6.0,20,0,0,0,0,0,0,1,6,1,6,258,256,0,20,0.0,0.0,0,0,0.0,0.0,0,0,Bot
95651,4,3,210,134,198,0,52.5,97.04122835,128,0,44.66666667,72.23111056,3596.407774,73.18271633,15941.83333,38166.62567,93847,4,95651,31883.66667,54753.66867000001,95107,4,94426,47213.0,65950.43527,93847,579,0,0,0,0,92,72,41.81869505,31.36402129,0,198,43.0,76.44232186,5843.428571,0,0,0,1,0,0,0,0,0,49.14285714,52.5,44.66666667,92,0,0,0,0,0,0,4,210,3,134,8192,237,3,20,0.0,0.0,0,0,0.0,0.0,0,0,Bot
53,1,1,6,6,6,6,6.0,0.0,6,6,6.0,0.0,226415.0943,37735.84906,53.0,0.0,53,53,0,0.0,0.0,0,0,0,0.0,0.0,0,0,0,0,0,0,20,20,18867.92453,18867.92453,6,6,6.0,0.0,0.0,0,0,0,0,1,1,0,0,1,9.0,6.0,6.0,20,0,0,0,0,0,0,1,6,1,6,237,16393,0,20,0.0,0.0,0,0,0.0,0.0,0,0,Bot
216764,5,4,214,141,196,0,42.8,85.68080298,128,0,35.25,61.91055376,1637.725822,41.51980956,27095.5,75762.40407,214597,35,216764,54191.0,107458.4715,215378,35,215466,71822.0,123646.938,214597,235,0,0,0,0,112,92,23.06656087,18.45324869,0,196,35.5,68.62984449999999,4710.055556,0,0,0,1,0,0,0,0,0,39.44444444,42.8,35.25,112,0,0,0,0,0,0,5,214,4,141,8192,237,4,20,0.0,0.0,0,0,0.0,0.0,0,0,Bot
69424,4,3,207,134,195,0,51.75,95.54187564,128,0,44.66666667,72.23111056,4911.846047,100.8296843,11570.66667,27408.00734,67514,37,69424,23141.33333,39520.96034,68775,37,68103,34051.5,47323.12133,67514,589,0,0,0,0,92,72,57.61696243,43.21272183,0,195,42.625,75.57576615,5711.696429,0,0,0,1,0,0,0,0,0,48.71428571,51.75,44.66666667,92,0,0,0,0,0,0,4,207,3,134,8192,237,3,20,0.0,0.0,0,0,0.0,0.0,0,0,Bot
50,1,1,6,6,6,6,6.0,0.0,6,6,6.0,0.0,240000.0,40000.0,50.0,0.0,50,50,0,0.0,0.0,0,0,0,0.0,0.0,0,0,0,0,0,0,20,20,20000.0,20000.0,6,6,6.0,0.0,0.0,0,0,0,0,1,1,0,0,1,9.0,6.0,6.0,20,0,0,0,0,0,0,1,6,1,6,237,256,0,20,0.0,0.0,0,0,0.0,0.0,0,0,Bot
73,1,1,6,6,6,6,6.0,0.0,6,6,6.0,0.0,164383.5616,27397.26027,73.0,0.0,73,73,0,0.0,0.0,0,0,0,0.0,0.0,0,0,0,0,0,0,20,20,13698.63014,13698.63014,6,6,6.0,0.0,0.0,0,0,0,0,1,1,0,0,1,9.0,6.0,6.0,20,0,0,0,0,0,0,1,6,1,6,237,256,0,20,0.0,0.0,0,0,0.0,0.0,0,0,Bot
66476,4,3,206,134,194,0,51.5,95.04209594,128,0,44.66666667,72.23111056,5114.627836,105.3011613,11079.33333,26127.42478,64408,36,66476,22158.66667,37697.48588,65686,36,65003,32501.5,45122.60503,64408,595,0,0,0,0,92,72,60.17209218,45.12906914,0,194,42.5,75.2880184,5668.285714,0,0,0,1,0,0,0,0,0,48.57142857,51.5,44.66666667,92,0,0,0,0,0,0,4,206,3,134,8192,237,3,20,0.0,0.0,0,0,0.0,0.0,0,0,Bot
73231,4,3,207,134,195,0,51.75,95.54187564,128,0,44.66666667,72.23111056,4656.497931,95.58793407,12205.16667,28947.4806,71291,52,73231,24410.33333,41672.19798,72528,52,71861,35930.5,50007.29867,71291,570,0,0,0,0,92,72,54.62167661,40.96625746,0,195,42.625,75.57576615,5711.696429,0,0,0,1,0,0,0,0,0,48.71428571,51.75,44.66666667,92,0,0,0,0,0,0,4,207,3,134,8192,237,3,20,0.0,0.0,0,0,0.0,0.0,0,0,Bot
93,1,1,6,6,6,6,6.0,0.0,6,6,6.0,0.0,129032.2581,21505.37634,93.0,0.0,93,93,0,0.0,0.0,0,0,0,0.0,0.0,0,0,0,0,0,0,20,20,10752.68817,10752.68817,6,6,6.0,0.0,0.0,0,0,0,0,1,1,0,0,1,9.0,6.0,6.0,20,0,0,0,0,0,0,1,6,1,6,237,256,0,20,0.0,0.0,0,0,0.0,0.0,0,0,Bot
3,1,1,6,6,6,6,6.0,0.0,6,6,6.0,0.0,4000000.0,666666.6667,3.0,0.0,3,3,0,0.0,0.0,0,0,0,0.0,0.0,0,0,0,0,0,0,20,20,333333.3333,333333.3333,6,6,6.0,0.0,0.0,0,0,0,0,1,1,0,0,1,9.0,6.0,6.0,20,0,0,0,0,0,0,1,6,1,6,237,256,0,20,0.0,0.0,0,0,0.0,0.0,0,0,Bot
86530,4,3,210,134,198,0,52.5,97.04122835,128,0,44.66666667,72.23111056,3975.499827000001,80.8967988,14421.66667,34368.86649,84574,4,86530,28843.33333,49416.0901,85903,4,85185,42592.5,59370.80667000001,84574,611,0,0,0,0,92,72,46.22674217,34.67005663,0,198,43.0,76.44232186,5843.428571,0,0,0,1,0,0,0,0,0,49.14285714,52.5,44.66666667,92,0,0,0,0,0,0,4,210,3,134,8192,237,3,20,0.0,0.0,0,0,0.0,0.0,0,0,Bot
23,1,1,6,6,6,6,6.0,0.0,6,6,6.0,0.0,521739.1304,86956.52174,23.0,0.0,23,23,0,0.0,0.0,0,0,0,0.0,0.0,0,0,0,0,0,0,20,20,43478.26087,43478.26087,6,6,6.0,0.0,0.0,0,0,0,0,1,1,0,0,1,9.0,6.0,6.0,20,0,0,0,0,0,0,1,6,1,6,237,16393,0,20,0.0,0.0,0,0,0.0,0.0,0,0,Bot
66086,4,3,207,134,195,0,51.75,95.54187564,128,0,44.66666667,72.23111056,5159.943104,105.9225857,11014.33333,25925.20439,63930,38,66086,22028.66667,37307.94321000001,65105,38,64550,32275.0,44766.93032,63930,620,0,0,0,0,92,72,60.52719184,45.39539388,0,195,42.625,75.57576615,5711.696429,0,0,0,1,0,0,0,0,0,48.71428571,51.75,44.66666667,92,0,0,0,0,0,0,4,207,3,134,8192,237,3,20,0.0,0.0,0,0,0.0,0.0,0,0,Bot
47,1,1,6,6,6,6,6.0,0.0,6,6,6.0,0.0,255319.1489,42553.19149,47.0,0.0,47,47,0,0.0,0.0,0,0,0,0.0,0.0,0,0,0,0,0,0,20,20,21276.59574,21276.59574,6,6,6.0,0.0,0.0,0,0,0,0,1,1,0,0,1,9.0,6.0,6.0,20,0,0,0,0,0,0,1,6,1,6,237,256,0,20,0.0,0.0,0,0,0.0,0.0,0,0,Bot
62884,4,3,206,134,194,0,51.5,95.04209594,128,0,44.66666667,72.23111056,5406.780739,111.316074,10480.66667,24592.49157,60674,49,62884,20961.33333,35745.10554,62235,49,61279,30639.5,42475.19724,60674,605,0,0,0,0,92,72,63.60918517,47.70688887,0,194,42.5,75.2880184,5668.285714,0,0,0,1,0,0,0,0,0,48.57142857,51.5,44.66666667,92,0,0,0,0,0,0,4,206,3,134,8192,237,3,20,0.0,0.0,0,0,0.0,0.0,0,0,Bot
77206,4,3,207,134,195,0,51.75,95.54187564,128,0,44.66666667,72.23111056,4416.755174,90.66652851,12867.66667,30549.11875,75223,52,77206,25735.33333,43944.6835,76477,52,75838,37919.0,52755.82273,75223,615,0,0,0,0,92,72,51.80944486,38.85708365,0,195,42.625,75.57576615,5711.696429,0,0,0,1,0,0,0,0,0,48.71428571,51.75,44.66666667,92,0,0,0,0,0,0,4,207,3,134,8192,237,3,20,0.0,0.0,0,0,0.0,0.0,0,0,Bot
78021,4,3,1723,134,1711,0,430.75,853.5046866,128,0,44.66666667,72.23111056,23801.28427,89.71943451,13003.5,30801.63678,75874,64,78021,26007.0,44481.5684,77369,64,76717,38358.5,53054.9289,75874,843,0,0,0,0,92,72,51.26824829,38.45118622,0,1711,232.125,599.1609461,358993.8393,0,0,0,1,0,0,0,0,0,265.2857143,430.75,44.66666667,92,0,0,0,0,0,0,4,1723,3,134,8192,255,3,20,0.0,0.0,0,0,0.0,0.0,0,0,Bot
83,1,1,6,6,6,6,6.0,0.0,6,6,6.0,0.0,144578.3133,24096.38554,83.0,0.0,83,83,0,0.0,0.0,0,0,0,0.0,0.0,0,0,0,0,0,0,20,20,12048.19277,12048.19277,6,6,6.0,0.0,0.0,0,0,0,0,1,1,0,0,1,9.0,6.0,6.0,20,0,0,0,0,0,0,1,6,1,6,237,256,0,20,0.0,0.0,0,0,0.0,0.0,0,0,Bot
4,1,1,6,6,6,6,6.0,0.0,6,6,6.0,0.0,3000000.0,500000.0,4.0,0.0,4,4,0,0.0,0.0,0,0,0,0.0,0.0,0,0,0,0,0,0,20,20,250000.0,250000.0,6,6,6.0,0.0,0.0,0,0,0,0,1,1,0,0,1,9.0,6.0,6.0,20,0,0,0,0,0,0,1,6,1,6,237,256,0,20,0.0,0.0,0,0,0.0,0.0,0,0,Bot
40,1,1,6,6,6,6,6.0,0.0,6,6,6.0,0.0,300000.0,50000.0,40.0,0.0,40,40,0,0.0,0.0,0,0,0,0.0,0.0,0,0,0,0,0,0,20,20,25000.0,25000.0,6,6,6.0,0.0,0.0,0,0,0,0,1,1,0,0,1,9.0,6.0,6.0,20,0,0,0,0,0,0,1,6,1,6,255,256,0,20,0.0,0.0,0,0,0.0,0.0,0,0,Bot
59701,4,3,210,134,198,0,52.5,97.04122835,128,0,44.66666667,72.23111056,5762.047537,117.2509673,9950.166667,23395.58954,57702,4,59701,19900.33333,33946.6171,59097,4,58456,29228.0,40268.31698,57702,754,0,0,0,0,92,72,67.00055275,50.25041457,0,198,43.0,76.44232186,5843.428571,0,0,0,1,0,0,0,0,0,49.14285714,52.5,44.66666667,92,0,0,0,0,0,0,4,210,3,134,8192,237,3,20,0.0,0.0,0,0,0.0,0.0,0,0,Bot
18,1,1,6,6,6,6,6.0,0.0,6,6,6.0,0.0,666666.6667,111111.1111,18.0,0.0,18,18,0,0.0,0.0,0,0,0,0.0,0.0,0,0,0,0,0,0,20,20,55555.55556,55555.55556,6,6,6.0,0.0,0.0,0,0,0,0,1,1,0,0,1,9.0,6.0,6.0,20,0,0,0,0,0,0,1,6,1,6,237,16393,0,20,0.0,0.0,0,0,0.0,0.0,0,0,Bot
68325,4,3,207,134,195,0,51.75,95.54187564,128,0,44.66666667,72.23111056,4990.852543,102.4515185,11387.5,27036.86923,66574,50,68325,22775.0,38922.46818,67718,72,67174,33587.0,46650.66278,66574,600,0,0,0,0,92,72,58.54372484,43.90779363,0,195,42.625,75.57576615,5711.696429,0,0,0,1,0,0,0,0,0,48.71428571,51.75,44.66666667,92,0,0,0,0,0,0,4,207,3,134,8192,237,3,20,0.0,0.0,0,0,0.0,0.0,0,0,Bot
16,1,1,6,6,6,6,6.0,0.0,6,6,6.0,0.0,750000.0,125000.0,16.0,0.0,16,16,0,0.0,0.0,0,0,0,0.0,0.0,0,0,0,0,0,0,20,20,62500.0,62500.0,6,6,6.0,0.0,0.0,0,0,0,0,1,1,0,0,1,9.0,6.0,6.0,20,0,0,0,0,0,0,1,6,1,6,237,256,0,20,0.0,0.0,0,0,0.0,0.0,0,0,Bot
237788,4,3,206,134,194,0,51.5,95.04209594,128,0,44.66666667,72.23111056,1429.845072,29.43798678,39631.33333,95806.166,235193,50,237788,79262.66667,136375.8735,236735,50,235794,117897.0,165881.594,235193,601,0,0,0,0,92,72,16.82170673,12.61628005,0,194,42.5,75.2880184,5668.285714,0,0,0,1,0,0,0,0,0,48.57142857,51.5,44.66666667,92,0,0,0,0,0,0,4,206,3,134,8192,237,3,20,0.0,0.0,0,0,0.0,0.0,0,0,Bot
332981,5,4,214,140,196,0,42.8,85.68080298,128,0,35.0,62.0644826,1063.123722,27.0285692,41622.625,116977.5626,331127,30,332981,83245.25,165765.9999,331894,30,331920,110640.0,190947.4637,331127,182,0,0,0,0,112,92,15.01587178,12.01269742,0,196,35.4,68.6766983,4716.488889,0,0,0,1,0,0,0,0,0,39.33333333,42.8,35.0,112,0,0,0,0,0,0,5,214,4,140,8192,237,4,20,0.0,0.0,0,0,0.0,0.0,0,0,Bot
114785,4,3,852,134,840,0,213.0,418.0095693,128,0,44.66666667,72.23111056,8589.972557,60.98357799,19130.83333,45843.24571,112706,40,114785,38261.66667,65587.08802000001,113994,40,113329,56664.5,79254.64936,112706,623,0,0,0,0,92,72,34.84775885,26.13581914,0,840,123.25,292.90844500000014,85795.35714,0,0,0,1,0,0,0,0,0,140.8571429,213.0,44.66666667,92,0,0,0,0,0,0,4,852,3,134,8192,242,3,20,0.0,0.0,0,0,0.0,0.0,0,0,Bot
715339,4,3,207,134,195,0,51.75,95.54187564,128,0,44.66666667,72.23111056,476.6970625,9.785570198,119223.1667,290887.8413,712995,26,715339,238446.3333,412189.9359,714402,26,713569,356784.5,503757.7202,712995,574,0,0,0,0,92,72,5.591754399,4.193815798999999,0,195,42.625,75.57576615,5711.696429,0,0,0,1,0,0,0,0,0,48.71428571,51.75,44.66666667,92,0,0,0,0,0,0,4,207,3,134,8192,237,3,20,0.0,0.0,0,0,0.0,0.0,0,0,Bot
117,1,1,6,6,6,6,6.0,0.0,6,6,6.0,0.0,102564.1026,17094.01709,117.0,0.0,117,117,0,0.0,0.0,0,0,0,0.0,0.0,0,0,0,0,0,0,20,20,8547.008547,8547.008547,6,6,6.0,0.0,0.0,0,0,0,0,1,1,0,0,1,9.0,6.0,6.0,20,0,0,0,0,0,0,1,6,1,6,237,256,0,20,0.0,0.0,0,0,0.0,0.0,0,0,Bot
44,1,1,6,6,6,6,6.0,0.0,6,6,6.0,0.0,272727.2727,45454.54545,44.0,0.0,44,44,0,0.0,0.0,0,0,0,0.0,0.0,0,0,0,0,0,0,20,20,22727.27273,22727.27273,6,6,6.0,0.0,0.0,0,0,0,0,1,1,0,0,1,9.0,6.0,6.0,20,0,0,0,0,0,0,1,6,1,6,237,256,0,20,0.0,0.0,0,0,0.0,0.0,0,0,Bot
74,1,1,6,6,6,6,6.0,0.0,6,6,6.0,0.0,162162.1622,27027.02703,74.0,0.0,74,74,0,0.0,0.0,0,0,0,0.0,0.0,0,0,0,0,0,0,20,20,13513.51351,13513.51351,6,6,6.0,0.0,0.0,0,0,0,0,1,1,0,0,1,9.0,6.0,6.0,20,0,0,0,0,0,0,1,6,1,6,242,256,0,20,0.0,0.0,0,0,0.0,0.0,0,0,Bot
35,1,1,6,6,6,6,6.0,0.0,6,6,6.0,0.0,342857.1429,57142.85714,35.0,0.0,35,35,0,0.0,0.0,0,0,0,0.0,0.0,0,0,0,0,0,0,20,20,28571.42857,28571.42857,6,6,6.0,0.0,0.0,0,0,0,0,1,1,0,0,1,9.0,6.0,6.0,20,0,0,0,0,0,0,1,6,1,6,237,256,0,20,0.0,0.0,0,0,0.0,0.0,0,0,Bot
72508,4,3,210,134,198,0,52.5,97.04122835,128,0,44.66666667,72.23111056,4744.304077000001,96.54107133,12084.66667,28716.903660000004,70700,4,72508,24169.33333,41266.36472,71818,4,71289,35644.5,49575.96354,70700,589,0,0,0,0,92,72,55.16632647,41.37474486,0,198,43.0,76.44232186,5843.428571,0,0,0,1,0,0,0,0,0,49.14285714,52.5,44.66666667,92,0,0,0,0,0,0,4,210,3,134,8192,237,3,20,0.0,0.0,0,0,0.0,0.0,0,0,Bot
20,1,1,6,6,6,6,6.0,0.0,6,6,6.0,0.0,600000.0,100000.0,20.0,0.0,20,20,0,0.0,0.0,0,0,0,0.0,0.0,0,0,0,0,0,0,20,20,50000.0,50000.0,6,6,6.0,0.0,0.0,0,0,0,0,1,1,0,0,1,9.0,6.0,6.0,20,0,0,0,0,0,0,1,6,1,6,237,16393,0,20,0.0,0.0,0,0,0.0,0.0,0,0,Bot
68009,4,3,207,134,195,0,51.75,95.54187564,128,0,44.66666667,72.23111056,5014.042259000001,102.9275537,11334.83333,26753.78625,65942,48,68009,22669.66667,38676.17624,67328,73,66573,33286.5,46181.85099,65942,631,0,0,0,0,92,72,58.81574497,44.11180873,0,195,42.625,75.57576615,5711.696429,0,0,0,1,0,0,0,0,0,48.71428571,51.75,44.66666667,92,0,0,0,0,0,0,4,207,3,134,8192,237,3,20,0.0,0.0,0,0,0.0,0.0,0,0,Bot
65314,4,3,206,134,194,0,51.5,95.04209594,128,0,44.66666667,72.23111056,5205.622072,107.1745721,10885.66667,25739.03171,63422,107,65314,21771.33333,37156.1434,64675,131,64012,32006.0,44428.93328000001,63422,590,0,0,0,0,92,72,61.24261261,45.93195946,0,194,42.5,75.2880184,5668.285714,0,0,0,1,0,0,0,0,0,48.57142857,51.5,44.66666667,92,0,0,0,0,0,0,4,206,3,134,8192,237,3,20,0.0,0.0,0,0,0.0,0.0,0,0,Bot
18,1,1,6,6,6,6,6.0,0.0,6,6,6.0,0.0,666666.6667,111111.1111,18.0,0.0,18,18,0,0.0,0.0,0,0,0,0.0,0.0,0,0,0,0,0,0,20,20,55555.55556,55555.55556,6,6,6.0,0.0,0.0,0,0,0,0,1,1,0,0,1,9.0,6.0,6.0,20,0,0,0,0,0,0,1,6,1,6,237,256,0,20,0.0,0.0,0,0,0.0,0.0,0,0,Bot
124,1,1,6,6,6,6,6.0,0.0,6,6,6.0,0.0,96774.19355,16129.03226,124.0,0.0,124,124,0,0.0,0.0,0,0,0,0.0,0.0,0,0,0,0,0,0,20,20,8064.516129000002,8064.516129000002,6,6,6.0,0.0,0.0,0,0,0,0,1,1,0,0,1,9.0,6.0,6.0,20,0,0,0,0,0,0,1,6,1,6,237,256,0,20,0.0,0.0,0,0,0.0,0.0,0,0,Bot
67867,4,3,208,134,196,0,52.0,96.04165763,128,0,44.66666667,72.23111056,5039.26798,103.1429119,11311.16667,26678.28202,65765,65,67867,22622.33333,38467.54488,67039,65,66483,33241.5,45995.1748,65765,718,0,0,0,0,92,72,58.93880678,44.20410509,0,196,42.75,75.86407017,5755.357143,0,0,0,1,0,0,0,0,0,48.85714286,52.0,44.66666667,92,0,0,0,0,0,0,4,208,3,134,8192,237,3,20,0.0,0.0,0,0,0.0,0.0,0,0,Bot
71411,4,3,207,134,195,0,51.75,95.54187564,128,0,44.66666667,72.23111056,4775.174693,98.02411393,11901.83333,28180.011810000004,69421,20,71411,23803.66667,40606.1834,70690,20,70049,35024.5,48643.9968,69421,628,0,0,0,0,92,72,56.01377939,42.01033454,0,195,42.625,75.57576615,5711.696429,0,0,0,1,0,0,0,0,0,48.71428571,51.75,44.66666667,92,0,0,0,0,0,0,4,207,3,134,8192,237,3,20,0.0,0.0,0,0,0.0,0.0,0,0,Bot
39,1,1,6,6,6,6,6.0,0.0,6,6,6.0,0.0,307692.3077,51282.05128,39.0,0.0,39,39,0,0.0,0.0,0,0,0,0.0,0.0,0,0,0,0,0,0,20,20,25641.02564,25641.02564,6,6,6.0,0.0,0.0,0,0,0,0,1,1,0,0,1,9.0,6.0,6.0,20,0,0,0,0,0,0,1,6,1,6,237,256,0,20,0.0,0.0,0,0,0.0,0.0,0,0,Bot
33,1,1,6,6,6,6,6.0,0.0,6,6,6.0,0.0,363636.3636,60606.06061,33.0,0.0,33,33,0,0.0,0.0,0,0,0,0.0,0.0,0,0,0,0,0,0,20,20,30303.0303,30303.0303,6,6,6.0,0.0,0.0,0,0,0,0,1,1,0,0,1,9.0,6.0,6.0,20,0,0,0,0,0,0,1,6,1,6,237,256,0,20,0.0,0.0,0,0,0.0,0.0,0,0,Bot
69652,4,3,210,134,198,0,52.5,97.04122835,128,0,44.66666667,72.23111056,4938.838799,100.4996267,11608.66667,27649.07007,68045,17,69652,23217.33333,39697.38682,69055,46,68577,34288.5,47738.90012,68045,532,0,0,0,0,92,72,57.42835812,43.07126859,0,198,43.0,76.44232186,5843.428571,0,0,0,1,0,0,0,0,0,49.14285714,52.5,44.66666667,92,0,0,0,0,0,0,4,210,3,134,8192,237,3,20,0.0,0.0,0,0,0.0,0.0,0,0,Bot
14,1,1,6,6,6,6,6.0,0.0,6,6,6.0,0.0,857142.8571,142857.1429,14.0,0.0,14,14,0,0.0,0.0,0,0,0,0.0,0.0,0,0,0,0,0,0,20,20,71428.57143,71428.57143,6,6,6.0,0.0,0.0,0,0,0,0,1,0,0,0,1,9.0,6.0,6.0,20,0,0,0,0,0,0,1,6,1,6,16393,237,0,20,0.0,0.0,0,0,0.0,0.0,0,0,Bot
86728,4,3,210,134,198,0,52.5,97.04122835,128,0,44.66666667,72.23111056,3966.423762,80.71211143,14454.66667,34588.27373,85056,18,86728,28909.33333,49542.40059,86115,18,85620,42810.0,59744.86616000001,85056,564,0,0,0,0,92,72,46.12120653,34.5909049,0,198,43.0,76.44232186,5843.428571,0,0,0,1,0,0,0,0,0,49.14285714,52.5,44.66666667,92,0,0,0,0,0,0,4,210,3,134,8192,237,3,20,0.0,0.0,0,0,0.0,0.0,0,0,Bot
21,1,1,6,6,6,6,6.0,0.0,6,6,6.0,0.0,571428.5714,95238.09524,21.0,0.0,21,21,0,0.0,0.0,0,0,0,0.0,0.0,0,0,0,0,0,0,20,20,47619.04762,47619.04762,6,6,6.0,0.0,0.0,0,0,0,0,1,1,0,0,1,9.0,6.0,6.0,20,0,0,0,0,0,0,1,6,1,6,237,16393,0,20,0.0,0.0,0,0,0.0,0.0,0,0,Bot
62382,4,3,207,134,195,0,51.75,95.54187564,128,0,44.66666667,72.23111056,5466.320413,112.211856,10397.0,24460.41029,60323,71,62382,20794.0,35269.86608,61518,71,60926,30463.0,42228.41697,60323,603,0,0,0,0,92,72,64.12106056,48.09079542,0,195,42.625,75.57576615,5711.696429,0,0,0,1,0,0,0,0,0,48.71428571,51.75,44.66666667,92,0,0,0,0,0,0,4,207,3,134,8192,237,3,20,0.0,0.0,0,0,0.0,0.0,0,0,Bot
63982,4,3,206,134,194,0,51.5,95.04209594,128,0,44.66666667,72.23111056,5313.994561,109.4057704,10663.66667,25074.97834,61843,78,63982,21327.33333,36335.67261,63283,80,62441,31220.5,43306.75481000001,61843,598,0,0,0,0,92,72,62.51758307,46.8881873,0,194,42.5,75.2880184,5668.285714,0,0,0,1,0,0,0,0,0,48.57142857,51.5,44.66666667,92,0,0,0,0,0,0,4,206,3,134,8192,237,3,20,0.0,0.0,0,0,0.0,0.0,0,0,Bot
19,1,1,6,6,6,6,6.0,0.0,6,6,6.0,0.0,631578.9474,105263.1579,19.0,0.0,19,19,0,0.0,0.0,0,0,0,0.0,0.0,0,0,0,0,0,0,20,20,52631.57895,52631.57895,6,6,6.0,0.0,0.0,0,0,0,0,1,1,0,0,1,9.0,6.0,6.0,20,0,0,0,0,0,0,1,6,1,6,237,256,0,20,0.0,0.0,0,0,0.0,0.0,0,0,Bot
87,1,1,6,6,6,6,6.0,0.0,6,6,6.0,0.0,137931.0345,22988.50575,87.0,0.0,87,87,0,0.0,0.0,0,0,0,0.0,0.0,0,0,0,0,0,0,20,20,11494.25287,11494.25287,6,6,6.0,0.0,0.0,0,0,0,0,1,1,0,0,1,9.0,6.0,6.0,20,0,0,0,0,0,0,1,6,1,6,237,256,0,20,0.0,0.0,0,0,0.0,0.0,0,0,Bot
64190,4,3,208,134,196,0,52.0,96.04165763,128,0,44.66666667,72.23111056,5327.9327,109.0512541,10698.33333,25146.3894,62024,52,64190,21396.66667,36227.81729,63226,52,62654,31327.0,43412.11372,62024,630,0,0,0,0,92,72,62.31500234,46.73625175,0,196,42.75,75.86407017,5755.357143,0,0,0,1,0,0,0,0,0,48.85714286,52.0,44.66666667,92,0,0,0,0,0,0,4,208,3,134,8192,237,3,20,0.0,0.0,0,0,0.0,0.0,0,0,Bot
58897,4,3,207,134,195,0,51.75,95.54187564,128,0,44.66666667,72.23111056,5789.768579,118.8515544,9816.166667,23127.58085,57022,22,58897,19632.33333,33392.70328,58189,22,57603,28801.5,39909.81384,57022,581,0,0,0,0,92,72,67.91517395,50.93638046,0,195,42.625,75.57576615,5711.696429,0,0,0,1,0,0,0,0,0,48.71428571,51.75,44.66666667,92,0,0,0,0,0,0,4,207,3,134,8192,237,3,20,0.0,0.0,0,0,0.0,0.0,0,0,Bot
63,1,1,6,6,6,6,6.0,0.0,6,6,6.0,0.0,190476.1905,31746.03175,63.0,0.0,63,63,0,0.0,0.0,0,0,0,0.0,0.0,0,0,0,0,0,0,20,20,15873.01587,15873.01587,6,6,6.0,0.0,0.0,0,0,0,0,1,1,0,0,1,9.0,6.0,6.0,20,0,0,0,0,0,0,1,6,1,6,237,256,0,20,0.0,0.0,0,0,0.0,0.0,0,0,Bot
40,1,1,6,6,6,6,6.0,0.0,6,6,6.0,0.0,300000.0,50000.0,40.0,0.0,40,40,0,0.0,0.0,0,0,0,0.0,0.0,0,0,0,0,0,0,20,20,25000.0,25000.0,6,6,6.0,0.0,0.0,0,0,0,0,1,1,0,0,1,9.0,6.0,6.0,20,0,0,0,0,0,0,1,6,1,6,237,256,0,20,0.0,0.0,0,0,0.0,0.0,0,0,Bot
58821,4,3,210,134,198,0,52.5,97.04122835,128,0,44.66666667,72.23111056,5848.251475,119.0051172,9803.5,23193.4072,57144,4,58821,19607.0,33455.80098,58237,4,57718,28859.0,40001.03061,57144,574,0,0,0,0,92,72,68.00292413,51.00219309,0,198,43.0,76.44232186,5843.428571,0,0,0,1,0,0,0,0,0,49.14285714,52.5,44.66666667,92,0,0,0,0,0,0,4,210,3,134,8192,237,3,20,0.0,0.0,0,0,0.0,0.0,0,0,Bot
19,1,1,6,6,6,6,6.0,0.0,6,6,6.0,0.0,631578.9474,105263.1579,19.0,0.0,19,19,0,0.0,0.0,0,0,0,0.0,0.0,0,0,0,0,0,0,20,20,52631.57895,52631.57895,6,6,6.0,0.0,0.0,0,0,0,0,1,1,0,0,1,9.0,6.0,6.0,20,0,0,0,0,0,0,1,6,1,6,237,16393,0,20,0.0,0.0,0,0,0.0,0.0,0,0,Bot
247348,5,4,213,145,195,0,42.6,85.23379611,129,0,36.25,61.96975069,1447.353526,36.3859825,30918.5,86607.33708,245260,50,247348,61837.0,122861.6233,246129,70,246176,82058.66667,141336.5719,245260,316,0,0,0,0,112,92,20.21443472,16.17154778,0,195,35.8,68.38908295,4677.066667,0,0,0,1,0,0,0,0,0,39.77777778,42.6,36.25,112,0,0,0,0,0,0,5,213,4,145,8192,237,4,20,0.0,0.0,0,0,0.0,0.0,0,0,Bot
92640,26,48,100066,404,13140,0,3848.692308,2734.971031,128,0,8.416666667000001,17.64886029,1084520.725,798.791019,1269.0410960000004,9514.700686,81424,0,92640,3705.6,17256.0571,86528,3,91337,1943.340426,11849.31306,81424,0,0,0,0,0,532,972,280.656304,518.134715,0,13140,1339.6,2431.642021,5912882.919,0,0,0,1,0,0,0,0,1,1357.702703,3848.692308,8.416666667000001,532,0,0,0,0,0,0,26,100066,48,404,8192,1255,25,20,0.0,0.0,0,0,0.0,0.0,0,0,Bot
221092,5,4,212,145,194,0,42.4,84.78679142,129,0,36.25,61.96975069,1614.712427,40.70703599,27636.5,77176.58741000001,218637,3,221092,55273.0,109350.0481,219297,70,219348,73116.0,126025.3758,218637,3,0,0,0,0,112,92,22.61501999,18.09201599,0,194,35.7,68.13067509,4641.788889,0,0,0,1,0,0,0,0,0,39.66666667,42.4,36.25,112,0,0,0,0,0,0,5,212,4,145,8192,237,4,20,0.0,0.0,0,0,0.0,0.0,0,0,Bot
13,1,1,6,6,6,6,6.0,0.0,6,6,6.0,0.0,923076.9231,153846.1538,13.0,0.0,13,13,0,0.0,0.0,0,0,0,0.0,0.0,0,0,0,0,0,0,20,20,76923.07692,76923.07692,6,6,6.0,0.0,0.0,0,0,0,0,1,1,0,0,1,9.0,6.0,6.0,20,0,0,0,0,0,0,1,6,1,6,237,256,0,20,0.0,0.0,0,0,0.0,0.0,0,0,Bot
28,1,1,6,6,6,6,6.0,0.0,6,6,6.0,0.0,428571.4286,71428.57143,28.0,0.0,28,28,0,0.0,0.0,0,0,0,0.0,0.0,0,0,0,0,0,0,20,20,35714.285710000004,35714.285710000004,6,6,6.0,0.0,0.0,0,0,0,0,1,1,0,0,1,9.0,6.0,6.0,20,0,0,0,0,0,0,1,6,1,6,1255,256,0,20,0.0,0.0,0,0,0.0,0.0,0,0,Bot
98381,39,84,204312,620,20440,0,5238.769231,5123.459596,128,0,7.380952381,13.33525517,2083044.49,1250.241408,806.4016392999997,6855.162773999999,75830,0,98381,2588.973684,13788.40079,85318,6,96698,1165.036145,8306.381986,75830,0,0,0,0,0,792,1692,396.4180075,853.8234008999997,0,20440,1652.677419,3749.439112,14100000.0,0,0,0,1,0,0,0,0,2,1666.113821,5238.769231,7.380952381,792,0,0,0,0,0,0,39,204312,84,620,8192,1301,38,20,0.0,0.0,0,0,0.0,0.0,0,0,Bot
200804,5,4,214,145,196,0,42.8,85.68080298,129,0,36.25,61.96975069,1787.812992,44.81982431,25100.5,70214.49523,198872,61,200804,50201.0,99778.93114,199869,61,199904,66634.66667,114520.9627,198872,387,0,0,0,0,112,92,24.89990239,19.91992191,0,196,35.9,68.6479748,4712.544444,0,0,0,1,0,0,0,0,0,39.88888889,42.8,36.25,112,0,0,0,0,0,0,5,214,4,145,8192,237,4,20,0.0,0.0,0,0,0.0,0.0,0,0,Bot
353334,5,4,213,145,195,0,42.6,85.23379611,129,0,36.25,61.96975069,1013.205635,25.47165005,44166.75,124041.4343,351153,22,353334,88333.5,175741.2787,351945,22,351960,117320.0,202505.4088,351153,212,0,0,0,0,112,92,14.150916699999998,11.32073336,0,195,35.8,68.38908295,4677.066667,0,0,0,1,0,0,0,0,0,39.77777778,42.6,36.25,112,0,0,0,0,0,0,5,213,4,145,8192,237,4,20,0.0,0.0,0,0,0.0,0.0,0,0,Bot
271712,28,54,109704,440,23360,0,3918.0,4864.576507,128,0,8.148148147999999,16.63754269,405370.3922,301.7901307,3354.469136,28847.969310000004,259774,0,271712,10063.40741,50979.67279,265147,1,270469,5103.188679,35655.54562,259774,0,0,0,0,0,572,1092,103.0502885,198.7398422,0,23360,1327.036145,3354.291541,11300000.0,0,0,0,1,0,0,0,0,1,1343.219512,3918.0,8.148148147999999,572,0,0,0,0,0,0,28,109704,54,440,8192,1369,27,20,0.0,0.0,0,0,0.0,0.0,0,0,Bot
95859,35,81,207875,602,18980,0,5939.285714,5536.548891,128,0,7.432098765,13.58025982,2174829.6980000003,1210.110683,833.5565217,6996.61123,75153,0,95859,2819.382353,14390.43895,84245,6,94100,1176.25,8383.313569,75153,0,0,0,0,0,712,1632,365.1196027,844.9910806,0,18980,1781.8547010000002,4052.869595,16400000.0,0,0,0,1,0,0,0,0,2,1797.215517,5939.285714,7.432098765,712,0,0,0,0,0,0,35,207875,81,602,8192,1255,34,20,0.0,0.0,0,0,0.0,0.0,0,0,Bot
32,1,1,6,6,6,6,6.0,0.0,6,6,6.0,0.0,375000.0,62500.0,32.0,0.0,32,32,0,0.0,0.0,0,0,0,0.0,0.0,0,0,0,0,0,0,20,20,31250.0,31250.0,6,6,6.0,0.0,0.0,0,0,0,0,1,1,0,0,1,9.0,6.0,6.0,20,0,0,0,0,0,0,1,6,1,6,237,256,0,20,0.0,0.0,0,0,0.0,0.0,0,0,Bot
54,1,1,6,6,6,6,6.0,0.0,6,6,6.0,0.0,222222.2222,37037.03704,54.0,0.0,54,54,0,0.0,0.0,0,0,0,0.0,0.0,0,0,0,0,0,0,20,20,18518.51852,18518.51852,6,6,6.0,0.0,0.0,0,0,0,0,1,1,0,0,1,9.0,6.0,6.0,20,0,0,0,0,0,0,1,6,1,6,1255,256,0,20,0.0,0.0,0,0,0.0,0.0,0,0,Bot
78,1,1,6,6,6,6,6.0,0.0,6,6,6.0,0.0,153846.1538,25641.02564,78.0,0.0,78,78,0,0.0,0.0,0,0,0,0.0,0.0,0,0,0,0,0,0,20,20,12820.51282,12820.51282,6,6,6.0,0.0,0.0,0,0,0,0,1,1,0,0,1,9.0,6.0,6.0,20,0,0,0,0,0,0,1,6,1,6,237,256,0,20,0.0,0.0,0,0,0.0,0.0,0,0,Bot
48,1,1,6,6,6,6,6.0,0.0,6,6,6.0,0.0,250000.0,41666.66667,48.0,0.0,48,48,0,0.0,0.0,0,0,0,0.0,0.0,0,0,0,0,0,0,20,20,20833.33333,20833.33333,6,6,6.0,0.0,0.0,0,0,0,0,1,1,0,0,1,9.0,6.0,6.0,20,0,0,0,0,0,0,1,6,1,6,1369,256,0,20,0.0,0.0,0,0,0.0,0.0,0,0,Bot
49,1,1,6,6,6,6,6.0,0.0,6,6,6.0,0.0,244897.9592,40816.32653,49.0,0.0,49,49,0,0.0,0.0,0,0,0,0.0,0.0,0,0,0,0,0,0,20,20,20408.16327,20408.16327,6,6,6.0,0.0,0.0,0,0,0,0,1,1,0,0,1,9.0,6.0,6.0,20,0,0,0,0,0,0,1,6,1,6,237,256,0,20,0.0,0.0,0,0,0.0,0.0,0,0,Bot
151,1,1,6,6,6,6,6.0,0.0,6,6,6.0,0.0,79470.19868,13245.03311,151.0,0.0,151,151,0,0.0,0.0,0,0,0,0.0,0.0,0,0,0,0,0,0,20,20,6622.516556000001,6622.516556000001,6,6,6.0,0.0,0.0,0,0,0,0,1,1,0,0,1,9.0,6.0,6.0,20,0,0,0,0,0,0,1,6,1,6,1301,256,0,20,0.0,0.0,0,0,0.0,0.0,0,0,Bot
212812,5,4,216,145,198,0,43.2,86.57482313,129,0,36.25,61.96975069,1696.332914,42.29084826,26601.5,74571.53897000001,211156,13,212812,53203.0,105835.5354,211956,48,211936,70645.33333,121685.927,211156,219,0,0,0,0,112,92,23.4949157,18.79593256,0,198,36.1,69.16718875,4784.1,0,0,0,1,0,0,0,0,0,40.11111111,43.2,36.25,112,0,0,0,0,0,0,5,216,4,145,8192,237,4,20,0.0,0.0,0,0,0.0,0.0,0,0,Bot
16,1,1,6,6,6,6,6.0,0.0,6,6,6.0,0.0,750000.0,125000.0,16.0,0.0,16,16,0,0.0,0.0,0,0,0,0.0,0.0,0,0,0,0,0,0,20,20,62500.0,62500.0,6,6,6.0,0.0,0.0,0,0,0,0,1,0,0,0,1,9.0,6.0,6.0,20,0,0,0,0,0,0,1,6,1,6,16390,237,0,20,0.0,0.0,0,0,0.0,0.0,0,0,Bot
93817,21,28,73320,284,10528,0,3491.428571,2670.330627,128,0,10.14285714,23.12560596,784548.6426,522.293401,1954.520833,12221.32234,84854,0,93817,4690.85,19765.90723,88663,48,92843,3438.62963,16272.55173,84854,1,0,0,0,0,432,572,223.840029,298.453372,0,10528,1472.08,2433.906743,5923902.034,0,0,0,1,0,0,0,0,1,1502.122449,3491.428571,10.14285714,432,0,0,0,0,0,0,21,73320,28,284,8192,1164,20,20,0.0,0.0,0,0,0.0,0.0,0,0,Bot
18,1,1,6,6,6,6,6.0,0.0,6,6,6.0,0.0,666666.6667,111111.1111,18.0,0.0,18,18,0,0.0,0.0,0,0,0,0.0,0.0,0,0,0,0,0,0,20,20,55555.55556,55555.55556,6,6,6.0,0.0,0.0,0,0,0,0,1,1,0,0,1,9.0,6.0,6.0,20,0,0,0,0,0,0,1,6,1,6,1164,16393,0,20,0.0,0.0,0,0,0.0,0.0,0,0,Bot
67320,4,3,207,134,195,0,51.75,95.54187564,128,0,44.66666667,72.23111056,5065.359477,103.9809863,11220.0,26477.63703,65264,46,67320,22440.0,38155.37063,66496,46,65887,32943.5,45708.08944,65264,623,0,0,0,0,92,72,59.41770648,44.56327986,0,195,42.625,75.57576615,5711.696429,0,0,0,1,0,0,0,0,0,48.71428571,51.75,44.66666667,92,0,0,0,0,0,0,4,207,3,134,8192,237,3,20,0.0,0.0,0,0,0.0,0.0,0,0,Bot
48,1,1,6,6,6,6,6.0,0.0,6,6,6.0,0.0,250000.0,41666.66667,48.0,0.0,48,48,0,0.0,0.0,0,0,0,0.0,0.0,0,0,0,0,0,0,20,20,20833.33333,20833.33333,6,6,6.0,0.0,0.0,0,0,0,0,1,1,0,0,1,9.0,6.0,6.0,20,0,0,0,0,0,0,1,6,1,6,237,256,0,20,0.0,0.0,0,0,0.0,0.0,0,0,Bot
70903,4,3,206,134,194,0,51.5,95.04209594,128,0,44.66666667,72.23111056,4795.283697,98.72642907,11817.16667,27780.71918,68519,51,70903,23634.33333,40216.12791,70070,51,69150,34575.0,48004.06516000001,68519,631,0,0,0,0,92,72,56.41510232,42.31132674,0,194,42.5,75.2880184,5668.285714,0,0,0,1,0,0,0,0,0,48.57142857,51.5,44.66666667,92,0,0,0,0,0,0,4,206,3,134,8192,237,3,20,0.0,0.0,0,0,0.0,0.0,0,0,Bot
70098,4,3,208,134,196,0,52.0,96.04165763,128,0,44.66666667,72.23111056,4878.883848,99.86019573,11683.0,27627.90299,68075,67,70098,23366.0,39807.25387,69330,67,68666,34333.0,47718.39402,68075,591,0,0,0,0,92,72,57.06296899,42.79722674,0,196,42.75,75.86407017,5755.357143,0,0,0,1,0,0,0,0,0,48.85714286,52.0,44.66666667,92,0,0,0,0,0,0,4,208,3,134,8192,237,3,20,0.0,0.0,0,0,0.0,0.0,0,0,Bot
66444,4,3,207,134,195,0,51.75,95.54187564,128,0,44.66666667,72.23111056,5132.141352000001,105.3518753,11074.0,25912.95582,63965,122,66444,22148.0,37541.26867,65496,229,64869,32434.5,44590.86073,63965,904,0,0,0,0,92,72,60.20107158,45.15080368,0,195,42.625,75.57576615,5711.696429,0,0,0,1,0,0,0,0,0,48.71428571,51.75,44.66666667,92,0,0,0,0,0,0,4,207,3,134,8192,237,3,20,0.0,0.0,0,0,0.0,0.0,0,0,Bot
34,1,1,6,6,6,6,6.0,0.0,6,6,6.0,0.0,352941.1765,58823.52941,34.0,0.0,34,34,0,0.0,0.0,0,0,0,0.0,0.0,0,0,0,0,0,0,20,20,29411.764710000003,29411.764710000003,6,6,6.0,0.0,0.0,0,0,0,0,1,1,0,0,1,9.0,6.0,6.0,20,0,0,0,0,0,0,1,6,1,6,237,256,0,20,0.0,0.0,0,0,0.0,0.0,0,0,Bot
18,1,1,6,6,6,6,6.0,0.0,6,6,6.0,0.0,666666.6667,111111.1111,18.0,0.0,18,18,0,0.0,0.0,0,0,0,0.0,0.0,0,0,0,0,0,0,20,20,55555.55556,55555.55556,6,6,6.0,0.0,0.0,0,0,0,0,1,1,0,0,1,9.0,6.0,6.0,20,0,0,0,0,0,0,1,6,1,6,237,256,0,20,0.0,0.0,0,0,0.0,0.0,0,0,Bot
104,1,1,6,6,6,6,6.0,0.0,6,6,6.0,0.0,115384.6154,19230.76923,104.0,0.0,104,104,0,0.0,0.0,0,0,0,0.0,0.0,0,0,0,0,0,0,20,20,9615.384615,9615.384615,6,6,6.0,0.0,0.0,0,0,0,0,1,1,0,0,1,9.0,6.0,6.0,20,0,0,0,0,0,0,1,6,1,6,237,256,0,20,0.0,0.0,0,0,0.0,0.0,0,0,Bot
71697,4,3,210,134,198,0,52.5,97.04122835,128,0,44.66666667,72.23111056,4797.969232,97.63309483,11949.5,28448.73603,70018,13,71697,23899.0,40850.41507,71068,49,70588,35294.0,49107.15174,70018,570,0,0,0,0,92,72,55.7903399,41.84275493,0,198,43.0,76.44232186,5843.428571,0,0,0,1,0,0,0,0,0,49.14285714,52.5,44.66666667,92,0,0,0,0,0,0,4,210,3,134,8192,237,3,20,0.0,0.0,0,0,0.0,0.0,0,0,Bot
12,1,1,6,6,6,6,6.0,0.0,6,6,6.0,0.0,1000000.0,166666.6667,12.0,0.0,12,12,0,0.0,0.0,0,0,0,0.0,0.0,0,0,0,0,0,0,20,20,83333.33333,83333.33333,6,6,6.0,0.0,0.0,0,0,0,0,1,0,0,0,1,9.0,6.0,6.0,20,0,0,0,0,0,0,1,6,1,6,16393,237,0,20,0.0,0.0,0,0,0.0,0.0,0,0,Bot
90028,4,3,207,134,195,0,51.75,95.54187564,128,0,44.66666667,72.23111056,3787.71049,77.75358777,15004.66667,35803.83615,88087,50,90028,30009.33333,51291.35161000001,89235,189,88688,44344.0,61861.94386,88087,601,0,0,0,0,92,72,44.43062158,33.32296619,0,195,42.625,75.57576615,5711.696429,0,0,0,1,0,0,0,0,0,48.71428571,51.75,44.66666667,92,0,0,0,0,0,0,4,207,3,134,8192,237,3,20,0.0,0.0,0,0,0.0,0.0,0,0,Bot
21,1,1,6,6,6,6,6.0,0.0,6,6,6.0,0.0,571428.5714,95238.09524,21.0,0.0,21,21,0,0.0,0.0,0,0,0,0.0,0.0,0,0,0,0,0,0,20,20,47619.04762,47619.04762,6,6,6.0,0.0,0.0,0,0,0,0,1,1,0,0,1,9.0,6.0,6.0,20,0,0,0,0,0,0,1,6,1,6,237,256,0,20,0.0,0.0,0,0,0.0,0.0,0,0,Bot
104121,4,3,206,134,194,0,51.5,95.04209594,128,0,44.66666667,72.23111056,3265.431565,67.2294734,17353.5,41472.12694,102005,46,104121,34707.0,59577.93655,103501,46,102597,51298.5,71709.82,102005,592,0,0,0,0,92,72,38.41684194,28.81263146,0,194,42.5,75.2880184,5668.285714,0,0,0,1,0,0,0,0,0,48.57142857,51.5,44.66666667,92,0,0,0,0,0,0,4,206,3,134,8192,237,3,20,0.0,0.0,0,0,0.0,0.0,0,0,Bot
74123,4,3,208,134,196,0,52.0,96.04165763,128,0,44.66666667,72.23111056,4613.952484,94.43762395,12353.83333,29280.806160000004,72120,57,74123,24707.66667,42189.73365,73423,57,72736,36368.0,50560.96328,72120,616,0,0,0,0,92,72,53.96435654,40.47326741,0,196,42.75,75.86407017,5755.357143,0,0,0,1,0,0,0,0,0,48.85714286,52.0,44.66666667,92,0,0,0,0,0,0,4,208,3,134,8192,237,3,20,0.0,0.0,0,0,0.0,0.0,0,0,Bot
61144,4,3,207,134,195,0,51.75,95.54187564,128,0,44.66666667,72.23111056,5576.998561,114.48384140000002,10190.66667,23978.79485,59131,3,61144,20381.33333,34909.047999999995,60690,3,59690,29845.0,41416.65839,59131,559,0,0,0,0,92,72,65.41933796,49.06450347,0,195,42.625,75.57576615,5711.696429,0,0,0,1,0,0,0,0,0,48.71428571,51.75,44.66666667,92,0,0,0,0,0,0,4,207,3,134,8192,237,3,20,0.0,0.0,0,0,0.0,0.0,0,0,Bot
18,1,1,6,6,6,6,6.0,0.0,6,6,6.0,0.0,666666.6667,111111.1111,18.0,0.0,18,18,0,0.0,0.0,0,0,0,0.0,0.0,0,0,0,0,0,0,20,20,55555.55556,55555.55556,6,6,6.0,0.0,0.0,0,0,0,0,1,1,0,0,1,9.0,6.0,6.0,20,0,0,0,0,0,0,1,6,1,6,237,256,0,20,0.0,0.0,0,0,0.0,0.0,0,0,Bot
77,1,1,6,6,6,6,6.0,0.0,6,6,6.0,0.0,155844.1558,25974.02597,77.0,0.0,77,77,0,0.0,0.0,0,0,0,0.0,0.0,0,0,0,0,0,0,20,20,12987.01299,12987.01299,6,6,6.0,0.0,0.0,0,0,0,0,1,1,0,0,1,9.0,6.0,6.0,20,0,0,0,0,0,0,1,6,1,6,237,256,0,20,0.0,0.0,0,0,0.0,0.0,0,0,Bot
60272,4,3,210,134,198,0,52.5,97.04122835,128,0,44.66666667,72.23111056,5707.459517,116.1401646,10045.33333,23718.87007,58458,15,60272,20090.66667,34292.3022,59687,48,59200,29600.0,40811.37498,58458,742,0,0,0,0,92,72,66.36580834,49.77435625,0,198,43.0,76.44232186,5843.428571,0,0,0,1,0,0,0,0,0,49.14285714,52.5,44.66666667,92,0,0,0,0,0,0,4,210,3,134,8192,237,3,20,0.0,0.0,0,0,0.0,0.0,0,0,Bot
11,1,1,6,6,6,6,6.0,0.0,6,6,6.0,0.0,1090909.091,181818.1818,11.0,0.0,11,11,0,0.0,0.0,0,0,0,0.0,0.0,0,0,0,0,0,0,20,20,90909.09091,90909.09091,6,6,6.0,0.0,0.0,0,0,0,0,1,0,0,0,1,9.0,6.0,6.0,20,0,0,0,0,0,0,1,6,1,6,16393,237,0,20,0.0,0.0,0,0,0.0,0.0,0,0,Bot
29,1,1,6,6,6,6,6.0,0.0,6,6,6.0,0.0,413793.1034,68965.51724,29.0,0.0,29,29,0,0.0,0.0,0,0,0,0.0,0.0,0,0,0,0,0,0,20,20,34482.75862,34482.75862,6,6,6.0,0.0,0.0,0,0,0,0,1,1,0,0,1,9.0,6.0,6.0,20,0,0,0,0,0,0,1,6,1,6,237,256,0,20,0.0,0.0,0,0,0.0,0.0,0,0,Bot
224568,5,4,213,140,195,0,42.6,85.23379611,128,0,35.0,62.0644826,1571.90695,40.07694774,28071.0,78538.48656,222443,24,224568,56142.0,111459.0149,223330,24,223386,74462.0,128155.378,222443,335,0,0,0,0,112,92,22.26497097,17.81197677,0,195,35.3,68.41710312,4680.9,0,0,0,1,0,0,0,0,0,39.22222222,42.6,35.0,112,0,0,0,0,0,0,5,213,4,140,8192,237,4,20,0.0,0.0,0,0,0.0,0.0,0,0,Bot
70993,4,3,1053,134,1041,0,263.25,518.5077144999998,128,0,44.66666667,72.23111056,16719.958309999998,98.60127055,11832.16667,27703.91807,68377,38,70993,23664.33333,40287.15726,70182,38,69383,34691.5,47638.49096,68377,1006,0,0,0,0,92,72,56.34358317,42.25768738,0,1041,148.375,363.328241,132007.4107,0,0,0,1,0,0,0,0,0,169.5714286,263.25,44.66666667,92,0,0,0,0,0,0,4,1053,3,134,8192,245,3,20,0.0,0.0,0,0,0.0,0.0,0,0,Bot
30,1,1,6,6,6,6,6.0,0.0,6,6,6.0,0.0,400000.0,66666.66667,30.0,0.0,30,30,0,0.0,0.0,0,0,0,0.0,0.0,0,0,0,0,0,0,20,20,33333.33333,33333.33333,6,6,6.0,0.0,0.0,0,0,0,0,1,1,0,0,1,9.0,6.0,6.0,20,0,0,0,0,0,0,1,6,1,6,237,256,0,20,0.0,0.0,0,0,0.0,0.0,0,0,Bot
32,1,1,6,6,6,6,6.0,0.0,6,6,6.0,0.0,375000.0,62500.0,32.0,0.0,32,32,0,0.0,0.0,0,0,0,0.0,0.0,0,0,0,0,0,0,20,20,31250.0,31250.0,6,6,6.0,0.0,0.0,0,0,0,0,1,1,0,0,1,9.0,6.0,6.0,20,0,0,0,0,0,0,1,6,1,6,245,256,0,20,0.0,0.0,0,0,0.0,0.0,0,0,Bot
202412,5,4,213,140,195,0,42.6,85.23379611,128,0,35.0,62.0644826,1743.967749,44.46376697,25301.5,70805.15507000001,200534,4,202412,50603.0,100316.4077,201077,72,201134,67044.66667,115605.5327,200534,4,0,0,0,0,112,92,24.70209276,19.76167421,0,195,35.3,68.41710312,4680.9,0,0,0,1,0,0,0,0,0,39.22222222,42.6,35.0,112,0,0,0,0,0,0,5,213,4,140,8192,237,4,20,0.0,0.0,0,0,0.0,0.0,0,0,Bot
72741,4,3,1035,134,1023,0,258.75,509.5078508,128,0,44.66666667,72.23111056,16070.71665,96.23183624,12123.5,28614.40965,70529,50,72741,24247.0,41334.72749,71975,86,71335,35667.5,49301.6061,70529,806,0,0,0,0,92,72,54.98962071,41.24221553,0,1023,146.125,357.0115794,127457.2679,0,0,0,1,0,0,0,0,0,167.0,258.75,44.66666667,92,0,0,0,0,0,0,4,1035,3,134,8192,245,3,20,0.0,0.0,0,0,0.0,0.0,0,0,Bot
18,1,1,6,6,6,6,6.0,0.0,6,6,6.0,0.0,666666.6667,111111.1111,18.0,0.0,18,18,0,0.0,0.0,0,0,0,0.0,0.0,0,0,0,0,0,0,20,20,55555.55556,55555.55556,6,6,6.0,0.0,0.0,0,0,0,0,1,1,0,0,1,9.0,6.0,6.0,20,0,0,0,0,0,0,1,6,1,6,237,256,0,20,0.0,0.0,0,0,0.0,0.0,0,0,Bot
16,1,1,6,6,6,6,6.0,0.0,6,6,6.0,0.0,750000.0,125000.0,16.0,0.0,16,16,0,0.0,0.0,0,0,0,0.0,0.0,0,0,0,0,0,0,20,20,62500.0,62500.0,6,6,6.0,0.0,0.0,0,0,0,0,1,1,0,0,1,9.0,6.0,6.0,20,0,0,0,0,0,0,1,6,1,6,245,256,0,20,0.0,0.0,0,0,0.0,0.0,0,0,Bot
188972,5,4,212,140,194,0,42.4,84.78679142,128,0,35.0,62.0644826,1862.709819,47.62610334,23621.5,65823.84407,186525,3,188972,47243.0,93251.5564,187119,43,187184,62394.66667000001,107500.5179,186525,3,0,0,0,0,112,92,26.4589463,21.16715704,0,194,35.2,68.15798641,4645.511111,0,0,0,1,0,0,0,0,0,39.11111111,42.4,35.0,112,0,0,0,0,0,0,5,212,4,140,8192,237,4,20,0.0,0.0,0,0,0.0,0.0,0,0,Bot
97051,4,3,1870,134,1858,0,467.5,927.004315,128,0,44.66666667,72.23111056,20648.93716,72.127026,16175.16667,38329.47657,94413,61,97051,32350.33333,55047.02148,95913,446,95571,47785.5,65941.24287999999,94413,1158,0,0,0,0,92,72,41.21544343,30.91158257,0,1858,250.5,651.0051569,423807.7143,0,0,0,1,0,0,0,0,0,286.2857143,467.5,44.66666667,92,0,0,0,0,0,0,4,1870,3,134,8192,258,3,20,0.0,0.0,0,0,0.0,0.0,0,0,Bot
209181,5,4,214,140,196,0,42.8,85.68080298,128,0,35.0,62.0644826,1692.3143120000002,43.02494012,26147.625,73206.92182999999,207325,52,209181,52295.25,103880.0548,208115,52,208167,69389.0,119456.2393,207325,226,0,0,0,0,112,92,23.90274451,19.12219561,0,196,35.4,68.6766983,4716.488889,0,0,0,1,0,0,0,0,0,39.33333333,42.8,35.0,112,0,0,0,0,0,0,5,214,4,140,8192,237,4,20,0.0,0.0,0,0,0.0,0.0,0,0,Bot
27,1,1,6,6,6,6,6.0,0.0,6,6,6.0,0.0,444444.4444,74074.07407,27.0,0.0,27,27,0,0.0,0.0,0,0,0,0.0,0.0,0,0,0,0,0,0,20,20,37037.03704,37037.03704,6,6,6.0,0.0,0.0,0,0,0,0,1,1,0,0,1,9.0,6.0,6.0,20,0,0,0,0,0,0,1,6,1,6,237,256,0,20,0.0,0.0,0,0,0.0,0.0,0,0,Bot
29,1,1,6,6,6,6,6.0,0.0,6,6,6.0,0.0,413793.1034,68965.51724,29.0,0.0,29,29,0,0.0,0.0,0,0,0,0.0,0.0,0,0,0,0,0,0,20,20,34482.75862,34482.75862,6,6,6.0,0.0,0.0,0,0,0,0,1,1,0,0,1,9.0,6.0,6.0,20,0,0,0,0,0,0,1,6,1,6,258,256,0,20,0.0,0.0,0,0,0.0,0.0,0,0,Bot
138008,4,3,207,134,195,0,51.75,95.54187564,128,0,44.66666667,72.23111056,2470.871254,50.72169729,23001.33333,55385.10587000001,136054,21,138008,46002.66667,79157.23962000001,137405,21,136663,68331.5,95774.07798,136054,609,0,0,0,0,92,72,28.98382702,21.73787027,0,195,42.625,75.57576615,5711.696429,0,0,0,1,0,0,0,0,0,48.71428571,51.75,44.66666667,92,0,0,0,0,0,0,4,207,3,134,8192,237,3,20,0.0,0.0,0,0,0.0,0.0,0,0,Bot
122908,4,3,852,134,840,0,213.0,418.0095693,128,0,44.66666667,72.23111056,8022.260553,56.95316822,20484.66667,49205.40693000001,120923,30,122908,40969.33333,70359.7956,122213,30,121526,60763.0,85079.08791,120923,603,0,0,0,0,92,72,32.54466756,24.40850067,0,840,123.25,292.90844500000014,85795.35714,0,0,0,1,0,0,0,0,0,140.8571429,213.0,44.66666667,92,0,0,0,0,0,0,4,852,3,134,8192,242,3,20,0.0,0.0,0,0,0.0,0.0,0,0,Bot
207432,5,4,216,140,198,0,43.2,86.57482313,128,0,35.0,62.0644826,1716.2250760000002,43.3877126,25929.0,72419.22614,205156,3,207432,51858.0,102773.3156,206017,3,205953,68651.0,118216.9402,205156,215,0,0,0,0,112,92,24.10428478,19.28342782,0,198,35.6,69.19730245,4788.266667,0,0,0,1,0,0,0,0,0,39.55555556,43.2,35.0,112,0,0,0,0,0,0,5,216,4,140,8192,237,4,20,0.0,0.0,0,0,0.0,0.0,0,0,Bot
54,1,1,6,6,6,6,6.0,0.0,6,6,6.0,0.0,222222.2222,37037.03704,54.0,0.0,54,54,0,0.0,0.0,0,0,0,0.0,0.0,0,0,0,0,0,0,20,20,18518.51852,18518.51852,6,6,6.0,0.0,0.0,0,0,0,0,1,1,0,0,1,9.0,6.0,6.0,20,0,0,0,0,0,0,1,6,1,6,237,256,0,20,0.0,0.0,0,0,0.0,0.0,0,0,Bot
42,1,1,6,6,6,6,6.0,0.0,6,6,6.0,0.0,285714.2857,47619.04762,42.0,0.0,42,42,0,0.0,0.0,0,0,0,0.0,0.0,0,0,0,0,0,0,20,20,23809.52381,23809.52381,6,6,6.0,0.0,0.0,0,0,0,0,1,1,0,0,1,9.0,6.0,6.0,20,0,0,0,0,0,0,1,6,1,6,242,256,0,20,0.0,0.0,0,0,0.0,0.0,0,0,Bot
4,1,1,6,6,6,6,6.0,0.0,6,6,6.0,0.0,3000000.0,500000.0,4.0,0.0,4,4,0,0.0,0.0,0,0,0,0.0,0.0,0,0,0,0,0,0,20,20,250000.0,250000.0,6,6,6.0,0.0,0.0,0,0,0,0,1,1,0,0,1,9.0,6.0,6.0,20,0,0,0,0,0,0,1,6,1,6,237,256,0,20,0.0,0.0,0,0,0.0,0.0,0,0,Bot
76288,4,3,1172,134,1160,0,293.0,578.0069204,128,0,44.66666667,72.23111056,17119.33725,91.75755034,12714.66667,30243.93441,74447,18,76288,25429.33333,43533.96077,75697,18,75007,37503.5,52245.99874,74447,560,0,0,0,0,92,72,52.43288591,39.32466443,0,1160,163.25,405.1256419,164126.7857,0,0,0,1,0,0,0,0,0,186.5714286,293.0,44.66666667,92,0,0,0,0,0,0,4,1172,3,134,8192,251,3,20,0.0,0.0,0,0,0.0,0.0,0,0,Bot
21,1,1,6,6,6,6,6.0,0.0,6,6,6.0,0.0,571428.5714,95238.09524,21.0,0.0,21,21,0,0.0,0.0,0,0,0,0.0,0.0,0,0,0,0,0,0,20,20,47619.04762,47619.04762,6,6,6.0,0.0,0.0,0,0,0,0,1,1,0,0,1,9.0,6.0,6.0,20,0,0,0,0,0,0,1,6,1,6,251,16393,0,20,0.0,0.0,0,0,0.0,0.0,0,0,Bot
19,1,1,6,6,6,6,6.0,0.0,6,6,6.0,0.0,631578.9474,105263.1579,19.0,0.0,19,19,0,0.0,0.0,0,0,0,0.0,0.0,0,0,0,0,0,0,20,20,52631.57895,52631.57895,6,6,6.0,0.0,0.0,0,0,0,0,1,1,0,0,1,9.0,6.0,6.0,20,0,0,0,0,0,0,1,6,1,6,237,16392,0,20,0.0,0.0,0,0,0.0,0.0,0,0,Bot
96975,4,3,207,134,195,0,51.75,95.54187564,128,0,44.66666667,72.23111056,3516.3701990000004,72.18355246,16162.5,38507.21377,94762,54,96975,32325.0,55258.84229,96131,54,95372,47686.0,66575.51766,94762,610,0,0,0,0,92,72,41.24774426,30.9358082,0,195,42.625,75.57576615,5711.696429,0,0,0,1,0,0,0,0,0,48.71428571,51.75,44.66666667,92,0,0,0,0,0,0,4,207,3,134,8192,237,3,20,0.0,0.0,0,0,0.0,0.0,0,0,Bot
0,1,1,6,6,6,6,6.0,0.0,6,6,6.0,0.0,inf,inf,0.0,0.0,0,0,0,0.0,0.0,0,0,0,0.0,0.0,0,0,0,0,0,0,20,20,0.0,0.0,6,6,6.0,0.0,0.0,0,0,0,0,1,0,0,0,1,9.0,6.0,6.0,20,0,0,0,0,0,0,1,6,1,6,256,237,0,20,0.0,0.0,0,0,0.0,0.0,0,0,Bot
70073,4,3,207,134,195,0,51.75,95.54187564,128,0,44.66666667,72.23111056,4866.35366,99.89582293,11678.83333,27744.67472,68310,50,70073,23357.66667,39922.21349,69455,64,68867,34433.5,47908.60575,68310,557,0,0,0,0,92,72,57.08332739,42.81249554,0,195,42.625,75.57576615,5711.696429,0,0,0,1,0,0,0,0,0,48.71428571,51.75,44.66666667,92,0,0,0,0,0,0,4,207,3,134,8192,237,3,20,0.0,0.0,0,0,0.0,0.0,0,0,Bot
64381,4,3,206,134,194,0,51.5,95.04209594,128,0,44.66666667,72.23111056,5281.061183,108.7277302,10730.16667,23908.97068,59502,80,64381,21460.33333,34340.38314,61098,691,62695,31347.5,39816.47574,59502,3193,0,0,0,0,92,72,62.13013156,46.59759867,0,194,42.5,75.2880184,5668.285714,0,0,0,1,0,0,0,0,0,48.57142857,51.5,44.66666667,92,0,0,0,0,0,0,4,206,3,134,8192,237,3,20,0.0,0.0,0,0,0.0,0.0,0,0,Bot
88,1,1,6,6,6,6,6.0,0.0,6,6,6.0,0.0,136363.6364,22727.27273,88.0,0.0,88,88,0,0.0,0.0,0,0,0,0.0,0.0,0,0,0,0,0,0,20,20,11363.63636,11363.63636,6,6,6.0,0.0,0.0,0,0,0,0,1,1,0,0,1,9.0,6.0,6.0,20,0,0,0,0,0,0,1,6,1,6,237,256,0,20,0.0,0.0,0,0,0.0,0.0,0,0,Bot
18,1,1,6,6,6,6,6.0,0.0,6,6,6.0,0.0,666666.6667,111111.1111,18.0,0.0,18,18,0,0.0,0.0,0,0,0,0.0,0.0,0,0,0,0,0,0,20,20,55555.55556,55555.55556,6,6,6.0,0.0,0.0,0,0,0,0,1,1,0,0,1,9.0,6.0,6.0,20,0,0,0,0,0,0,1,6,1,6,237,256,0,20,0.0,0.0,0,0,0.0,0.0,0,0,Bot
62933,4,3,207,134,195,0,51.75,95.54187564,128,0,44.66666667,72.23111056,5418.460903,111.2294027,10488.83333,24837.95341,61187,66,62933,20977.66667,35772.96516,62284,112,61804,30902.0,42829.45774,61187,617,0,0,0,0,92,72,63.55965868,47.66974401,0,195,42.625,75.57576615,5711.696429,0,0,0,1,0,0,0,0,0,48.71428571,51.75,44.66666667,92,0,0,0,0,0,0,4,207,3,134,8192,237,3,20,0.0,0.0,0,0,0.0,0.0,0,0,Bot
1,1,1,6,6,6,6,6.0,0.0,6,6,6.0,0.0,12000000.0,2000000.0,1.0,0.0,1,1,0,0.0,0.0,0,0,0,0.0,0.0,0,0,0,0,0,0,20,20,1000000.0,1000000.0,6,6,6.0,0.0,0.0,0,0,0,0,1,0,0,0,1,9.0,6.0,6.0,20,0,0,0,0,0,0,1,6,1,6,256,237,0,20,0.0,0.0,0,0,0.0,0.0,0,0,Bot
58223,4,3,208,134,196,0,52.0,96.04165763,128,0,44.66666667,72.23111056,5873.967332,120.22740149999998,9703.833333,22785.65439,56211,36,58223,19407.66667,32994.839510000005,57505,36,56824,28412.0,39313.72282,56211,613,0,0,0,0,92,72,68.70137231,51.52602923,0,196,42.75,75.86407017,5755.357143,0,0,0,1,0,0,0,0,0,48.85714286,52.0,44.66666667,92,0,0,0,0,0,0,4,208,3,134,8192,237,3,20,0.0,0.0,0,0,0.0,0.0,0,0,Bot
72,1,1,6,6,6,6,6.0,0.0,6,6,6.0,0.0,166666.6667,27777.77778,72.0,0.0,72,72,0,0.0,0.0,0,0,0,0.0,0.0,0,0,0,0,0,0,20,20,13888.88889,13888.88889,6,6,6.0,0.0,0.0,0,0,0,0,1,1,0,0,1,9.0,6.0,6.0,20,0,0,0,0,0,0,1,6,1,6,237,256,0,20,0.0,0.0,0,0,0.0,0.0,0,0,Bot
63583,4,3,210,134,198,0,52.5,97.04122835,128,0,44.66666667,72.23111056,5410.251168,110.0923203,10597.16667,25125.17794,61881,3,63583,21194.33333,36169.72049,62958,3,62442,31221.0,43359.78782,61881,561,0,0,0,0,92,72,62.9098973,47.18242297,0,198,43.0,76.44232186,5843.428571,0,0,0,1,0,0,0,0,0,49.14285714,52.5,44.66666667,92,0,0,0,0,0,0,4,210,3,134,8192,237,3,20,0.0,0.0,0,0,0.0,0.0,0,0,Bot
20,1,1,6,6,6,6,6.0,0.0,6,6,6.0,0.0,600000.0,100000.0,20.0,0.0,20,20,0,0.0,0.0,0,0,0,0.0,0.0,0,0,0,0,0,0,20,20,50000.0,50000.0,6,6,6.0,0.0,0.0,0,0,0,0,1,1,0,0,1,9.0,6.0,6.0,20,0,0,0,0,0,0,1,6,1,6,237,16393,0,20,0.0,0.0,0,0,0.0,0.0,0,0,Bot
88707,4,3,207,134,195,0,51.75,95.54187564,128,0,44.66666667,72.23111056,3844.116022,78.9114726,14784.5,35138.7935,86508,54,88707,29569.0,50381.97982,87743,54,87114,43557.0,60741.88672,86508,606,0,0,0,0,92,72,45.09227006,33.81920254,0,195,42.625,75.57576615,5711.696429,0,0,0,1,0,0,0,0,0,48.71428571,51.75,44.66666667,92,0,0,0,0,0,0,4,207,3,134,8192,237,3,20,0.0,0.0,0,0,0.0,0.0,0,0,Bot
3,1,1,6,6,6,6,6.0,0.0,6,6,6.0,0.0,4000000.0,666666.6667,3.0,0.0,3,3,0,0.0,0.0,0,0,0,0.0,0.0,0,0,0,0,0,0,20,20,333333.3333,333333.3333,6,6,6.0,0.0,0.0,0,0,0,0,1,1,0,0,1,9.0,6.0,6.0,20,0,0,0,0,0,0,1,6,1,6,237,256,0,20,0.0,0.0,0,0,0.0,0.0,0,0,Bot
64334,4,3,207,134,195,0,51.75,95.54187564,128,0,44.66666667,72.23111056,5300.463208,108.8071626,10722.33333,25243.29922,62246,48,64334,21444.66667,36359.77916000001,63427,71,62812,31406.0,43614.34626000001,62246,566,0,0,0,0,92,72,62.1755215,46.63164112,0,195,42.625,75.57576615,5711.696429,0,0,0,1,0,0,0,0,0,48.71428571,51.75,44.66666667,92,0,0,0,0,0,0,4,207,3,134,8192,237,3,20,0.0,0.0,0,0,0.0,0.0,0,0,Bot
62491,4,3,206,134,194,0,51.5,95.04209594,128,0,44.66666667,72.23111056,5440.783473,112.0161303,10415.16667,24429.50016,60276,49,62491,20830.33333,35515.62734,61839,49,60924,30462.0,42163.36315,60276,648,0,0,0,0,92,72,64.00921733,48.006913,0,194,42.5,75.2880184,5668.285714,0,0,0,1,0,0,0,0,0,48.57142857,51.5,44.66666667,92,0,0,0,0,0,0,4,206,3,134,8192,237,3,20,0.0,0.0,0,0,0.0,0.0,0,0,Bot
93,1,1,6,6,6,6,6.0,0.0,6,6,6.0,0.0,129032.2581,21505.37634,93.0,0.0,93,93,0,0.0,0.0,0,0,0,0.0,0.0,0,0,0,0,0,0,20,20,10752.68817,10752.68817,6,6,6.0,0.0,0.0,0,0,0,0,1,1,0,0,1,9.0,6.0,6.0,20,0,0,0,0,0,0,1,6,1,6,237,256,0,20,0.0,0.0,0,0,0.0,0.0,0,0,Bot
21,1,1,6,6,6,6,6.0,0.0,6,6,6.0,0.0,571428.5714,95238.09524,21.0,0.0,21,21,0,0.0,0.0,0,0,0,0.0,0.0,0,0,0,0,0,0,20,20,47619.04762,47619.04762,6,6,6.0,0.0,0.0,0,0,0,0,1,1,0,0,1,9.0,6.0,6.0,20,0,0,0,0,0,0,1,6,1,6,237,256,0,20,0.0,0.0,0,0,0.0,0.0,0,0,Bot
72222,4,3,207,134,195,0,51.75,95.54187564,128,0,44.66666667,72.23111056,4721.552989,96.92337515,12037.0,28515.23046,70241,75,72222,24074.0,40954.60732,71363,125,70852,35426.0,49235.84517,70241,611,0,0,0,0,92,72,55.3847858,41.53858935,0,195,42.625,75.57576615,5711.696429,0,0,0,1,0,0,0,0,0,48.71428571,51.75,44.66666667,92,0,0,0,0,0,0,4,207,3,134,8192,237,3,20,0.0,0.0,0,0,0.0,0.0,0,0,Bot
90202,4,3,208,134,196,0,52.0,96.04165763,128,0,44.66666667,72.23111056,3791.490211,77.60360081,15033.66667,35882.85785,88277,38,90202,30067.33333,51531.5708,89570,38,88913,44456.5,61971.54541,88277,636,0,0,0,0,92,72,44.34491475,33.25868606,0,196,42.75,75.86407017,5755.357143,0,0,0,1,0,0,0,0,0,48.85714286,52.0,44.66666667,92,0,0,0,0,0,0,4,208,3,134,8192,237,3,20,0.0,0.0,0,0,0.0,0.0,0,0,Bot
33,1,1,6,6,6,6,6.0,0.0,6,6,6.0,0.0,363636.3636,60606.06061,33.0,0.0,33,33,0,0.0,0.0,0,0,0,0.0,0.0,0,0,0,0,0,0,20,20,30303.0303,30303.0303,6,6,6.0,0.0,0.0,0,0,0,0,1,1,0,0,1,9.0,6.0,6.0,20,0,0,0,0,0,0,1,6,1,6,237,256,0,20,0.0,0.0,0,0,0.0,0.0,0,0,Bot
42,1,1,6,6,6,6,6.0,0.0,6,6,6.0,0.0,285714.2857,47619.04762,42.0,0.0,42,42,0,0.0,0.0,0,0,0,0.0,0.0,0,0,0,0,0,0,20,20,23809.52381,23809.52381,6,6,6.0,0.0,0.0,0,0,0,0,1,1,0,0,1,9.0,6.0,6.0,20,0,0,0,0,0,0,1,6,1,6,237,256,0,20,0.0,0.0,0,0,0.0,0.0,0,0,Bot
77831,4,3,210,134,198,0,52.5,97.04122835,128,0,44.66666667,72.23111056,4419.832714,89.9384564,12971.83333,30827.56462,75895,3,77831,25943.66667,44181.83537,76958,3,76436,38218.0,53283.32439,75895,541,0,0,0,0,92,72,51.39340366,38.54505274,0,198,43.0,76.44232186,5843.428571,0,0,0,1,0,0,0,0,0,49.14285714,52.5,44.66666667,92,0,0,0,0,0,0,4,210,3,134,8192,237,3,20,0.0,0.0,0,0,0.0,0.0,0,0,Bot
18,1,1,6,6,6,6,6.0,0.0,6,6,6.0,0.0,666666.6667,111111.1111,18.0,0.0,18,18,0,0.0,0.0,0,0,0,0.0,0.0,0,0,0,0,0,0,20,20,55555.55556,55555.55556,6,6,6.0,0.0,0.0,0,0,0,0,1,1,0,0,1,9.0,6.0,6.0,20,0,0,0,0,0,0,1,6,1,6,237,16393,0,20,0.0,0.0,0,0,0.0,0.0,0,0,Bot
105495,4,3,207,134,195,0,51.75,95.54187564,128,0,44.66666667,72.23111056,3232.380682,66.35385563,17582.5,41989.19314,103290,58,105495,35165.0,60212.64466000001,104692,157,103935,51967.5,72580.97555,103290,645,0,0,0,0,92,72,37.91648893,28.4373667,0,195,42.625,75.57576615,5711.696429,0,0,0,1,0,0,0,0,0,48.71428571,51.75,44.66666667,92,0,0,0,0,0,0,4,207,3,134,8192,237,3,20,0.0,0.0,0,0,0.0,0.0,0,0,Bot
5,1,1,6,6,6,6,6.0,0.0,6,6,6.0,0.0,2400000.0,400000.0,5.0,0.0,5,5,0,0.0,0.0,0,0,0,0.0,0.0,0,0,0,0,0,0,20,20,200000.0,200000.0,6,6,6.0,0.0,0.0,0,0,0,0,1,1,0,0,1,9.0,6.0,6.0,20,0,0,0,0,0,0,1,6,1,6,237,256,0,20,0.0,0.0,0,0,0.0,0.0,0,0,Bot
78937,4,3,207,134,195,0,51.75,95.54187564,128,0,44.66666667,72.23111056,4319.90068,88.67831309,13156.16667,31252.8439,76948,38,78937,26312.33333,44938.11518,78201,38,77550,38775.0,53984.77432,76948,602,0,0,0,0,92,72,50.67332176,38.00499132,0,195,42.625,75.57576615,5711.696429,0,0,0,1,0,0,0,0,0,48.71428571,51.75,44.66666667,92,0,0,0,0,0,0,4,207,3,134,8192,237,3,20,0.0,0.0,0,0,0.0,0.0,0,0,Bot
82772,4,3,206,134,194,0,51.5,95.04209594,128,0,44.66666667,72.23111056,4107.669260000001,84.56966124,13795.33333,31482.85951,78000,46,82772,27590.66667,47207.35817,82100,46,78616,39308.0,54718.75116,78000,616,0,0,0,0,92,72,48.32552071,36.24414053,0,194,42.5,75.2880184,5668.285714,0,0,0,1,0,0,0,0,0,48.57142857,51.5,44.66666667,92,0,0,0,0,0,0,4,206,3,134,8192,237,3,20,0.0,0.0,0,0,0.0,0.0,0,0,Bot
50,1,1,6,6,6,6,6.0,0.0,6,6,6.0,0.0,240000.0,40000.0,50.0,0.0,50,50,0,0.0,0.0,0,0,0,0.0,0.0,0,0,0,0,0,0,20,20,20000.0,20000.0,6,6,6.0,0.0,0.0,0,0,0,0,1,1,0,0,1,9.0,6.0,6.0,20,0,0,0,0,0,0,1,6,1,6,237,256,0,20,0.0,0.0,0,0,0.0,0.0,0,0,Bot
79794,4,3,207,134,195,0,51.75,95.54187564,128,0,44.66666667,72.23111056,4273.504274,87.72589418,13299.0,31630.2195,77861,44,79794,26598.0,45542.38344,79185,51,78454,39227.0,54636.72677000001,77861,593,0,0,0,0,92,72,50.12908239,37.59681179,0,195,42.625,75.57576615,5711.696429,0,0,0,1,0,0,0,0,0,48.71428571,51.75,44.66666667,92,0,0,0,0,0,0,4,207,3,134,8192,237,3,20,0.0,0.0,0,0,0.0,0.0,0,0,Bot
95195,4,3,208,134,196,0,52.0,96.04165763,128,0,44.66666667,72.23111056,3592.6256630000003,73.53327381,15865.83333,38014.69624,93461,21,95195,31731.66667,54522.27972000001,94688,21,94022,47011.0,65690.21997,93461,561,0,0,0,0,92,72,42.0190136,31.5142602,0,196,42.75,75.86407017,5755.357143,0,0,0,1,0,0,0,0,0,48.85714286,52.0,44.66666667,92,0,0,0,0,0,0,4,208,3,134,8192,237,3,20,0.0,0.0,0,0,0.0,0.0,0,0,Bot
33,1,1,6,6,6,6,6.0,0.0,6,6,6.0,0.0,363636.3636,60606.06061,33.0,0.0,33,33,0,0.0,0.0,0,0,0,0.0,0.0,0,0,0,0,0,0,20,20,30303.0303,30303.0303,6,6,6.0,0.0,0.0,0,0,0,0,1,1,0,0,1,9.0,6.0,6.0,20,0,0,0,0,0,0,1,6,1,6,237,256,0,20,0.0,0.0,0,0,0.0,0.0,0,0,Bot
3,1,1,6,6,6,6,6.0,0.0,6,6,6.0,0.0,4000000.0,666666.6667,3.0,0.0,3,3,0,0.0,0.0,0,0,0,0.0,0.0,0,0,0,0,0,0,20,20,333333.3333,333333.3333,6,6,6.0,0.0,0.0,0,0,0,0,1,1,0,0,1,9.0,6.0,6.0,20,0,0,0,0,0,0,1,6,1,6,237,256,0,20,0.0,0.0,0,0,0.0,0.0,0,0,Bot
72,1,1,6,6,6,6,6.0,0.0,6,6,6.0,0.0,166666.6667,27777.77778,72.0,0.0,72,72,0,0.0,0.0,0,0,0,0.0,0.0,0,0,0,0,0,0,20,20,13888.88889,13888.88889,6,6,6.0,0.0,0.0,0,0,0,0,1,1,0,0,1,9.0,6.0,6.0,20,0,0,0,0,0,0,1,6,1,6,237,256,0,20,0.0,0.0,0,0,0.0,0.0,0,0,Bot
75610,4,3,210,134,198,0,52.5,97.04122835,128,0,44.66666667,72.23111056,4549.662743,92.58034652,12601.66667,30014.797,73867,44,75610,25203.33333,43062.9587,74927,48,74449,37224.5,51820.32046,73867,582,0,0,0,0,92,72,52.90305515,39.67729136,0,198,43.0,76.44232186,5843.428571,0,0,0,1,0,0,0,0,0,49.14285714,52.5,44.66666667,92,0,0,0,0,0,0,4,210,3,134,8192,237,3,20,0.0,0.0,0,0,0.0,0.0,0,0,Bot
18,1,1,6,6,6,6,6.0,0.0,6,6,6.0,0.0,666666.6667,111111.1111,18.0,0.0,18,18,0,0.0,0.0,0,0,0,0.0,0.0,0,0,0,0,0,0,20,20,55555.55556,55555.55556,6,6,6.0,0.0,0.0,0,0,0,0,1,1,0,0,1,9.0,6.0,6.0,20,0,0,0,0,0,0,1,6,1,6,237,16393,0,20,0.0,0.0,0,0,0.0,0.0,0,0,Bot
88361,4,3,207,134,195,0,51.75,95.54187564,128,0,44.66666667,72.23111056,3859.168638,79.22047057,14726.83333,35131.96001,86437,53,88361,29453.66667,50530.78279,87801,53,87060,43530.0,60679.66132000001,86437,623,0,0,0,0,92,72,45.26884033,33.95163024,0,195,42.625,75.57576615,5711.696429,0,0,0,1,0,0,0,0,0,48.71428571,51.75,44.66666667,92,0,0,0,0,0,0,4,207,3,134,8192,237,3,20,0.0,0.0,0,0,0.0,0.0,0,0,Bot
3,1,1,6,6,6,6,6.0,0.0,6,6,6.0,0.0,4000000.0,666666.6667,3.0,0.0,3,3,0,0.0,0.0,0,0,0,0.0,0.0,0,0,0,0,0,0,20,20,333333.3333,333333.3333,6,6,6.0,0.0,0.0,0,0,0,0,1,1,0,0,1,9.0,6.0,6.0,20,0,0,0,0,0,0,1,6,1,6,237,256,0,20,0.0,0.0,0,0,0.0,0.0,0,0,Bot
67230,4,3,207,134,195,0,51.75,95.54187564,128,0,44.66666667,72.23111056,5072.140414,104.1201844,11205.0,26550.52048000001,65399,75,67230,22410.0,38176.68764,66492,163,66019,33009.5,45805.67018,65399,620,0,0,0,0,92,72,59.49724825,44.62293619,0,195,42.625,75.57576615,5711.696429,0,0,0,1,0,0,0,0,0,48.71428571,51.75,44.66666667,92,0,0,0,0,0,0,4,207,3,134,8192,237,3,20,0.0,0.0,0,0,0.0,0.0,0,0,Bot
20,1,1,6,6,6,6,6.0,0.0,6,6,6.0,0.0,600000.0,100000.0,20.0,0.0,20,20,0,0.0,0.0,0,0,0,0.0,0.0,0,0,0,0,0,0,20,20,50000.0,50000.0,6,6,6.0,0.0,0.0,0,0,0,0,1,1,0,0,1,9.0,6.0,6.0,20,0,0,0,0,0,0,1,6,1,6,237,256,0,20,0.0,0.0,0,0,0.0,0.0,0,0,Bot
69598,4,3,206,134,194,0,51.5,95.04209594,128,0,44.66666667,72.23111056,4885.197851,100.5776028,11599.66667,27323.25674,67368,42,69598,23199.33333,39563.36202,68882,75,67963,33981.5,47215.6411,67368,595,0,0,0,0,92,72,57.47291589,43.10468692,0,194,42.5,75.2880184,5668.285714,0,0,0,1,0,0,0,0,0,48.57142857,51.5,44.66666667,92,0,0,0,0,0,0,4,206,3,134,8192,237,3,20,0.0,0.0,0,0,0.0,0.0,0,0,Bot
63579,4,3,207,134,195,0,51.75,95.54187564,128,0,44.66666667,72.23111056,5363.406156,110.0992466,10596.5,25055.46885,61738,58,63579,21193.0,36141.97323,62925,58,62333,31166.5,43234.62992,61738,595,0,0,0,0,92,72,62.9138552,47.1853914,0,195,42.625,75.57576615,5711.696429,0,0,0,1,0,0,0,0,0,48.71428571,51.75,44.66666667,92,0,0,0,0,0,0,4,207,3,134,8192,237,3,20,0.0,0.0,0,0,0.0,0.0,0,0,Bot
68141,4,3,208,134,196,0,52.0,96.04165763,128,0,44.66666667,72.23111056,5019.004711,102.7281666,11356.83333,26793.65449,66045,25,68141,22713.66667,38760.50332,67469,25,66659,33329.5,46266.7038,66045,614,0,0,0,0,92,72,58.70180948,44.02635711,0,196,42.75,75.86407017,5755.357143,0,0,0,1,0,0,0,0,0,48.85714286,52.0,44.66666667,92,0,0,0,0,0,0,4,208,3,134,8192,237,3,20,0.0,0.0,0,0,0.0,0.0,0,0,Bot
63,1,1,6,6,6,6,6.0,0.0,6,6,6.0,0.0,190476.1905,31746.03175,63.0,0.0,63,63,0,0.0,0.0,0,0,0,0.0,0.0,0,0,0,0,0,0,20,20,15873.01587,15873.01587,6,6,6.0,0.0,0.0,0,0,0,0,1,1,0,0,1,9.0,6.0,6.0,20,0,0,0,0,0,0,1,6,1,6,237,256,0,20,0.0,0.0,0,0,0.0,0.0,0,0,Bot
32,1,1,6,6,6,6,6.0,0.0,6,6,6.0,0.0,375000.0,62500.0,32.0,0.0,32,32,0,0.0,0.0,0,0,0,0.0,0.0,0,0,0,0,0,0,20,20,31250.0,31250.0,6,6,6.0,0.0,0.0,0,0,0,0,1,1,0,0,1,9.0,6.0,6.0,20,0,0,0,0,0,0,1,6,1,6,237,256,0,20,0.0,0.0,0,0,0.0,0.0,0,0,Bot
43,1,1,6,6,6,6,6.0,0.0,6,6,6.0,0.0,279069.7674,46511.62791,43.0,0.0,43,43,0,0.0,0.0,0,0,0,0.0,0.0,0,0,0,0,0,0,20,20,23255.81395,23255.81395,6,6,6.0,0.0,0.0,0,0,0,0,1,1,0,0,1,9.0,6.0,6.0,20,0,0,0,0,0,0,1,6,1,6,237,256,0,20,0.0,0.0,0,0,0.0,0.0,0,0,Bot
64797,4,3,210,134,198,0,52.5,97.04122835,128,0,44.66666667,72.23111056,5308.887757,108.0296927,10799.5,25577.23513,63006,4,64797,21599.0,36813.72582,64106,4,63572,31786.0,44151.74742,63006,566,0,0,0,0,92,72,61.73125299,46.29843974,0,198,43.0,76.44232186,5843.428571,0,0,0,1,0,0,0,0,0,49.14285714,52.5,44.66666667,92,0,0,0,0,0,0,4,210,3,134,8192,237,3,20,0.0,0.0,0,0,0.0,0.0,0,0,Bot
53,1,1,6,6,6,6,6.0,0.0,6,6,6.0,0.0,226415.0943,37735.84906,53.0,0.0,53,53,0,0.0,0.0,0,0,0,0.0,0.0,0,0,0,0,0,0,20,20,18867.92453,18867.92453,6,6,6.0,0.0,0.0,0,0,0,0,1,1,0,0,1,9.0,6.0,6.0,20,0,0,0,0,0,0,1,6,1,6,237,16393,0,20,0.0,0.0,0,0,0.0,0.0,0,0,Bot
104882,4,3,207,134,195,0,51.75,95.54187564,128,0,44.66666667,72.23111056,3251.272859,66.74167159,17480.33333,41779.5816,102760,20,104882,34960.66667,59970.78762999999,104208,20,103433,51716.5,72186.40997000001,102760,673,0,0,0,0,92,72,38.13809805,28.60357354,0,195,42.625,75.57576615,5711.696429,0,0,0,1,0,0,0,0,0,48.71428571,51.75,44.66666667,92,0,0,0,0,0,0,4,207,3,134,8192,237,3,20,0.0,0.0,0,0,0.0,0.0,0,0,Bot
65,1,1,6,6,6,6,6.0,0.0,6,6,6.0,0.0,184615.3846,30769.23077,65.0,0.0,65,65,0,0.0,0.0,0,0,0,0.0,0.0,0,0,0,0,0,0,20,20,15384.61538,15384.61538,6,6,6.0,0.0,0.0,0,0,0,0,1,1,0,0,1,9.0,6.0,6.0,20,0,0,0,0,0,0,1,6,1,6,237,256,0,20,0.0,0.0,0,0,0.0,0.0,0,0,Bot
72363,4,3,207,134,195,0,51.75,95.54187564,128,0,44.66666667,72.23111056,4712.352997999999,96.73451902,12060.5,28628.15582,70495,50,72363,24121.0,41156.28803,71643,69,71093,35546.5,49424.64268,70495,598,0,0,0,0,92,72,55.27686801,41.45765101,0,195,42.625,75.57576615,5711.696429,0,0,0,1,0,0,0,0,0,48.71428571,51.75,44.66666667,92,0,0,0,0,0,0,4,207,3,134,8192,237,3,20,0.0,0.0,0,0,0.0,0.0,0,0,Bot
19,1,1,6,6,6,6,6.0,0.0,6,6,6.0,0.0,631578.9474,105263.1579,19.0,0.0,19,19,0,0.0,0.0,0,0,0,0.0,0.0,0,0,0,0,0,0,20,20,52631.57895,52631.57895,6,6,6.0,0.0,0.0,0,0,0,0,1,1,0,0,1,9.0,6.0,6.0,20,0,0,0,0,0,0,1,6,1,6,237,256,0,20,0.0,0.0,0,0,0.0,0.0,0,0,Bot
78863,4,3,206,134,194,0,51.5,95.04209594,128,0,44.66666667,72.23111056,4311.273981,88.76152315,13143.83333,31157.47794,76740,83,78863,26287.66667,44967.58229,78211,83,77389,38694.5,53804.46209,76740,649,0,0,0,0,92,72,50.72087037,38.04065278,0,194,42.5,75.2880184,5668.285714,0,0,0,1,0,0,0,0,0,48.57142857,51.5,44.66666667,92,0,0,0,0,0,0,4,206,3,134,8192,237,3,20,0.0,0.0,0,0,0.0,0.0,0,0,Bot
71763,4,3,207,134,195,0,51.75,95.54187564,128,0,44.66666667,72.23111056,4751.752296,97.54330226,11960.5,28413.66325,69957,21,71763,23921.0,40993.97181,71256,21,70633,35316.5,48989.06491,69957,676,0,0,0,0,92,72,55.73902986,41.8042724,0,195,42.625,75.57576615,5711.696429,0,0,0,1,0,0,0,0,0,48.71428571,51.75,44.66666667,92,0,0,0,0,0,0,4,207,3,134,8192,237,3,20,0.0,0.0,0,0,0.0,0.0,0,0,Bot
62656,4,3,208,134,196,0,52.0,96.04165763,128,0,44.66666667,72.23111056,5458.375894,111.721144,10442.66667,24655.73038,60768,33,62656,20885.33333,35566.2072,61952,33,61350,30675.0,42557.92873,60768,582,0,0,0,0,92,72,63.84065373,47.8804903,0,196,42.75,75.86407017,5755.357143,0,0,0,1,0,0,0,0,0,48.85714286,52.0,44.66666667,92,0,0,0,0,0,0,4,208,3,134,8192,237,3,20,0.0,0.0,0,0,0.0,0.0,0,0,Bot
95,1,1,6,6,6,6,6.0,0.0,6,6,6.0,0.0,126315.7895,21052.63158,95.0,0.0,95,95,0,0.0,0.0,0,0,0,0.0,0.0,0,0,0,0,0,0,20,20,10526.31579,10526.31579,6,6,6.0,0.0,0.0,0,0,0,0,1,1,0,0,1,9.0,6.0,6.0,20,0,0,0,0,0,0,1,6,1,6,237,256,0,20,0.0,0.0,0,0,0.0,0.0,0,0,Bot
61,1,1,6,6,6,6,6.0,0.0,6,6,6.0,0.0,196721.3115,32786.88525,61.0,0.0,61,61,0,0.0,0.0,0,0,0,0.0,0.0,0,0,0,0,0,0,20,20,16393.442619999998,16393.442619999998,6,6,6.0,0.0,0.0,0,0,0,0,1,1,0,0,1,9.0,6.0,6.0,20,0,0,0,0,0,0,1,6,1,6,237,256,0,20,0.0,0.0,0,0,0.0,0.0,0,0,Bot
79,1,1,6,6,6,6,6.0,0.0,6,6,6.0,0.0,151898.7342,25316.4557,79.0,0.0,79,79,0,0.0,0.0,0,0,0,0.0,0.0,0,0,0,0,0,0,20,20,12658.22785,12658.22785,6,6,6.0,0.0,0.0,0,0,0,0,1,1,0,0,1,9.0,6.0,6.0,20,0,0,0,0,0,0,1,6,1,6,237,256,0,20,0.0,0.0,0,0,0.0,0.0,0,0,Bot
62023,4,3,210,134,198,0,52.5,97.04122835,128,0,44.66666667,72.23111056,5546.329587,112.86135790000002,10337.16667,24502.45086,60350,14,62023,20674.33333,35272.17822,61402,47,60918,30459.0,42272.25759,60350,568,0,0,0,0,92,72,64.4922045,48.36915338,0,198,43.0,76.44232186,5843.428571,0,0,0,1,0,0,0,0,0,49.14285714,52.5,44.66666667,92,0,0,0,0,0,0,4,210,3,134,8192,237,3,20,0.0,0.0,0,0,0.0,0.0,0,0,Bot
12,1,1,6,6,6,6,6.0,0.0,6,6,6.0,0.0,1000000.0,166666.6667,12.0,0.0,12,12,0,0.0,0.0,0,0,0,0.0,0.0,0,0,0,0,0,0,20,20,83333.33333,83333.33333,6,6,6.0,0.0,0.0,0,0,0,0,1,0,0,0,1,9.0,6.0,6.0,20,0,0,0,0,0,0,1,6,1,6,16393,237,0,20,0.0,0.0,0,0,0.0,0.0,0,0,Bot
62528,4,3,210,134,198,0,52.5,97.04122835,128,0,44.66666667,72.23111056,5501.535312,111.9498465,10421.33333,24624.53786,60683,19,62528,20842.66667,35472.63005,61801,19,61276,30638.0,42490.04648000001,60683,593,0,0,0,0,92,72,63.97134084,47.97850563,0,198,43.0,76.44232186,5843.428571,0,0,0,1,0,0,0,0,0,49.14285714,52.5,44.66666667,92,0,0,0,0,0,0,4,210,3,134,8192,237,3,20,0.0,0.0,0,0,0.0,0.0,0,0,Bot
51,1,1,6,6,6,6,6.0,0.0,6,6,6.0,0.0,235294.1176,39215.68627,51.0,0.0,51,51,0,0.0,0.0,0,0,0,0.0,0.0,0,0,0,0,0,0,20,20,19607.84314,19607.84314,6,6,6.0,0.0,0.0,0,0,0,0,1,1,0,0,1,9.0,6.0,6.0,20,0,0,0,0,0,0,1,6,1,6,237,16393,0,20,0.0,0.0,0,0,0.0,0.0,0,0,Bot
80229,4,3,207,134,195,0,51.75,95.54187564,128,0,44.66666667,72.23111056,4250.333421,87.25024617,13371.5,31836.92935,78356,21,80229,26743.0,45711.75127,79525,21,78937,39468.5,54995.22991,78356,581,0,0,0,0,92,72,49.85728353,37.39296264,0,195,42.625,75.57576615,5711.696429,0,0,0,1,0,0,0,0,0,48.71428571,51.75,44.66666667,92,0,0,0,0,0,0,4,207,3,134,8192,237,3,20,0.0,0.0,0,0,0.0,0.0,0,0,Bot
34,1,1,6,6,6,6,6.0,0.0,6,6,6.0,0.0,352941.1765,58823.52941,34.0,0.0,34,34,0,0.0,0.0,0,0,0,0.0,0.0,0,0,0,0,0,0,20,20,29411.764710000003,29411.764710000003,6,6,6.0,0.0,0.0,0,0,0,0,1,1,0,0,1,9.0,6.0,6.0,20,0,0,0,0,0,0,1,6,1,6,237,256,0,20,0.0,0.0,0,0,0.0,0.0,0,0,Bot
65081,4,3,207,134,195,0,51.75,95.54187564,128,0,44.66666667,72.23111056,5239.624468,107.5582735,10846.83333,25659.21733,63221,38,65081,21693.66667,36948.95106,64357,38,63847,31923.5,44261.34897,63221,626,0,0,0,0,92,72,61.46187059,46.09640294,0,195,42.625,75.57576615,5711.696429,0,0,0,1,0,0,0,0,0,48.71428571,51.75,44.66666667,92,0,0,0,0,0,0,4,207,3,134,8192,237,3,20,0.0,0.0,0,0,0.0,0.0,0,0,Bot
82,1,1,6,6,6,6,6.0,0.0,6,6,6.0,0.0,146341.4634,24390.2439,82.0,0.0,82,82,0,0.0,0.0,0,0,0,0.0,0.0,0,0,0,0,0,0,20,20,12195.12195,12195.12195,6,6,6.0,0.0,0.0,0,0,0,0,1,1,0,0,1,9.0,6.0,6.0,20,0,0,0,0,0,0,1,6,1,6,237,256,0,20,0.0,0.0,0,0,0.0,0.0,0,0,Bot
63897,4,3,206,134,194,0,51.5,95.04209594,128,0,44.66666667,72.23111056,5321.063587,109.5513091,10649.5,24905.91203,61481,50,63897,21299.0,36301.4872,63215,50,62140,31070.0,43007.64865,61481,659,0,0,0,0,92,72,62.60074808,46.95056106,0,194,42.5,75.2880184,5668.285714,0,0,0,1,0,0,0,0,0,48.57142857,51.5,44.66666667,92,0,0,0,0,0,0,4,206,3,134,8192,237,3,20,0.0,0.0,0,0,0.0,0.0,0,0,Bot
63794,4,3,207,134,195,0,51.75,95.54187564,128,0,44.66666667,72.23111056,5345.330282,109.7281876,10632.33333,25148.74372,61964,19,63794,21264.66667,36280.19923,63156,19,62539,31269.5,43408.57819,61964,575,0,0,0,0,92,72,62.70182149,47.02636612,0,195,42.625,75.57576615,5711.696429,0,0,0,1,0,0,0,0,0,48.71428571,51.75,44.66666667,92,0,0,0,0,0,0,4,207,3,134,8192,237,3,20,0.0,0.0,0,0,0.0,0.0,0,0,Bot
66461,4,3,208,134,196,0,52.0,96.04165763,128,0,44.66666667,72.23111056,5145.875024,105.3249274,11076.83333,26269.58813,64697,62,66461,22153.66667,37807.54941,65809,62,65242,32621.0,45362.31423,64697,545,0,0,0,0,92,72,60.1856728,45.1392546,0,196,42.75,75.86407017,5755.357143,0,0,0,1,0,0,0,0,0,48.85714286,52.0,44.66666667,92,0,0,0,0,0,0,4,208,3,134,8192,237,3,20,0.0,0.0,0,0,0.0,0.0,0,0,Bot
79,1,1,6,6,6,6,6.0,0.0,6,6,6.0,0.0,151898.7342,25316.4557,79.0,0.0,79,79,0,0.0,0.0,0,0,0,0.0,0.0,0,0,0,0,0,0,20,20,12658.22785,12658.22785,6,6,6.0,0.0,0.0,0,0,0,0,1,1,0,0,1,9.0,6.0,6.0,20,0,0,0,0,0,0,1,6,1,6,237,256,0,20,0.0,0.0,0,0,0.0,0.0,0,0,Bot
33,1,1,6,6,6,6,6.0,0.0,6,6,6.0,0.0,363636.3636,60606.06061,33.0,0.0,33,33,0,0.0,0.0,0,0,0,0.0,0.0,0,0,0,0,0,0,20,20,30303.0303,30303.0303,6,6,6.0,0.0,0.0,0,0,0,0,1,1,0,0,1,9.0,6.0,6.0,20,0,0,0,0,0,0,1,6,1,6,237,256,0,20,0.0,0.0,0,0,0.0,0.0,0,0,Bot
71,1,1,6,6,6,6,6.0,0.0,6,6,6.0,0.0,169014.0845,28169.01408,71.0,0.0,71,71,0,0.0,0.0,0,0,0,0.0,0.0,0,0,0,0,0,0,20,20,14084.50704,14084.50704,6,6,6.0,0.0,0.0,0,0,0,0,1,1,0,0,1,9.0,6.0,6.0,20,0,0,0,0,0,0,1,6,1,6,237,256,0,20,0.0,0.0,0,0,0.0,0.0,0,0,Bot
67674,4,3,210,134,198,0,52.5,97.04122835,128,0,44.66666667,72.23111056,5083.192954,103.4370659,11279.0,26804.47016,65991,3,67674,22558.0,38567.78836000001,67091,3,66558,33279.0,46261.75405,65991,567,0,0,0,0,92,72,59.10689482,44.33017111,0,198,43.0,76.44232186,5843.428571,0,0,0,1,0,0,0,0,0,49.14285714,52.5,44.66666667,92,0,0,0,0,0,0,4,210,3,134,8192,237,3,20,0.0,0.0,0,0,0.0,0.0,0,0,Bot
49,1,1,6,6,6,6,6.0,0.0,6,6,6.0,0.0,244897.9592,40816.32653,49.0,0.0,49,49,0,0.0,0.0,0,0,0,0.0,0.0,0,0,0,0,0,0,20,20,20408.16327,20408.16327,6,6,6.0,0.0,0.0,0,0,0,0,1,1,0,0,1,9.0,6.0,6.0,20,0,0,0,0,0,0,1,6,1,6,237,16393,0,20,0.0,0.0,0,0,0.0,0.0,0,0,Bot
79912,4,3,207,134,195,0,51.75,95.54187564,128,0,44.66666667,72.23111056,4267.193913,87.59635599,13318.66667,31643.0403,77907,54,79912,26637.33333,45472.44225,79143,54,78514,39257.0,54659.35419,77907,607,0,0,0,0,92,72,50.05506057,37.54129542,0,195,42.625,75.57576615,5711.696429,0,0,0,1,0,0,0,0,0,48.71428571,51.75,44.66666667,92,0,0,0,0,0,0,4,207,3,134,8192,237,3,20,0.0,0.0,0,0,0.0,0.0,0,0,Bot
28,1,1,6,6,6,6,6.0,0.0,6,6,6.0,0.0,428571.4286,71428.57143,28.0,0.0,28,28,0,0.0,0.0,0,0,0,0.0,0.0,0,0,0,0,0,0,20,20,35714.285710000004,35714.285710000004,6,6,6.0,0.0,0.0,0,0,0,0,1,1,0,0,1,9.0,6.0,6.0,20,0,0,0,0,0,0,1,6,1,6,237,256,0,20,0.0,0.0,0,0,0.0,0.0,0,0,Bot
73464,4,3,207,134,195,0,51.75,95.54187564,128,0,44.66666667,72.23111056,4641.729282,95.28476533,12244.0,29124.03714,71691,70,73464,24488.0,41877.34327,72843,71,72271,36135.5,50283.07032,71691,580,0,0,0,0,92,72,54.44843733,40.836328,0,195,42.625,75.57576615,5711.696429,0,0,0,1,0,0,0,0,0,48.71428571,51.75,44.66666667,92,0,0,0,0,0,0,4,207,3,134,8192,237,3,20,0.0,0.0,0,0,0.0,0.0,0,0,Bot
19,1,1,6,6,6,6,6.0,0.0,6,6,6.0,0.0,631578.9474,105263.1579,19.0,0.0,19,19,0,0.0,0.0,0,0,0,0.0,0.0,0,0,0,0,0,0,20,20,52631.57895,52631.57895,6,6,6.0,0.0,0.0,0,0,0,0,1,1,0,0,1,9.0,6.0,6.0,20,0,0,0,0,0,0,1,6,1,6,237,256,0,20,0.0,0.0,0,0,0.0,0.0,0,0,Bot
73657,4,3,206,134,194,0,51.5,95.04209594,128,0,44.66666667,72.23111056,4615.990334,95.0350951,12276.16667,29034.18764,71539,94,73657,24552.33333,41805.59858,72824,112,72191,36095.5,50124.6784,71539,652,0,0,0,0,92,72,54.30576863,40.72932647,0,194,42.5,75.2880184,5668.285714,0,0,0,1,0,0,0,0,0,48.57142857,51.5,44.66666667,92,0,0,0,0,0,0,4,206,3,134,8192,237,3,20,0.0,0.0,0,0,0.0,0.0,0,0,Bot
97575,4,3,207,134,195,0,51.75,95.54187564,128,0,44.66666667,72.23111056,3494.74763,71.73968742,16262.5,38806.27867,95472,22,97575,32525.0,55835.02823,96997,22,96062,48031.0,67091.70561,95472,590,0,0,0,0,92,72,40.9941071,30.74558032,0,195,42.625,75.57576615,5711.696429,0,0,0,1,0,0,0,0,0,48.71428571,51.75,44.66666667,92,0,0,0,0,0,0,4,207,3,134,8192,237,3,20,0.0,0.0,0,0,0.0,0.0,0,0,Bot
95234,4,3,208,134,196,0,52.0,96.04165763,128,0,44.66666667,72.23111056,3591.1544200000003,73.50316064,15872.33333,37691.2159,92806,44,95234,31744.66667,54168.93362,94292,88,93658,46829.0,65021.29696,92806,852,0,0,0,0,92,72,42.00180608,31.50135456,0,196,42.75,75.86407017,5755.357143,0,0,0,1,0,0,0,0,0,48.85714286,52.0,44.66666667,92,0,0,0,0,0,0,4,208,3,134,8192,237,3,20,0.0,0.0,0,0,0.0,0.0,0,0,Bot
52,1,1,6,6,6,6,6.0,0.0,6,6,6.0,0.0,230769.2308,38461.53846,52.0,0.0,52,52,0,0.0,0.0,0,0,0,0.0,0.0,0,0,0,0,0,0,20,20,19230.76923,19230.76923,6,6,6.0,0.0,0.0,0,0,0,0,1,1,0,0,1,9.0,6.0,6.0,20,0,0,0,0,0,0,1,6,1,6,237,256,0,20,0.0,0.0,0,0,0.0,0.0,0,0,Bot
3,1,1,6,6,6,6,6.0,0.0,6,6,6.0,0.0,4000000.0,666666.6667,3.0,0.0,3,3,0,0.0,0.0,0,0,0,0.0,0.0,0,0,0,0,0,0,20,20,333333.3333,333333.3333,6,6,6.0,0.0,0.0,0,0,0,0,1,1,0,0,1,9.0,6.0,6.0,20,0,0,0,0,0,0,1,6,1,6,237,256,0,20,0.0,0.0,0,0,0.0,0.0,0,0,Bot
12,1,1,6,6,6,6,6.0,0.0,6,6,6.0,0.0,1000000.0,166666.6667,12.0,0.0,12,12,0,0.0,0.0,0,0,0,0.0,0.0,0,0,0,0,0,0,20,20,83333.33333,83333.33333,6,6,6.0,0.0,0.0,0,0,0,0,1,1,0,0,1,9.0,6.0,6.0,20,0,0,0,0,0,0,1,6,1,6,237,256,0,20,0.0,0.0,0,0,0.0,0.0,0,0,Bot
73392,4,3,210,134,198,0,52.5,97.04122835,128,0,44.66666667,72.23111056,4687.159363000001,95.37824286,12232.0,29215.55808000001,71866,4,73392,24464.0,42010.52893,72973,4,72447,36223.5,50406.1069,71866,581,0,0,0,0,92,72,54.50185306,40.8763898,0,198,43.0,76.44232186,5843.428571,0,0,0,1,0,0,0,0,0,49.14285714,52.5,44.66666667,92,0,0,0,0,0,0,4,210,3,134,8192,237,3,20,0.0,0.0,0,0,0.0,0.0,0,0,Bot
20,1,1,6,6,6,6,6.0,0.0,6,6,6.0,0.0,600000.0,100000.0,20.0,0.0,20,20,0,0.0,0.0,0,0,0,0.0,0.0,0,0,0,0,0,0,20,20,50000.0,50000.0,6,6,6.0,0.0,0.0,0,0,0,0,1,1,0,0,1,9.0,6.0,6.0,20,0,0,0,0,0,0,1,6,1,6,237,16393,0,20,0.0,0.0,0,0,0.0,0.0,0,0,Bot
74995,4,3,207,134,195,0,51.75,95.54187564,128,0,44.66666667,72.23111056,4546.969798,93.33955597,12499.16667,29609.92363,72937,21,74995,24998.33333,42604.66419,74192,21,73549,36774.5,51141.49795,72937,612,0,0,0,0,92,72,53.33688913,40.00266684,0,195,42.625,75.57576615,5711.696429,0,0,0,1,0,0,0,0,0,48.71428571,51.75,44.66666667,92,0,0,0,0,0,0,4,207,3,134,8192,237,3,20,0.0,0.0,0,0,0.0,0.0,0,0,Bot
34,1,1,6,6,6,6,6.0,0.0,6,6,6.0,0.0,352941.1765,58823.52941,34.0,0.0,34,34,0,0.0,0.0,0,0,0,0.0,0.0,0,0,0,0,0,0,20,20,29411.764710000003,29411.764710000003,6,6,6.0,0.0,0.0,0,0,0,0,1,1,0,0,1,9.0,6.0,6.0,20,0,0,0,0,0,0,1,6,1,6,237,256,0,20,0.0,0.0,0,0,0.0,0.0,0,0,Bot
74019,4,3,207,134,195,0,51.75,95.54187564,128,0,44.66666667,72.23111056,4606.925249,94.57031303,12336.5,29233.9227,72007,39,74019,24673.0,42026.38633,73199,39,72599,36299.5,50498.03078,72007,592,0,0,0,0,92,72,54.04017887,40.53013415,0,195,42.625,75.57576615,5711.696429,0,0,0,1,0,0,0,0,0,48.71428571,51.75,44.66666667,92,0,0,0,0,0,0,4,207,3,134,8192,237,3,20,0.0,0.0,0,0,0.0,0.0,0,0,Bot
51,1,1,6,6,6,6,6.0,0.0,6,6,6.0,0.0,235294.1176,39215.68627,51.0,0.0,51,51,0,0.0,0.0,0,0,0,0.0,0.0,0,0,0,0,0,0,20,20,19607.84314,19607.84314,6,6,6.0,0.0,0.0,0,0,0,0,1,1,0,0,1,9.0,6.0,6.0,20,0,0,0,0,0,0,1,6,1,6,237,256,0,20,0.0,0.0,0,0,0.0,0.0,0,0,Bot
80607,4,3,206,134,194,0,51.5,95.04209594,128,0,44.66666667,72.23111056,4217.995956000001,86.84109321,13434.5,31792.87295,78327,44,80607,26869.0,45923.78555,79896,44,78976,39488.0,54926.64055,78327,649,0,0,0,0,92,72,49.62348183,37.21761137,0,194,42.5,75.2880184,5668.285714,0,0,0,1,0,0,0,0,0,48.57142857,51.5,44.66666667,92,0,0,0,0,0,0,4,206,3,134,8192,237,3,20,0.0,0.0,0,0,0.0,0.0,0,0,Bot
67653,4,3,207,134,195,0,51.75,95.54187564,128,0,44.66666667,72.23111056,5040.426884,103.4691736,11275.5,26718.15121,65811,21,67653,22551.0,38485.6935,66989,21,66412,33206.0,46110.4332,65811,601,0,0,0,0,92,72,59.12524204,44.34393153,0,195,42.625,75.57576615,5711.696429,0,0,0,1,0,0,0,0,0,48.71428571,51.75,44.66666667,92,0,0,0,0,0,0,4,207,3,134,8192,237,3,20,0.0,0.0,0,0,0.0,0.0,0,0,Bot
105752,4,3,208,134,196,0,52.0,96.04165763,128,0,44.66666667,72.23111056,3233.98139,66.19260156,17625.33333,42192.83051,103749,24,105752,35250.66667,60297.86607999999,104875,24,104328,52164.0,72952.20662000001,103749,579,0,0,0,0,92,72,37.82434375,28.36825781,0,196,42.75,75.86407017,5755.357143,0,0,0,1,0,0,0,0,0,48.85714286,52.0,44.66666667,92,0,0,0,0,0,0,4,208,3,134,8192,237,3,20,0.0,0.0,0,0,0.0,0.0,0,0,Bot
99,1,1,6,6,6,6,6.0,0.0,6,6,6.0,0.0,121212.1212,20202.0202,99.0,0.0,99,99,0,0.0,0.0,0,0,0,0.0,0.0,0,0,0,0,0,0,20,20,10101.0101,10101.0101,6,6,6.0,0.0,0.0,0,0,0,0,1,1,0,0,1,9.0,6.0,6.0,20,0,0,0,0,0,0,1,6,1,6,237,256,0,20,0.0,0.0,0,0,0.0,0.0,0,0,Bot
43,1,1,6,6,6,6,6.0,0.0,6,6,6.0,0.0,279069.7674,46511.62791,43.0,0.0,43,43,0,0.0,0.0,0,0,0,0.0,0.0,0,0,0,0,0,0,20,20,23255.81395,23255.81395,6,6,6.0,0.0,0.0,0,0,0,0,1,1,0,0,1,9.0,6.0,6.0,20,0,0,0,0,0,0,1,6,1,6,237,256,0,20,0.0,0.0,0,0,0.0,0.0,0,0,Bot
31,1,1,6,6,6,6,6.0,0.0,6,6,6.0,0.0,387096.7742,64516.12903,31.0,0.0,31,31,0,0.0,0.0,0,0,0,0.0,0.0,0,0,0,0,0,0,20,20,32258.06452,32258.06452,6,6,6.0,0.0,0.0,0,0,0,0,1,1,0,0,1,9.0,6.0,6.0,20,0,0,0,0,0,0,1,6,1,6,237,256,0,20,0.0,0.0,0,0,0.0,0.0,0,0,Bot
70415,4,3,210,134,198,0,52.5,97.04122835,128,0,44.66666667,72.23111056,4885.32273,99.41063694,11735.83333,27784.31115,68447,12,70415,23471.66667,39903.7799,69546,12,69026,34513.0,47989.92303,68447,579,0,0,0,0,92,72,56.80607825,42.60455869,0,198,43.0,76.44232186,5843.428571,0,0,0,1,0,0,0,0,0,49.14285714,52.5,44.66666667,92,0,0,0,0,0,0,4,210,3,134,8192,237,3,20,0.0,0.0,0,0,0.0,0.0,0,0,Bot
50,1,1,6,6,6,6,6.0,0.0,6,6,6.0,0.0,240000.0,40000.0,50.0,0.0,50,50,0,0.0,0.0,0,0,0,0.0,0.0,0,0,0,0,0,0,20,20,20000.0,20000.0,6,6,6.0,0.0,0.0,0,0,0,0,1,1,0,0,1,9.0,6.0,6.0,20,0,0,0,0,0,0,1,6,1,6,237,16393,0,20,0.0,0.0,0,0,0.0,0.0,0,0,Bot
70733,4,3,207,134,195,0,51.75,95.54187564,128,0,44.66666667,72.23111056,4820.946376,98.96370859,11788.83333,27978.32674,68897,34,70733,23577.66667,40287.92544,70097,34,69525,34762.5,48273.47284,68897,628,0,0,0,0,92,72,56.55069063,42.41301797,0,195,42.625,75.57576615,5711.696429,0,0,0,1,0,0,0,0,0,48.71428571,51.75,44.66666667,92,0,0,0,0,0,0,4,207,3,134,8192,237,3,20,0.0,0.0,0,0,0.0,0.0,0,0,Bot
63,1,1,6,6,6,6,6.0,0.0,6,6,6.0,0.0,190476.1905,31746.03175,63.0,0.0,63,63,0,0.0,0.0,0,0,0,0.0,0.0,0,0,0,0,0,0,20,20,15873.01587,15873.01587,6,6,6.0,0.0,0.0,0,0,0,0,1,1,0,0,1,9.0,6.0,6.0,20,0,0,0,0,0,0,1,6,1,6,237,256,0,20,0.0,0.0,0,0,0.0,0.0,0,0,Bot
65252,4,3,207,134,195,0,51.75,95.54187564,128,0,44.66666667,72.23111056,5225.893459000001,107.2764053,10875.33333,25593.68549,63114,39,65252,21750.66667,36917.63836,64377,39,63695,31847.5,44217.50835,63114,581,0,0,0,0,92,72,61.30080304,45.97560228,0,195,42.625,75.57576615,5711.696429,0,0,0,1,0,0,0,0,0,48.71428571,51.75,44.66666667,92,0,0,0,0,0,0,4,207,3,134,8192,237,3,20,0.0,0.0,0,0,0.0,0.0,0,0,Bot
51,1,1,6,6,6,6,6.0,0.0,6,6,6.0,0.0,235294.1176,39215.68627,51.0,0.0,51,51,0,0.0,0.0,0,0,0,0.0,0.0,0,0,0,0,0,0,20,20,19607.84314,19607.84314,6,6,6.0,0.0,0.0,0,0,0,0,1,1,0,0,1,9.0,6.0,6.0,20,0,0,0,0,0,0,1,6,1,6,237,256,0,20,0.0,0.0,0,0,0.0,0.0,0,0,Bot
70747,4,3,206,134,194,0,51.5,95.04209594,128,0,44.66666667,72.23111056,4805.857492,98.94412484,11791.16667,27644.17197,68214,75,70747,23582.33333,39969.12379,69732,75,68859,34429.5,47778.4981,68214,645,0,0,0,0,92,72,56.53949991,42.40462493,0,194,42.5,75.2880184,5668.285714,0,0,0,1,0,0,0,0,0,48.57142857,51.5,44.66666667,92,0,0,0,0,0,0,4,206,3,134,8192,237,3,20,0.0,0.0,0,0,0.0,0.0,0,0,Bot
71906,4,3,207,134,195,0,51.75,95.54187564,128,0,44.66666667,72.23111056,4742.30245,97.34931716,11984.33333,28437.82423,70030,19,71906,23968.66667,40981.63333,71289,19,70629,35314.5,49095.13092,70030,599,0,0,0,0,92,72,55.62818124,41.72113593,0,195,42.625,75.57576615,5711.696429,0,0,0,1,0,0,0,0,0,48.71428571,51.75,44.66666667,92,0,0,0,0,0,0,4,207,3,134,8192,237,3,20,0.0,0.0,0,0,0.0,0.0,0,0,Bot
72180,4,3,208,134,196,0,52.0,96.04165763,128,0,44.66666667,72.23111056,4738.154613000001,96.97977279,12030.0,28467.07217,70135,37,72180,24060.0,41017.25914,71421,37,70742,35371.0,49163.72028,70135,607,0,0,0,0,92,72,55.41701302,41.56275977,0,196,42.75,75.86407017,5755.357143,0,0,0,1,0,0,0,0,0,48.85714286,52.0,44.66666667,92,0,0,0,0,0,0,4,208,3,134,8192,237,3,20,0.0,0.0,0,0,0.0,0.0,0,0,Bot
66,1,1,6,6,6,6,6.0,0.0,6,6,6.0,0.0,181818.1818,30303.0303,66.0,0.0,66,66,0,0.0,0.0,0,0,0,0.0,0.0,0,0,0,0,0,0,20,20,15151.51515,15151.51515,6,6,6.0,0.0,0.0,0,0,0,0,1,1,0,0,1,9.0,6.0,6.0,20,0,0,0,0,0,0,1,6,1,6,237,256,0,20,0.0,0.0,0,0,0.0,0.0,0,0,Bot
4,1,1,6,6,6,6,6.0,0.0,6,6,6.0,0.0,3000000.0,500000.0,4.0,0.0,4,4,0,0.0,0.0,0,0,0,0.0,0.0,0,0,0,0,0,0,20,20,250000.0,250000.0,6,6,6.0,0.0,0.0,0,0,0,0,1,1,0,0,1,9.0,6.0,6.0,20,0,0,0,0,0,0,1,6,1,6,237,256,0,20,0.0,0.0,0,0,0.0,0.0,0,0,Bot
72,1,1,6,6,6,6,6.0,0.0,6,6,6.0,0.0,166666.6667,27777.77778,72.0,0.0,72,72,0,0.0,0.0,0,0,0,0.0,0.0,0,0,0,0,0,0,20,20,13888.88889,13888.88889,6,6,6.0,0.0,0.0,0,0,0,0,1,1,0,0,1,9.0,6.0,6.0,20,0,0,0,0,0,0,1,6,1,6,237,256,0,20,0.0,0.0,0,0,0.0,0.0,0,0,Bot
68068,4,3,210,134,198,0,52.5,97.04122835,128,0,44.66666667,72.23111056,5053.76976,102.8383381,11344.66667,26803.8036,66054,3,68068,22689.33333,38695.27778,67369,3,66701,33350.5,46249.73324,66054,647,0,0,0,0,92,72,58.76476465,44.07357349,0,198,43.0,76.44232186,5843.428571,0,0,0,1,0,0,0,0,0,49.14285714,52.5,44.66666667,92,0,0,0,0,0,0,4,210,3,134,8192,237,3,20,0.0,0.0,0,0,0.0,0.0,0,0,Bot
20,1,1,6,6,6,6,6.0,0.0,6,6,6.0,0.0,600000.0,100000.0,20.0,0.0,20,20,0,0.0,0.0,0,0,0,0.0,0.0,0,0,0,0,0,0,20,20,50000.0,50000.0,6,6,6.0,0.0,0.0,0,0,0,0,1,1,0,0,1,9.0,6.0,6.0,20,0,0,0,0,0,0,1,6,1,6,237,16393,0,20,0.0,0.0,0,0,0.0,0.0,0,0,Bot
74883,4,3,207,134,195,0,51.75,95.54187564,128,0,44.66666667,72.23111056,4553.770549,93.47916082,12480.5,29545.18738,72786,21,74883,24961.0,42521.0516,74058,21,73394,36697.0,51037.55325,72786,608,0,0,0,0,92,72,53.41666333,40.0624975,0,195,42.625,75.57576615,5711.696429,0,0,0,1,0,0,0,0,0,48.71428571,51.75,44.66666667,92,0,0,0,0,0,0,4,207,3,134,8192,237,3,20,0.0,0.0,0,0,0.0,0.0,0,0,Bot
63,1,1,6,6,6,6,6.0,0.0,6,6,6.0,0.0,190476.1905,31746.03175,63.0,0.0,63,63,0,0.0,0.0,0,0,0,0.0,0.0,0,0,0,0,0,0,20,20,15873.01587,15873.01587,6,6,6.0,0.0,0.0,0,0,0,0,1,1,0,0,1,9.0,6.0,6.0,20,0,0,0,0,0,0,1,6,1,6,237,256,0,20,0.0,0.0,0,0,0.0,0.0,0,0,Bot
73487,4,3,207,134,195,0,51.75,95.54187564,128,0,44.66666667,72.23111056,4640.276511,95.25494305,12247.83333,29103.63493,71653,39,73487,24495.66667,41858.03656,72828,39,72250,36125.0,50244.17944,71653,597,0,0,0,0,92,72,54.43139603,40.82354702,0,195,42.625,75.57576615,5711.696429,0,0,0,1,0,0,0,0,0,48.71428571,51.75,44.66666667,92,0,0,0,0,0,0,4,207,3,134,8192,237,3,20,0.0,0.0,0,0,0.0,0.0,0,0,Bot
50,1,1,6,6,6,6,6.0,0.0,6,6,6.0,0.0,240000.0,40000.0,50.0,0.0,50,50,0,0.0,0.0,0,0,0,0.0,0.0,0,0,0,0,0,0,20,20,20000.0,20000.0,6,6,6.0,0.0,0.0,0,0,0,0,1,1,0,0,1,9.0,6.0,6.0,20,0,0,0,0,0,0,1,6,1,6,237,256,0,20,0.0,0.0,0,0,0.0,0.0,0,0,Bot
80279,4,3,206,134,194,0,51.5,95.04209594,128,0,44.66666667,72.23111056,4235.229637,87.19590428,13379.83333,31858.43167,78408,58,80279,26759.66667,45825.80915,79674,58,78988,39494.0,55032.70657,78408,580,0,0,0,0,92,72,49.82623102,37.36967326,0,194,42.5,75.2880184,5668.285714,0,0,0,1,0,0,0,0,0,48.57142857,51.5,44.66666667,92,0,0,0,0,0,0,4,206,3,134,8192,237,3,20,0.0,0.0,0,0,0.0,0.0,0,0,Bot
64980,4,3,208,134,196,0,52.0,96.04165763,128,0,44.66666667,72.23111056,5263.157895,107.725454,10830.0,25561.90671,63005,36,64980,21660.0,36859.64644,64220,36,63622,31811.0,44114.97786,63005,617,0,0,0,0,92,72,61.55740228,46.16805171,0,196,42.75,75.86407017,5755.357143,0,0,0,1,0,0,0,0,0,48.85714286,52.0,44.66666667,92,0,0,0,0,0,0,4,208,3,134,8192,237,3,20,0.0,0.0,0,0,0.0,0.0,0,0,Bot
27,1,1,6,6,6,6,6.0,0.0,6,6,6.0,0.0,444444.4444,74074.07407,27.0,0.0,27,27,0,0.0,0.0,0,0,0,0.0,0.0,0,0,0,0,0,0,20,20,37037.03704,37037.03704,6,6,6.0,0.0,0.0,0,0,0,0,1,1,0,0,1,9.0,6.0,6.0,20,0,0,0,0,0,0,1,6,1,6,237,256,0,20,0.0,0.0,0,0,0.0,0.0,0,0,Bot
65269,4,3,210,134,198,0,52.5,97.04122835,128,0,44.66666667,72.23111056,5270.495948,107.24846399999998,10878.16667,25823.73547,63588,3,65269,21756.33333,37256.05719,64775,3,64162,32081.0,44557.62671,63588,574,0,0,0,0,92,72,61.28483660000001,45.96362745,0,198,43.0,76.44232186,5843.428571,0,0,0,1,0,0,0,0,0,49.14285714,52.5,44.66666667,92,0,0,0,0,0,0,4,210,3,134,8192,237,3,20,0.0,0.0,0,0,0.0,0.0,0,0,Bot
74,1,1,6,6,6,6,6.0,0.0,6,6,6.0,0.0,162162.1622,27027.02703,74.0,0.0,74,74,0,0.0,0.0,0,0,0,0.0,0.0,0,0,0,0,0,0,20,20,13513.51351,13513.51351,6,6,6.0,0.0,0.0,0,0,0,0,1,1,0,0,1,9.0,6.0,6.0,20,0,0,0,0,0,0,1,6,1,6,237,256,0,20,0.0,0.0,0,0,0.0,0.0,0,0,Bot
11,1,1,6,6,6,6,6.0,0.0,6,6,6.0,0.0,1090909.091,181818.1818,11.0,0.0,11,11,0,0.0,0.0,0,0,0,0.0,0.0,0,0,0,0,0,0,20,20,90909.09091,90909.09091,6,6,6.0,0.0,0.0,0,0,0,0,1,1,0,0,1,9.0,6.0,6.0,20,0,0,0,0,0,0,1,6,1,6,237,16393,0,20,0.0,0.0,0,0,0.0,0.0,0,0,Bot
70479,4,3,207,134,195,0,51.75,95.54187564,128,0,44.66666667,72.23111056,4838.320635,99.32036493,11746.5,27918.73061,68733,20,70479,23493.0,40219.87838,69934,20,69345,34672.5,48168.82104,68733,612,0,0,0,0,92,72,56.75449425,42.56587068,0,195,42.625,75.57576615,5711.696429,0,0,0,1,0,0,0,0,0,48.71428571,51.75,44.66666667,92,0,0,0,0,0,0,4,207,3,134,8192,237,3,20,0.0,0.0,0,0,0.0,0.0,0,0,Bot
63,1,1,6,6,6,6,6.0,0.0,6,6,6.0,0.0,190476.1905,31746.03175,63.0,0.0,63,63,0,0.0,0.0,0,0,0,0.0,0.0,0,0,0,0,0,0,20,20,15873.01587,15873.01587,6,6,6.0,0.0,0.0,0,0,0,0,1,1,0,0,1,9.0,6.0,6.0,20,0,0,0,0,0,0,1,6,1,6,237,256,0,20,0.0,0.0,0,0,0.0,0.0,0,0,Bot
66008,4,3,207,134,195,0,51.75,95.54187564,128,0,44.66666667,72.23111056,5166.04048,106.0477518,11001.33333,25868.34308,63800,42,66008,22002.66667,37451.35951,65246,42,64392,32196.0,44694.80543,63800,592,0,0,0,0,92,72,60.59871531,45.44903648,0,195,42.625,75.57576615,5711.696429,0,0,0,1,0,0,0,0,0,48.71428571,51.75,44.66666667,92,0,0,0,0,0,0,4,207,3,134,8192,237,3,20,0.0,0.0,0,0,0.0,0.0,0,0,Bot
48,1,1,6,6,6,6,6.0,0.0,6,6,6.0,0.0,250000.0,41666.66667,48.0,0.0,48,48,0,0.0,0.0,0,0,0,0.0,0.0,0,0,0,0,0,0,20,20,20833.33333,20833.33333,6,6,6.0,0.0,0.0,0,0,0,0,1,1,0,0,1,9.0,6.0,6.0,20,0,0,0,0,0,0,1,6,1,6,237,256,0,20,0.0,0.0,0,0,0.0,0.0,0,0,Bot
63453,4,3,206,134,194,0,51.5,95.04209594,128,0,44.66666667,72.23111056,5358.296692,110.3178731,10575.5,24752.40184,61095,47,63453,21151.0,36084.8321,62817,47,61854,30927.0,42663.99475,61095,759,0,0,0,0,92,72,63.03878461,47.27908846,0,194,42.5,75.2880184,5668.285714,0,0,0,1,0,0,0,0,0,48.57142857,51.5,44.66666667,92,0,0,0,0,0,0,4,206,3,134,8192,237,3,20,0.0,0.0,0,0,0.0,0.0,0,0,Bot
27,1,1,6,6,6,6,6.0,0.0,6,6,6.0,0.0,444444.4444,74074.07407,27.0,0.0,27,27,0,0.0,0.0,0,0,0,0.0,0.0,0,0,0,0,0,0,20,20,37037.03704,37037.03704,6,6,6.0,0.0,0.0,0,0,0,0,1,1,0,0,1,9.0,6.0,6.0,20,0,0,0,0,0,0,1,6,1,6,237,256,0,20,0.0,0.0,0,0,0.0,0.0,0,0,Bot
65281,4,3,208,134,196,0,52.0,96.04165763,128,0,44.66666667,72.23111056,5238.890336,107.2287496,10880.16667,25633.95605,63202,30,65281,21760.33333,37048.98139,64539,30,63918,31959.0,44184.27433,63202,716,0,0,0,0,92,72,61.27357118,45.95517838,0,196,42.75,75.86407017,5755.357143,0,0,0,1,0,0,0,0,0,48.85714286,52.0,44.66666667,92,0,0,0,0,0,0,4,208,3,134,8192,237,3,20,0.0,0.0,0,0,0.0,0.0,0,0,Bot
62367,4,3,210,134,198,0,52.5,97.04122835,128,0,44.66666667,72.23111056,5515.737489,112.2388443,10394.5,24651.68151,60712,4,62367,20789.0,35533.18591,61818,4,61284,30642.0,42525.40182,60712,572,0,0,0,0,92,72,64.13648243,48.10236183,0,198,43.0,76.44232186,5843.428571,0,0,0,1,0,0,0,0,0,49.14285714,52.5,44.66666667,92,0,0,0,0,0,0,4,210,3,134,8192,237,3,20,0.0,0.0,0,0,0.0,0.0,0,0,Bot
75,1,1,6,6,6,6,6.0,0.0,6,6,6.0,0.0,160000.0,26666.66667,75.0,0.0,75,75,0,0.0,0.0,0,0,0,0.0,0.0,0,0,0,0,0,0,20,20,13333.33333,13333.33333,6,6,6.0,0.0,0.0,0,0,0,0,1,1,0,0,1,9.0,6.0,6.0,20,0,0,0,0,0,0,1,6,1,6,237,256,0,20,0.0,0.0,0,0,0.0,0.0,0,0,Bot
49,1,1,6,6,6,6,6.0,0.0,6,6,6.0,0.0,244897.9592,40816.32653,49.0,0.0,49,49,0,0.0,0.0,0,0,0,0.0,0.0,0,0,0,0,0,0,20,20,20408.16327,20408.16327,6,6,6.0,0.0,0.0,0,0,0,0,1,1,0,0,1,9.0,6.0,6.0,20,0,0,0,0,0,0,1,6,1,6,237,16393,0,20,0.0,0.0,0,0,0.0,0.0,0,0,Bot
74439,4,3,207,134,195,0,51.75,95.54187564,128,0,44.66666667,72.23111056,4580.932038,94.03672806,12406.5,29436.23328,72490,22,74439,24813.0,42410.36797,73783,22,73090,36545.0,50833.9065,72490,600,0,0,0,0,92,72,53.73527318,40.30145488,0,195,42.625,75.57576615,5711.696429,0,0,0,1,0,0,0,0,0,48.71428571,51.75,44.66666667,92,0,0,0,0,0,0,4,207,3,134,8192,237,3,20,0.0,0.0,0,0,0.0,0.0,0,0,Bot
64,1,1,6,6,6,6,6.0,0.0,6,6,6.0,0.0,187500.0,31250.0,64.0,0.0,64,64,0,0.0,0.0,0,0,0,0.0,0.0,0,0,0,0,0,0,20,20,15625.0,15625.0,6,6,6.0,0.0,0.0,0,0,0,0,1,1,0,0,1,9.0,6.0,6.0,20,0,0,0,0,0,0,1,6,1,6,237,256,0,20,0.0,0.0,0,0,0.0,0.0,0,0,Bot
64756,4,3,207,134,195,0,51.75,95.54187564,128,0,44.66666667,72.23111056,5265.921305,108.0980913,10792.66667,25517.83334,62878,52,64756,21585.33333,36765.29182,64037,79,63489,31744.5,44029.41794,62878,611,0,0,0,0,92,72,61.77033788,46.32775341,0,195,42.625,75.57576615,5711.696429,0,0,0,1,0,0,0,0,0,48.71428571,51.75,44.66666667,92,0,0,0,0,0,0,4,207,3,134,8192,237,3,20,0.0,0.0,0,0,0.0,0.0,0,0,Bot
21,1,1,6,6,6,6,6.0,0.0,6,6,6.0,0.0,571428.5714,95238.09524,21.0,0.0,21,21,0,0.0,0.0,0,0,0,0.0,0.0,0,0,0,0,0,0,20,20,47619.04762,47619.04762,6,6,6.0,0.0,0.0,0,0,0,0,1,1,0,0,1,9.0,6.0,6.0,20,0,0,0,0,0,0,1,6,1,6,237,256,0,20,0.0,0.0,0,0,0.0,0.0,0,0,Bot
62662,4,3,206,134,194,0,51.5,95.04209594,128,0,44.66666667,72.23111056,5425.935974,111.7104465,10443.66667,24472.20669,60392,52,62662,20887.33333,35525.5646,61907,52,61044,30522.0,42242.55911,60392,652,0,0,0,0,92,72,63.83454087,47.87590565,0,194,42.5,75.2880184,5668.285714,0,0,0,1,0,0,0,0,0,48.57142857,51.5,44.66666667,92,0,0,0,0,0,0,4,206,3,134,8192,237,3,20,0.0,0.0,0,0,0.0,0.0,0,0,Bot
66,1,1,6,6,6,6,6.0,0.0,6,6,6.0,0.0,181818.1818,30303.0303,66.0,0.0,66,66,0,0.0,0.0,0,0,0,0.0,0.0,0,0,0,0,0,0,20,20,15151.51515,15151.51515,6,6,6.0,0.0,0.0,0,0,0,0,1,1,0,0,1,9.0,6.0,6.0,20,0,0,0,0,0,0,1,6,1,6,237,256,0,20,0.0,0.0,0,0,0.0,0.0,0,0,Bot
64973,4,3,208,134,196,0,52.0,96.04165763,128,0,44.66666667,72.23111056,5263.724932,107.73706,10828.83333,25547.8509,62975,27,64973,21657.66667,36867.74771,64227,27,63604,31802.0,44085.27938,62975,629,0,0,0,0,92,72,61.56403429,46.17302572,0,196,42.75,75.86407017,5755.357143,0,0,0,1,0,0,0,0,0,48.85714286,52.0,44.66666667,92,0,0,0,0,0,0,4,208,3,134,8192,237,3,20,0.0,0.0,0,0,0.0,0.0,0,0,Bot
72,1,1,6,6,6,6,6.0,0.0,6,6,6.0,0.0,166666.6667,27777.77778,72.0,0.0,72,72,0,0.0,0.0,0,0,0,0.0,0.0,0,0,0,0,0,0,20,20,13888.88889,13888.88889,6,6,6.0,0.0,0.0,0,0,0,0,1,1,0,0,1,9.0,6.0,6.0,20,0,0,0,0,0,0,1,6,1,6,237,256,0,20,0.0,0.0,0,0,0.0,0.0,0,0,Bot
67688,4,3,210,134,198,0,52.5,97.04122835,128,0,44.66666667,72.23111056,5082.141591,103.4156719,11281.33333,26788.54202,65961,43,67688,22562.66667,38510.9023,67030,43,66525,33262.5,46242.66217,65961,564,0,0,0,0,92,72,59.09466966,44.32100225,0,198,43.0,76.44232186,5843.428571,0,0,0,1,0,0,0,0,0,49.14285714,52.5,44.66666667,92,0,0,0,0,0,0,4,210,3,134,8192,237,3,20,0.0,0.0,0,0,0.0,0.0,0,0,Bot
51,1,1,6,6,6,6,6.0,0.0,6,6,6.0,0.0,235294.1176,39215.68627,51.0,0.0,51,51,0,0.0,0.0,0,0,0,0.0,0.0,0,0,0,0,0,0,20,20,19607.84314,19607.84314,6,6,6.0,0.0,0.0,0,0,0,0,1,1,0,0,1,9.0,6.0,6.0,20,0,0,0,0,0,0,1,6,1,6,237,16393,0,20,0.0,0.0,0,0,0.0,0.0,0,0,Bot
212138,5,4,216,145,198,0,43.2,86.57482313,129,0,36.25,61.96975069,1701.7224640000002,42.42521378,26517.25,74225.22839,210214,1,212138,53034.5,105134.7542,210736,49,210787,70262.33333,121202.0349,210214,1,0,0,0,0,112,92,23.56956321,18.85565057,0,198,36.1,69.16718875,4784.1,0,0,0,1,0,0,0,0,0,40.11111111,43.2,36.25,112,0,0,0,0,0,0,5,216,4,145,8192,237,4,20,0.0,0.0,0,0,0.0,0.0,0,0,Bot
93269,21,28,73320,284,11988,0,3491.428571,2870.789727,128,0,10.14285714,23.12560596,789158.2412,525.3621246,1943.104167,12132.36832,84239,0,93269,4663.45,19587.92282,87878,47,92244,3416.444444,16153.82679,84239,1,0,0,0,0,432,572,225.1551963,300.2069283,0,11988,1472.08,2525.327054,6377276.727999999,0,0,0,1,0,0,0,0,1,1502.122449,3491.428571,10.14285714,432,0,0,0,0,0,0,21,73320,28,284,8192,1255,20,20,0.0,0.0,0,0,0.0,0.0,0,0,Bot
49,1,1,6,6,6,6,6.0,0.0,6,6,6.0,0.0,244897.9592,40816.32653,49.0,0.0,49,49,0,0.0,0.0,0,0,0,0.0,0.0,0,0,0,0,0,0,20,20,20408.16327,20408.16327,6,6,6.0,0.0,0.0,0,0,0,0,1,1,0,0,1,9.0,6.0,6.0,20,0,0,0,0,0,0,1,6,1,6,237,16390,0,20,0.0,0.0,0,0,0.0,0.0,0,0,Bot
48,1,1,6,6,6,6,6.0,0.0,6,6,6.0,0.0,250000.0,41666.66667,48.0,0.0,48,48,0,0.0,0.0,0,0,0,0.0,0.0,0,0,0,0,0,0,20,20,20833.33333,20833.33333,6,6,6.0,0.0,0.0,0,0,0,0,1,1,0,0,1,9.0,6.0,6.0,20,0,0,0,0,0,0,1,6,1,6,1255,16393,0,20,0.0,0.0,0,0,0.0,0.0,0,0,Bot
87447,4,3,210,134,198,0,52.5,97.04122835,128,0,44.66666667,72.23111056,3933.811337,80.04848651,14574.5,34683.43062,85369,48,87447,29149.0,49740.7776,86583,49,86105,43052.5,59844.56821000001,85369,736,0,0,0,0,92,72,45.74199229,34.30649422,0,198,43.0,76.44232186,5843.428571,0,0,0,1,0,0,0,0,0,49.14285714,52.5,44.66666667,92,0,0,0,0,0,0,4,210,3,134,8192,237,3,20,0.0,0.0,0,0,0.0,0.0,0,0,Bot
47,1,1,6,6,6,6,6.0,0.0,6,6,6.0,0.0,255319.1489,42553.19149,47.0,0.0,47,47,0,0.0,0.0,0,0,0,0.0,0.0,0,0,0,0,0,0,20,20,21276.59574,21276.59574,6,6,6.0,0.0,0.0,0,0,0,0,1,1,0,0,1,9.0,6.0,6.0,20,0,0,0,0,0,0,1,6,1,6,237,16393,0,20,0.0,0.0,0,0,0.0,0.0,0,0,Bot
77717,4,3,210,134,198,0,52.5,97.04122835,128,0,44.66666667,72.23111056,4426.315993,90.07038357,12952.83333,30842.42318,75907,18,77717,25905.66667,44394.36079,77167,18,76473,38236.5,53274.13200000001,75907,566,0,0,0,0,92,72,51.46879061,38.60159296,0,198,43.0,76.44232186,5843.428571,0,0,0,1,0,0,0,0,0,49.14285714,52.5,44.66666667,92,0,0,0,0,0,0,4,210,3,134,8192,237,3,20,0.0,0.0,0,0,0.0,0.0,0,0,Bot
52,1,1,6,6,6,6,6.0,0.0,6,6,6.0,0.0,230769.2308,38461.53846,52.0,0.0,52,52,0,0.0,0.0,0,0,0,0.0,0.0,0,0,0,0,0,0,20,20,19230.76923,19230.76923,6,6,6.0,0.0,0.0,0,0,0,0,1,1,0,0,1,9.0,6.0,6.0,20,0,0,0,0,0,0,1,6,1,6,237,16393,0,20,0.0,0.0,0,0,0.0,0.0,0,0,Bot
67102,4,3,210,134,198,0,52.5,97.04122835,128,0,44.66666667,72.23111056,5126.5238,104.3187982,11183.66667,26495.22896,65264,40,67102,22367.33333,38077.72391,66334,49,65838,32919.0,45742.73767,65264,574,0,0,0,0,92,72,59.61074186,44.70805639,0,198,43.0,76.44232186,5843.428571,0,0,0,1,0,0,0,0,0,49.14285714,52.5,44.66666667,92,0,0,0,0,0,0,4,210,3,134,8192,237,3,20,0.0,0.0,0,0,0.0,0.0,0,0,Bot
21,1,1,6,6,6,6,6.0,0.0,6,6,6.0,0.0,571428.5714,95238.09524,21.0,0.0,21,21,0,0.0,0.0,0,0,0,0.0,0.0,0,0,0,0,0,0,20,20,47619.04762,47619.04762,6,6,6.0,0.0,0.0,0,0,0,0,1,1,0,0,1,9.0,6.0,6.0,20,0,0,0,0,0,0,1,6,1,6,237,16393,0,20,0.0,0.0,0,0,0.0,0.0,0,0,Bot
207270,5,4,213,145,195,0,42.6,85.23379611,129,0,36.25,61.96975069,1727.215709,43.42162397,25908.75,72347.58531000001,204958,3,207270,51817.5,102496.3376,205561,53,205540,68513.33333,118164.8985,204958,3,0,0,0,0,112,92,24.12312443,19.29849954,0,195,35.8,68.38908295,4677.066667,0,0,0,1,0,0,0,0,0,39.77777778,42.6,36.25,112,0,0,0,0,0,0,5,213,4,145,8192,237,4,20,0.0,0.0,0,0,0.0,0.0,0,0,Bot
97097,26,46,111404,392,11680,0,4284.769231,3404.370042,128,0,8.52173913,18.02928375,1151384.698,741.5265147000001,1367.56338,10060.41675,84926,0,97097,3883.88,17870.36424,89654,7,95753,2127.8444440000007,12626.87364,84926,0,0,0,0,0,532,932,267.7734636,473.7530511,0,11680,1531.452055,2876.851023,8276271.807,0,0,0,1,0,0,0,0,1,1552.722222,4284.769231,8.52173913,532,0,0,0,0,0,0,26,111404,46,392,8192,1164,25,20,0.0,0.0,0,0,0.0,0.0,0,0,Bot
65,1,1,6,6,6,6,6.0,0.0,6,6,6.0,0.0,184615.3846,30769.23077,65.0,0.0,65,65,0,0.0,0.0,0,0,0,0.0,0.0,0,0,0,0,0,0,20,20,15384.61538,15384.61538,6,6,6.0,0.0,0.0,0,0,0,0,1,1,0,0,1,9.0,6.0,6.0,20,0,0,0,0,0,0,1,6,1,6,237,256,0,20,0.0,0.0,0,0,0.0,0.0,0,0,Bot
171,1,1,6,6,6,6,6.0,0.0,6,6,6.0,0.0,70175.4386,11695.90643,171.0,0.0,171,171,0,0.0,0.0,0,0,0,0.0,0.0,0,0,0,0,0,0,20,20,5847.953216,5847.953216,6,6,6.0,0.0,0.0,0,0,0,0,1,1,0,0,1,9.0,6.0,6.0,20,0,0,0,0,0,0,1,6,1,6,1164,256,0,20,0.0,0.0,0,0,0.0,0.0,0,0,Bot
64661,4,3,210,134,198,0,52.5,97.04122835,128,0,44.66666667,72.23111056,5320.053819,108.2569091,10776.83333,25405.93955,62632,10,64661,21553.66667,36510.09833,63709,48,63211,31605.5,43878.09709,62632,579,0,0,0,0,92,72,61.86109092,46.39581819,0,198,43.0,76.44232186,5843.428571,0,0,0,1,0,0,0,0,0,49.14285714,52.5,44.66666667,92,0,0,0,0,0,0,4,210,3,134,8192,237,3,20,0.0,0.0,0,0,0.0,0.0,0,0,Bot
12,1,1,6,6,6,6,6.0,0.0,6,6,6.0,0.0,1000000.0,166666.6667,12.0,0.0,12,12,0,0.0,0.0,0,0,0,0.0,0.0,0,0,0,0,0,0,20,20,83333.33333,83333.33333,6,6,6.0,0.0,0.0,0,0,0,0,1,0,0,0,1,9.0,6.0,6.0,20,0,0,0,0,0,0,1,6,1,6,16393,237,0,20,0.0,0.0,0,0,0.0,0.0,0,0,Bot
78008,4,3,207,134,195,0,51.75,95.54187564,128,0,44.66666667,72.23111056,4371.346529,89.73438622,13001.33333,30800.39924,75869,22,78008,26002.66667,44262.30868,77110,22,76446,38223.0,53239.48377,75869,577,0,0,0,0,92,72,51.27679212,38.45759409,0,195,42.625,75.57576615,5711.696429,0,0,0,1,0,0,0,0,0,48.71428571,51.75,44.66666667,92,0,0,0,0,0,0,4,207,3,134,8192,237,3,20,0.0,0.0,0,0,0.0,0.0,0,0,Bot
63,1,1,6,6,6,6,6.0,0.0,6,6,6.0,0.0,190476.1905,31746.03175,63.0,0.0,63,63,0,0.0,0.0,0,0,0,0.0,0.0,0,0,0,0,0,0,20,20,15873.01587,15873.01587,6,6,6.0,0.0,0.0,0,0,0,0,1,1,0,0,1,9.0,6.0,6.0,20,0,0,0,0,0,0,1,6,1,6,237,256,0,20,0.0,0.0,0,0,0.0,0.0,0,0,Bot
86906,4,3,210,134,198,0,52.5,97.04122835,128,0,44.66666667,72.23111056,3958.299772,80.54679769,14484.33333,34697.69765,85309,17,86906,28968.66667,49743.59917,86407,17,85873,42936.5,59923.76417,85309,564,0,0,0,0,92,72,46.02674154,34.52005615,0,198,43.0,76.44232186,5843.428571,0,0,0,1,0,0,0,0,0,49.14285714,52.5,44.66666667,92,0,0,0,0,0,0,4,210,3,134,8192,237,3,20,0.0,0.0,0,0,0.0,0.0,0,0,Bot
48,1,1,6,6,6,6,6.0,0.0,6,6,6.0,0.0,250000.0,41666.66667,48.0,0.0,48,48,0,0.0,0.0,0,0,0,0.0,0.0,0,0,0,0,0,0,20,20,20833.33333,20833.33333,6,6,6.0,0.0,0.0,0,0,0,0,1,1,0,0,1,9.0,6.0,6.0,20,0,0,0,0,0,0,1,6,1,6,237,16393,0,20,0.0,0.0,0,0,0.0,0.0,0,0,Bot
199641,5,4,213,145,195,0,42.6,85.23379611,129,0,36.25,61.96975069,1793.218828,45.08092025,24955.125,69682.21579,197408,3,199641,49910.25,98756.49571,198044,21,198067,66022.33333,113783.7935,197408,3,0,0,0,0,112,92,25.0449557,20.03596456,0,195,35.8,68.38908295,4677.066667,0,0,0,1,0,0,0,0,0,39.77777778,42.6,36.25,112,0,0,0,0,0,0,5,213,4,145,8192,237,4,20,0.0,0.0,0,0,0.0,0.0,0,0,Bot
98418,24,45,111383,386,20440,0,4640.958333,4300.084787,128,0,8.577777778,18.22895909,1135656.079,701.0912638,1447.323529,10454.12435,86370,0,98418,4279.043478000001,19098.25757,91884,51,97216,2209.454545,12986.17601,86370,0,0,0,0,0,492,912,243.8578309,457.2334329,0,20440,1596.7,3327.023744,11100000.0,0,0,0,1,0,0,0,0,1,1619.84058,4640.958333,8.577777778,492,0,0,0,0,0,0,24,111383,45,386,8192,1164,23,20,0.0,0.0,0,0,0.0,0.0,0,0,Bot
32,1,1,6,6,6,6,6.0,0.0,6,6,6.0,0.0,375000.0,62500.0,32.0,0.0,32,32,0,0.0,0.0,0,0,0,0.0,0.0,0,0,0,0,0,0,20,20,31250.0,31250.0,6,6,6.0,0.0,0.0,0,0,0,0,1,1,0,0,1,9.0,6.0,6.0,20,0,0,0,0,0,0,1,6,1,6,237,256,0,20,0.0,0.0,0,0,0.0,0.0,0,0,Bot
39,1,1,6,6,6,6,6.0,0.0,6,6,6.0,0.0,307692.3077,51282.05128,39.0,0.0,39,39,0,0.0,0.0,0,0,0,0.0,0.0,0,0,0,0,0,0,20,20,25641.02564,25641.02564,6,6,6.0,0.0,0.0,0,0,0,0,1,1,0,0,1,9.0,6.0,6.0,20,0,0,0,0,0,0,1,6,1,6,1164,256,0,20,0.0,0.0,0,0,0.0,0.0,0,0,Bot
285043,5,4,216,145,198,0,43.2,86.57482313,129,0,36.25,61.96975069,1266.475584,31.57418354,35630.375,99989.63026,283091,4,285043,71260.75,141561.8466,283603,44,283658,94552.66667,163279.2255,283091,4,0,0,0,0,112,92,17.54121308,14.03297046,0,198,36.1,69.16718875,4784.1,0,0,0,1,0,0,0,0,0,40.11111111,43.2,36.25,112,0,0,0,0,0,0,5,216,4,145,8192,237,4,20,0.0,0.0,0,0,0.0,0.0,0,0,Bot
86644,24,28,73347,284,5840,0,3056.125,2084.705136,128,0,10.14285714,23.12560596,849810.7197,600.1569641,1698.901961,10790.68666,77239,1,86644,3767.130435,16702.279019999998,80379,47,85232,3156.740741,14806.87828,77239,1,0,0,0,0,492,572,276.9955219,323.1614421999999,0,5840,1389.264151,2065.466553,4266152.0830000015,0,0,0,1,0,0,0,0,1,1415.980769,3056.125,10.14285714,492,0,0,0,0,0,0,24,73347,28,284,8192,1255,23,20,0.0,0.0,0,0,0.0,0.0,0,0,Bot
20,1,1,6,6,6,6,6.0,0.0,6,6,6.0,0.0,600000.0,100000.0,20.0,0.0,20,20,0,0.0,0.0,0,0,0,0.0,0.0,0,0,0,0,0,0,20,20,50000.0,50000.0,6,6,6.0,0.0,0.0,0,0,0,0,1,1,0,0,1,9.0,6.0,6.0,20,0,0,0,0,0,0,1,6,1,6,237,16390,0,20,0.0,0.0,0,0,0.0,0.0,0,0,Bot
53,1,1,6,6,6,6,6.0,0.0,6,6,6.0,0.0,226415.0943,37735.84906,53.0,0.0,53,53,0,0.0,0.0,0,0,0,0.0,0.0,0,0,0,0,0,0,20,20,18867.92453,18867.92453,6,6,6.0,0.0,0.0,0,0,0,0,1,1,0,0,1,9.0,6.0,6.0,20,0,0,0,0,0,0,1,6,1,6,1255,16393,0,20,0.0,0.0,0,0,0.0,0.0,0,0,Bot
159649,4,3,207,134,195,0,51.75,95.54187564,128,0,44.66666667,72.23111056,2135.935709,43.84618757,26608.16667,64249.73576,157756,24,159649,53216.33333,91691.37017,159092,24,158371,79185.5,111115.4667,157756,615,0,0,0,0,92,72,25.05496433,18.79122325,0,195,42.625,75.57576615,5711.696429,0,0,0,1,0,0,0,0,0,48.71428571,51.75,44.66666667,92,0,0,0,0,0,0,4,207,3,134,8192,237,3,20,0.0,0.0,0,0,0.0,0.0,0,0,Bot
64,1,1,6,6,6,6,6.0,0.0,6,6,6.0,0.0,187500.0,31250.0,64.0,0.0,64,64,0,0.0,0.0,0,0,0,0.0,0.0,0,0,0,0,0,0,20,20,15625.0,15625.0,6,6,6.0,0.0,0.0,0,0,0,0,1,1,0,0,1,9.0,6.0,6.0,20,0,0,0,0,0,0,1,6,1,6,237,256,0,20,0.0,0.0,0,0,0.0,0.0,0,0,Bot
199952,5,4,213,145,195,0,42.6,85.23379611,129,0,36.25,61.96975069,1790.429703,45.01080259,24994.0,69779.49812999999,197688,48,199952,49988.0,98948.56856,198410,64,198483,66161.0,113905.8911,197688,202,0,0,0,0,112,92,25.00600144,20.00480115,0,195,35.8,68.38908295,4677.066667,0,0,0,1,0,0,0,0,0,39.77777778,42.6,36.25,112,0,0,0,0,0,0,5,213,4,145,8192,237,4,20,0.0,0.0,0,0,0.0,0.0,0,0,Bot
82322,26,34,70312,320,6060,0,2704.3076920000008,1652.450175,128,0,9.411764706,20.97923598,857996.6473,728.8452661,1395.288136,9584.868603,73761,0,82322,3292.88,15362.53306,77027,47,81077,2456.878788,12801.5813,73761,1,0,0,0,0,532,692,315.8329487,413.0123175,0,6060,1157.9016390000004,1715.8219579999998,2944044.99,0,0,0,1,0,0,0,0,1,1177.2,2704.3076920000008,9.411764706,532,0,0,0,0,0,0,26,70312,34,320,8192,1255,25,20,0.0,0.0,0,0,0.0,0.0,0,0,Bot
183104,5,4,212,145,194,0,42.4,84.78679142,129,0,36.25,61.96975069,1949.711639,49.15239427,22888.0,63862.38744,180938,18,183104,45776.0,90577.08252,181641,103,181707,60569.0,104242.7579,180938,210,0,0,0,0,112,92,27.3068857,21.84550856,0,194,35.7,68.13067509,4641.788889,0,0,0,1,0,0,0,0,0,39.66666667,42.4,36.25,112,0,0,0,0,0,0,5,212,4,145,8192,237,4,20,0.0,0.0,0,0,0.0,0.0,0,0,Bot
16,1,1,6,6,6,6,6.0,0.0,6,6,6.0,0.0,750000.0,125000.0,16.0,0.0,16,16,0,0.0,0.0,0,0,0,0.0,0.0,0,0,0,0,0,0,20,20,62500.0,62500.0,6,6,6.0,0.0,0.0,0,0,0,0,1,1,0,0,1,9.0,6.0,6.0,20,0,0,0,0,0,0,1,6,1,6,237,256,0,20,0.0,0.0,0,0,0.0,0.0,0,0,Bot
17,1,1,6,6,6,6,6.0,0.0,6,6,6.0,0.0,705882.3529,117647.0588,17.0,0.0,17,17,0,0.0,0.0,0,0,0,0.0,0.0,0,0,0,0,0,0,20,20,58823.52941,58823.52941,6,6,6.0,0.0,0.0,0,0,0,0,1,1,0,0,1,9.0,6.0,6.0,20,0,0,0,0,0,0,1,6,1,6,1255,256,0,20,0.0,0.0,0,0,0.0,0.0,0,0,Bot
4,1,1,6,6,6,6,6.0,0.0,6,6,6.0,0.0,3000000.0,500000.0,4.0,0.0,4,4,0,0.0,0.0,0,0,0,0.0,0.0,0,0,0,0,0,0,20,20,250000.0,250000.0,6,6,6.0,0.0,0.0,0,0,0,0,1,1,0,0,1,9.0,6.0,6.0,20,0,0,0,0,0,0,1,6,1,6,237,256,0,20,0.0,0.0,0,0,0.0,0.0,0,0,Bot
108858,39,81,201913,602,20440,0,5177.25641,4950.125409,128,0,7.432098765,13.58025982,1860359.367,1102.353525,914.7731092,7949.129983,86845,0,108858,2864.684211,15347.68066,94957,4,107356,1341.95,9689.808151,86845,0,0,0,0,0,792,1632,358.26489560000016,744.0886292,0,20440,1673.677686,3694.107859,13600000.0,0,0,0,1,0,0,0,0,2,1687.625,5177.25641,7.432098765,792,0,0,0,0,0,0,39,201913,81,602,8192,1255,38,20,0.0,0.0,0,0,0.0,0.0,0,0,Bot
212037,5,4,214,145,196,0,42.8,85.68080298,129,0,36.25,61.96975069,1693.100732,42.44542226,26504.625,74217.87138,210184,29,212037,53009.25,105348.7249,211032,29,211034,70344.66667,121104.5786,210184,226,0,0,0,0,112,92,23.58079015,18.86463212,0,196,35.9,68.6479748,4712.544444,0,0,0,1,0,0,0,0,0,39.88888889,42.8,36.25,112,0,0,0,0,0,0,5,214,4,145,8192,237,4,20,0.0,0.0,0,0,0.0,0.0,0,0,Bot
120904,33,68,146714,524,18980,0,4445.878788,3872.396446,128,0,7.705882353,14.82339702,1217809.171,835.3735195,1209.04,9995.237565,99973,0,120904,3778.25,19749.72262,111999,3,119604,1785.134328,12201.11908,99973,0,0,0,0,0,672,1372,272.9438232,562.4296962999998,0,18980,1443.5098039999998,3017.451648,9105014.45,0,0,0,1,0,0,0,0,2,1457.8019800000006,4445.878788,7.705882353,672,0,0,0,0,0,0,33,146714,68,524,8192,1278,32,20,0.0,0.0,0,0,0.0,0.0,0,0,Bot
69322,4,3,207,134,195,0,51.75,95.54187564,128,0,44.66666667,72.23111056,4919.07331,100.9780445,11553.66667,27372.67937,67425,20,69322,23107.33333,39476.85703,68690,20,68034,34017.0,47246.04669,67425,609,0,0,0,0,92,72,57.70173971,43.27630478,0,195,42.625,75.57576615,5711.696429,0,0,0,1,0,0,0,0,0,48.71428571,51.75,44.66666667,92,0,0,0,0,0,0,4,207,3,134,8192,237,3,20,0.0,0.0,0,0,0.0,0.0,0,0,Bot
45,1,1,6,6,6,6,6.0,0.0,6,6,6.0,0.0,266666.6667,44444.44444,45.0,0.0,45,45,0,0.0,0.0,0,0,0,0.0,0.0,0,0,0,0,0,0,20,20,22222.22222,22222.22222,6,6,6.0,0.0,0.0,0,0,0,0,1,1,0,0,1,9.0,6.0,6.0,20,0,0,0,0,0,0,1,6,1,6,237,256,0,20,0.0,0.0,0,0,0.0,0.0,0,0,Bot
65,1,1,6,6,6,6,6.0,0.0,6,6,6.0,0.0,184615.3846,30769.23077,65.0,0.0,65,65,0,0.0,0.0,0,0,0,0.0,0.0,0,0,0,0,0,0,20,20,15384.61538,15384.61538,6,6,6.0,0.0,0.0,0,0,0,0,1,1,0,0,1,9.0,6.0,6.0,20,0,0,0,0,0,0,1,6,1,6,1278,256,0,20,0.0,0.0,0,0,0.0,0.0,0,0,Bot
3,1,1,6,6,6,6,6.0,0.0,6,6,6.0,0.0,4000000.0,666666.6667,3.0,0.0,3,3,0,0.0,0.0,0,0,0,0.0,0.0,0,0,0,0,0,0,20,20,333333.3333,333333.3333,6,6,6.0,0.0,0.0,0,0,0,0,1,1,0,0,1,9.0,6.0,6.0,20,0,0,0,0,0,0,1,6,1,6,1255,256,0,20,0.0,0.0,0,0,0.0,0.0,0,0,Bot
65,1,1,6,6,6,6,6.0,0.0,6,6,6.0,0.0,184615.3846,30769.23077,65.0,0.0,65,65,0,0.0,0.0,0,0,0,0.0,0.0,0,0,0,0,0,0,20,20,15384.61538,15384.61538,6,6,6.0,0.0,0.0,0,0,0,0,1,1,0,0,1,9.0,6.0,6.0,20,0,0,0,0,0,0,1,6,1,6,237,256,0,20,0.0,0.0,0,0,0.0,0.0,0,0,Bot
61903,4,3,210,134,198,0,52.5,97.04122835,128,0,44.66666667,72.23111056,5557.08124,113.0801415,10317.16667,24369.96953,60059,18,61903,20634.33333,35160.04423,61232,18,60620,30310.0,42071.43927,60059,561,0,0,0,0,92,72,64.61722372,48.46291779,0,198,43.0,76.44232186,5843.428571,0,0,0,1,0,0,0,0,0,49.14285714,52.5,44.66666667,92,0,0,0,0,0,0,4,210,3,134,8192,237,3,20,0.0,0.0,0,0,0.0,0.0,0,0,Bot
49,1,1,6,6,6,6,6.0,0.0,6,6,6.0,0.0,244897.9592,40816.32653,49.0,0.0,49,49,0,0.0,0.0,0,0,0,0.0,0.0,0,0,0,0,0,0,20,20,20408.16327,20408.16327,6,6,6.0,0.0,0.0,0,0,0,0,1,1,0,0,1,9.0,6.0,6.0,20,0,0,0,0,0,0,1,6,1,6,237,16393,0,20,0.0,0.0,0,0,0.0,0.0,0,0,Bot
79886,4,3,210,134,198,0,52.5,97.04122835,128,0,44.66666667,72.23111056,4306.136243999999,87.62486543,13314.33333,31605.34098,77825,35,79886,26628.66667,45289.43463,78922,48,78408,39204.0,54618.34199,77825,583,0,0,0,0,92,72,50.07135168,37.55351376,0,198,43.0,76.44232186,5843.428571,0,0,0,1,0,0,0,0,0,49.14285714,52.5,44.66666667,92,0,0,0,0,0,0,4,210,3,134,8192,237,3,20,0.0,0.0,0,0,0.0,0.0,0,0,Bot
52,1,1,6,6,6,6,6.0,0.0,6,6,6.0,0.0,230769.2308,38461.53846,52.0,0.0,52,52,0,0.0,0.0,0,0,0,0.0,0.0,0,0,0,0,0,0,20,20,19230.76923,19230.76923,6,6,6.0,0.0,0.0,0,0,0,0,1,1,0,0,1,9.0,6.0,6.0,20,0,0,0,0,0,0,1,6,1,6,237,16393,0,20,0.0,0.0,0,0,0.0,0.0,0,0,Bot
408907,5,4,213,145,195,0,42.6,85.23379611,129,0,36.25,61.96975069,875.5046991,22.00989467,51113.375,143634.9014,406591,18,408907,102226.75,203544.3728,407543,70,407643,135881.0,234441.8085,406591,343,0,0,0,0,112,92,12.22771926,9.782175409,0,195,35.8,68.38908295,4677.066667,0,0,0,1,0,0,0,0,0,39.77777778,42.6,36.25,112,0,0,0,0,0,0,5,213,4,145,8192,237,4,20,0.0,0.0,0,0,0.0,0.0,0,0,Bot
112652,23,33,70312,314,11680,0,3057.043478,2626.238504,128,0,9.515151515,21.29571731,626939.6016,497.1061322,2048.218182,14005.67866,104020,0,112652,5120.545455,22889.14454,107596,11,111374,3480.4375,18347.66058,104020,1,0,0,0,0,472,672,204.16859,292.9375422,0,11680,1239.052632,2232.838683,4985568.586,0,0,0,1,0,0,0,0,1,1261.178571,3057.043478,9.515151515,472,0,0,0,0,0,0,23,70312,33,314,8192,1255,22,20,0.0,0.0,0,0,0.0,0.0,0,0,Bot
16,1,1,6,6,6,6,6.0,0.0,6,6,6.0,0.0,750000.0,125000.0,16.0,0.0,16,16,0,0.0,0.0,0,0,0,0.0,0.0,0,0,0,0,0,0,20,20,62500.0,62500.0,6,6,6.0,0.0,0.0,0,0,0,0,1,1,0,0,1,9.0,6.0,6.0,20,0,0,0,0,0,0,1,6,1,6,237,256,0,20,0.0,0.0,0,0,0.0,0.0,0,0,Bot
41,1,1,6,6,6,6,6.0,0.0,6,6,6.0,0.0,292682.9268,48780.4878,41.0,0.0,41,41,0,0.0,0.0,0,0,0,0.0,0.0,0,0,0,0,0,0,20,20,24390.2439,24390.2439,6,6,6.0,0.0,0.0,0,0,0,0,1,1,0,0,1,9.0,6.0,6.0,20,0,0,0,0,0,0,1,6,1,6,1255,256,0,20,0.0,0.0,0,0,0.0,0.0,0,0,Bot
212361,5,4,212,145,194,0,42.4,84.78679142,129,0,36.25,61.96975069,1681.099637,42.38066312,26545.125,74044.75104,209795,71,212361,53090.25,104999.1564,210588,71,210662,70220.66667,120875.1306,209795,207,0,0,0,0,112,92,23.54481284,18.83585027,0,194,35.7,68.13067509,4641.788889,0,0,0,1,0,0,0,0,0,39.66666667,42.4,36.25,112,0,0,0,0,0,0,5,212,4,145,8192,237,4,20,0.0,0.0,0,0,0.0,0.0,0,0,Bot
82842,26,39,79000,350,10220,0,3038.461538,2505.14091,128,0,8.974358974,19.58448255,957847.4687,784.6261557999999,1294.40625,8988.311761,72060,1,82842,3313.68,15078.308319999998,75683,188,81345,2140.657895,11652.67061,72060,1,0,0,0,0,532,792,313.8504623,470.77569349999993,0,10220,1202.272727,2153.884188,4639217.094,0,0,0,1,0,0,0,0,1,1220.769231,3038.461538,8.974358974,532,0,0,0,0,0,0,26,79000,39,350,8192,1326,25,20,0.0,0.0,0,0,0.0,0.0,0,0,Bot
213507,5,4,214,145,196,0,42.8,85.68080298,129,0,36.25,61.96975069,1681.4437,42.15318467,26688.375,74715.18663,211598,1,213507,53376.75,105903.9264,212232,31,212223,70741.0,121986.138,211598,1,0,0,0,0,112,92,23.41843593,18.73474874,0,196,35.9,68.6479748,4712.544444,0,0,0,1,0,0,0,0,0,39.88888889,42.8,36.25,112,0,0,0,0,0,0,5,214,4,145,8192,237,4,20,0.0,0.0,0,0,0.0,0.0,0,0,Bot
90155,4,3,207,134,195,0,51.75,95.54187564,128,0,44.66666667,72.23111056,3782.374799,77.64405746,15025.83333,34631.79191,85684,89,90155,30051.66667,49309.39418,86965,156,86265,43132.5,60176.9084,85684,581,0,0,0,0,92,72,44.36803283,33.27602462,0,195,42.625,75.57576615,5711.696429,0,0,0,1,0,0,0,0,0,48.71428571,51.75,44.66666667,92,0,0,0,0,0,0,4,207,3,134,8192,237,3,20,0.0,0.0,0,0,0.0,0.0,0,0,Bot
176194,29,64,146714,500,18980,0,5059.103448,4654.701972999998,128,0,7.8125,15.28031725,835522.2085,527.8272813,1915.152174,16047.85715,153984,0,176194,6292.642857,31661.454360000003,167840,2,174921,2776.52381,19381.31733,153984,0,0,0,0,0,592,1292,164.59130280000005,363.2359785,0,18980,1566.106383,3467.765769,12000000.0,0,0,0,1,0,0,0,0,2,1582.946237,5059.103448,7.8125,592,0,0,0,0,0,0,29,146714,64,500,8192,1255,28,20,0.0,0.0,0,0,0.0,0.0,0,0,Bot
79,1,1,6,6,6,6,6.0,0.0,6,6,6.0,0.0,151898.7342,25316.4557,79.0,0.0,79,79,0,0.0,0.0,0,0,0,0.0,0.0,0,0,0,0,0,0,20,20,12658.22785,12658.22785,6,6,6.0,0.0,0.0,0,0,0,0,1,1,0,0,1,9.0,6.0,6.0,20,0,0,0,0,0,0,1,6,1,6,237,256,0,20,0.0,0.0,0,0,0.0,0.0,0,0,Bot
3,1,1,6,6,6,6,6.0,0.0,6,6,6.0,0.0,4000000.0,666666.6667,3.0,0.0,3,3,0,0.0,0.0,0,0,0,0.0,0.0,0,0,0,0,0,0,20,20,333333.3333,333333.3333,6,6,6.0,0.0,0.0,0,0,0,0,1,1,0,0,1,9.0,6.0,6.0,20,0,0,0,0,0,0,1,6,1,6,237,256,0,20,0.0,0.0,0,0,0.0,0.0,0,0,Bot
20,1,1,6,6,6,6,6.0,0.0,6,6,6.0,0.0,600000.0,100000.0,20.0,0.0,20,20,0,0.0,0.0,0,0,0,0.0,0.0,0,0,0,0,0,0,20,20,50000.0,50000.0,6,6,6.0,0.0,0.0,0,0,0,0,1,1,0,0,1,9.0,6.0,6.0,20,0,0,0,0,0,0,1,6,1,6,1326,256,0,20,0.0,0.0,0,0,0.0,0.0,0,0,Bot
40,1,1,6,6,6,6,6.0,0.0,6,6,6.0,0.0,300000.0,50000.0,40.0,0.0,40,40,0,0.0,0.0,0,0,0,0.0,0.0,0,0,0,0,0,0,20,20,25000.0,25000.0,6,6,6.0,0.0,0.0,0,0,0,0,1,1,0,0,1,9.0,6.0,6.0,20,0,0,0,0,0,0,1,6,1,6,237,256,0,20,0.0,0.0,0,0,0.0,0.0,0,0,Bot
62,1,1,6,6,6,6,6.0,0.0,6,6,6.0,0.0,193548.3871,32258.06452,62.0,0.0,62,62,0,0.0,0.0,0,0,0,0.0,0.0,0,0,0,0,0,0,20,20,16129.03226,16129.03226,6,6,6.0,0.0,0.0,0,0,0,0,1,1,0,0,1,9.0,6.0,6.0,20,0,0,0,0,0,0,1,6,1,6,1255,256,0,20,0.0,0.0,0,0,0.0,0.0,0,0,Bot
63774,4,3,210,134,198,0,52.5,97.04122835,128,0,44.66666667,72.23111056,5394.047731000001,109.7625992,10629.0,25156.53138,61977,58,63774,21258.0,36189.03972,63044,58,62540,31270.0,43426.25586000001,61977,563,0,0,0,0,92,72,62.72148524,47.04111393,0,198,43.0,76.44232186,5843.428571,0,0,0,1,0,0,0,0,0,49.14285714,52.5,44.66666667,92,0,0,0,0,0,0,4,210,3,134,8192,237,3,20,0.0,0.0,0,0,0.0,0.0,0,0,Bot
21,1,1,6,6,6,6,6.0,0.0,6,6,6.0,0.0,571428.5714,95238.09524,21.0,0.0,21,21,0,0.0,0.0,0,0,0,0.0,0.0,0,0,0,0,0,0,20,20,47619.04762,47619.04762,6,6,6.0,0.0,0.0,0,0,0,0,1,1,0,0,1,9.0,6.0,6.0,20,0,0,0,0,0,0,1,6,1,6,237,16393,0,20,0.0,0.0,0,0,0.0,0.0,0,0,Bot
70962,4,3,207,134,195,0,51.75,95.54187564,128,0,44.66666667,72.23111056,4805.3888,98.64434486,11827.0,27872.38334,68717,59,70962,23654.0,40092.56227,69946,59,69309,34654.5,48171.64947,68717,592,0,0,0,0,92,72,56.36819706,42.2761478,0,195,42.625,75.57576615,5711.696429,0,0,0,1,0,0,0,0,0,48.71428571,51.75,44.66666667,92,0,0,0,0,0,0,4,207,3,134,8192,237,3,20,0.0,0.0,0,0,0.0,0.0,0,0,Bot
47,1,1,6,6,6,6,6.0,0.0,6,6,6.0,0.0,255319.1489,42553.19149,47.0,0.0,47,47,0,0.0,0.0,0,0,0,0.0,0.0,0,0,0,0,0,0,20,20,21276.59574,21276.59574,6,6,6.0,0.0,0.0,0,0,0,0,1,1,0,0,1,9.0,6.0,6.0,20,0,0,0,0,0,0,1,6,1,6,237,256,0,20,0.0,0.0,0,0,0.0,0.0,0,0,Bot
62467,4,3,206,134,194,0,51.5,95.04209594,128,0,44.66666667,72.23111056,5442.873837,112.0591672,10411.16667,24467.75445,60352,83,62467,20822.33333,35364.46318,61656,83,60988,30494.0,42225.58855,60352,636,0,0,0,0,92,72,64.03380985,48.02535739,0,194,42.5,75.2880184,5668.285714,0,0,0,1,0,0,0,0,0,48.57142857,51.5,44.66666667,92,0,0,0,0,0,0,4,206,3,134,8192,237,3,20,0.0,0.0,0,0,0.0,0.0,0,0,Bot
61627,4,3,207,134,195,0,51.75,95.54187564,128,0,44.66666667,72.23111056,5533.288979999999,113.5865773,10271.16667,24174.18942,59613,55,61627,20542.33333,34912.501260000005,60854,55,60220,30110.0,41723.54273,59613,607,0,0,0,0,92,72,64.90661561,48.67996171,0,195,42.625,75.57576615,5711.696429,0,0,0,1,0,0,0,0,0,48.71428571,51.75,44.66666667,92,0,0,0,0,0,0,4,207,3,134,8192,237,3,20,0.0,0.0,0,0,0.0,0.0,0,0,Bot
94,1,1,6,6,6,6,6.0,0.0,6,6,6.0,0.0,127659.5745,21276.59574,94.0,0.0,94,94,0,0.0,0.0,0,0,0,0.0,0.0,0,0,0,0,0,0,20,20,10638.29787,10638.29787,6,6,6.0,0.0,0.0,0,0,0,0,1,1,0,0,1,9.0,6.0,6.0,20,0,0,0,0,0,0,1,6,1,6,237,256,0,20,0.0,0.0,0,0,0.0,0.0,0,0,Bot
60216,4,3,208,134,196,0,52.0,96.04165763,128,0,44.66666667,72.23111056,5679.553607,116.2481732,10036.0,23456.4577,57912,32,60216,20072.0,33973.396,59298,32,58691,29345.5,40399.13173,57912,779,0,0,0,0,92,72,66.42752757,49.82064568,0,196,42.75,75.86407017,5755.357143,0,0,0,1,0,0,0,0,0,48.85714286,52.0,44.66666667,92,0,0,0,0,0,0,4,208,3,134,8192,237,3,20,0.0,0.0,0,0,0.0,0.0,0,0,Bot
71,1,1,6,6,6,6,6.0,0.0,6,6,6.0,0.0,169014.0845,28169.01408,71.0,0.0,71,71,0,0.0,0.0,0,0,0,0.0,0.0,0,0,0,0,0,0,20,20,14084.50704,14084.50704,6,6,6.0,0.0,0.0,0,0,0,0,1,1,0,0,1,9.0,6.0,6.0,20,0,0,0,0,0,0,1,6,1,6,237,256,0,20,0.0,0.0,0,0,0.0,0.0,0,0,Bot
31,1,1,6,6,6,6,6.0,0.0,6,6,6.0,0.0,387096.7742,64516.12903,31.0,0.0,31,31,0,0.0,0.0,0,0,0,0.0,0.0,0,0,0,0,0,0,20,20,32258.06452,32258.06452,6,6,6.0,0.0,0.0,0,0,0,0,1,1,0,0,1,9.0,6.0,6.0,20,0,0,0,0,0,0,1,6,1,6,237,256,0,20,0.0,0.0,0,0,0.0,0.0,0,0,Bot
81495,4,3,210,134,198,0,52.5,97.04122835,128,0,44.66666667,72.23111056,4221.11786,85.89484017,13582.5,32320.54765,79554,18,81495,27165.0,46479.76793,80834,18,80304,40152.0,55722.84277999999,79554,750,0,0,0,0,92,72,49.08276581,36.81207436,0,198,43.0,76.44232186,5843.428571,0,0,0,1,0,0,0,0,0,49.14285714,52.5,44.66666667,92,0,0,0,0,0,0,4,210,3,134,8192,237,3,20,0.0,0.0,0,0,0.0,0.0,0,0,Bot
51,1,1,6,6,6,6,6.0,0.0,6,6,6.0,0.0,235294.1176,39215.68627,51.0,0.0,51,51,0,0.0,0.0,0,0,0,0.0,0.0,0,0,0,0,0,0,20,20,19607.84314,19607.84314,6,6,6.0,0.0,0.0,0,0,0,0,1,1,0,0,1,9.0,6.0,6.0,20,0,0,0,0,0,0,1,6,1,6,237,16393,0,20,0.0,0.0,0,0,0.0,0.0,0,0,Bot
78757,4,3,207,134,195,0,51.75,95.54187564,128,0,44.66666667,72.23111056,4329.773861,88.88098836,13126.16667,31056.02482,76515,39,78757,26252.33333,44610.17527,77761,39,77083,38541.5,53702.63871,76515,568,0,0,0,0,92,72,50.7891362,38.09185215,0,195,42.625,75.57576615,5711.696429,0,0,0,1,0,0,0,0,0,48.71428571,51.75,44.66666667,92,0,0,0,0,0,0,4,207,3,134,8192,237,3,20,0.0,0.0,0,0,0.0,0.0,0,0,Bot
47,1,1,6,6,6,6,6.0,0.0,6,6,6.0,0.0,255319.1489,42553.19149,47.0,0.0,47,47,0,0.0,0.0,0,0,0,0.0,0.0,0,0,0,0,0,0,20,20,21276.59574,21276.59574,6,6,6.0,0.0,0.0,0,0,0,0,1,1,0,0,1,9.0,6.0,6.0,20,0,0,0,0,0,0,1,6,1,6,237,256,0,20,0.0,0.0,0,0,0.0,0.0,0,0,Bot
75962,4,3,206,134,194,0,51.5,95.04209594,128,0,44.66666667,72.23111056,4475.922172,92.15133883,12660.33333,29809.73463000001,73505,88,75962,25320.66667,43142.56832,75136,88,74319,37159.5,51400.29903,73505,814,0,0,0,0,92,72,52.65790790000001,39.49343093,0,194,42.5,75.2880184,5668.285714,0,0,0,1,0,0,0,0,0,48.57142857,51.5,44.66666667,92,0,0,0,0,0,0,4,206,3,134,8192,237,3,20,0.0,0.0,0,0,0.0,0.0,0,0,Bot
3,1,1,6,6,6,6,6.0,0.0,6,6,6.0,0.0,4000000.0,666666.6667,3.0,0.0,3,3,0,0.0,0.0,0,0,0,0.0,0.0,0,0,0,0,0,0,20,20,333333.3333,333333.3333,6,6,6.0,0.0,0.0,0,0,0,0,1,1,0,0,1,9.0,6.0,6.0,20,0,0,0,0,0,0,1,6,1,6,237,256,0,20,0.0,0.0,0,0,0.0,0.0,0,0,Bot
73832,4,3,207,134,195,0,51.75,95.54187564,128,0,44.66666667,72.23111056,4618.593564,94.80983855,12305.33333,29174.762,71855,52,73832,24610.66667,42046.77779,73161,52,72465,36232.5,50377.82263,71855,610,0,0,0,0,92,72,54.17705060000001,40.63278795,0,195,42.625,75.57576615,5711.696429,0,0,0,1,0,0,0,0,0,48.71428571,51.75,44.66666667,92,0,0,0,0,0,0,4,207,3,134,8192,237,3,20,0.0,0.0,0,0,0.0,0.0,0,0,Bot
0,1,1,6,6,6,6,6.0,0.0,6,6,6.0,0.0,inf,inf,0.0,0.0,0,0,0,0.0,0.0,0,0,0,0.0,0.0,0,0,0,0,0,0,20,20,0.0,0.0,6,6,6.0,0.0,0.0,0,0,0,0,1,0,0,0,1,9.0,6.0,6.0,20,0,0,0,0,0,0,1,6,1,6,256,237,0,20,0.0,0.0,0,0,0.0,0.0,0,0,Bot
73177,4,3,208,134,196,0,52.0,96.04165763,128,0,44.66666667,72.23111056,4673.599628,95.65847192,12196.16667,28907.74218,71201,31,73177,24392.33333,41625.66048,72456,31,71818,35909.0,49910.42504,71201,617,0,0,0,0,92,72,54.66198396,40.99648797,0,196,42.75,75.86407017,5755.357143,0,0,0,1,0,0,0,0,0,48.85714286,52.0,44.66666667,92,0,0,0,0,0,0,4,208,3,134,8192,237,3,20,0.0,0.0,0,0,0.0,0.0,0,0,Bot
39,1,1,6,6,6,6,6.0,0.0,6,6,6.0,0.0,307692.3077,51282.05128,39.0,0.0,39,39,0,0.0,0.0,0,0,0,0.0,0.0,0,0,0,0,0,0,20,20,25641.02564,25641.02564,6,6,6.0,0.0,0.0,0,0,0,0,1,1,0,0,1,9.0,6.0,6.0,20,0,0,0,0,0,0,1,6,1,6,237,256,0,20,0.0,0.0,0,0,0.0,0.0,0,0,Bot
98171,4,3,210,134,198,0,52.5,97.04122835,128,0,44.66666667,72.23111056,3504.0898020000004,71.30415296,16361.83333,39177.31476,96330,37,98171,32723.66667,56176.41593,97590,48,96879,48439.5,67727.39461,96330,549,0,0,0,0,92,72,40.74523026,30.5589227,0,198,43.0,76.44232186,5843.428571,0,0,0,1,0,0,0,0,0,49.14285714,52.5,44.66666667,92,0,0,0,0,0,0,4,210,3,134,8192,237,3,20,0.0,0.0,0,0,0.0,0.0,0,0,Bot
56,1,1,6,6,6,6,6.0,0.0,6,6,6.0,0.0,214285.7143,35714.285710000004,56.0,0.0,56,56,0,0.0,0.0,0,0,0,0.0,0.0,0,0,0,0,0,0,20,20,17857.14286,17857.14286,6,6,6.0,0.0,0.0,0,0,0,0,1,1,0,0,1,9.0,6.0,6.0,20,0,0,0,0,0,0,1,6,1,6,237,16393,0,20,0.0,0.0,0,0,0.0,0.0,0,0,Bot
71634,4,3,207,134,195,0,51.75,95.54187564,128,0,44.66666667,72.23111056,4760.30935,97.71896027,11939.0,28347.24928,69800,50,71634,23878.0,40825.25277,71018,50,70392,35196.0,48937.44611,69800,592,0,0,0,0,92,72,55.83940587,41.8795544,0,195,42.625,75.57576615,5711.696429,0,0,0,1,0,0,0,0,0,48.71428571,51.75,44.66666667,92,0,0,0,0,0,0,4,207,3,134,8192,237,3,20,0.0,0.0,0,0,0.0,0.0,0,0,Bot
50,1,1,6,6,6,6,6.0,0.0,6,6,6.0,0.0,240000.0,40000.0,50.0,0.0,50,50,0,0.0,0.0,0,0,0,0.0,0.0,0,0,0,0,0,0,20,20,20000.0,20000.0,6,6,6.0,0.0,0.0,0,0,0,0,1,1,0,0,1,9.0,6.0,6.0,20,0,0,0,0,0,0,1,6,1,6,237,256,0,20,0.0,0.0,0,0,0.0,0.0,0,0,Bot
71053,4,3,206,134,194,0,51.5,95.04209594,128,0,44.66666667,72.23111056,4785.160373,98.51800768,11842.16667,27952.26578,68896,109,71053,23684.33333,40341.6058,70266,156,69562,34781.0,48245.89568,68896,666,0,0,0,0,92,72,56.29600439,42.22200329,0,194,42.5,75.2880184,5668.285714,0,0,0,1,0,0,0,0,0,48.57142857,51.5,44.66666667,92,0,0,0,0,0,0,4,206,3,134,8192,237,3,20,0.0,0.0,0,0,0.0,0.0,0,0,Bot
5,1,1,6,6,6,6,6.0,0.0,6,6,6.0,0.0,2400000.0,400000.0,5.0,0.0,5,5,0,0.0,0.0,0,0,0,0.0,0.0,0,0,0,0,0,0,20,20,200000.0,200000.0,6,6,6.0,0.0,0.0,0,0,0,0,1,0,0,0,1,9.0,6.0,6.0,20,0,0,0,0,0,0,1,6,1,6,256,237,0,20,0.0,0.0,0,0,0.0,0.0,0,0,Bot
69352,4,3,207,134,195,0,51.75,95.54187564,128,0,44.66666667,72.23111056,4916.945438000001,100.9343638,11558.66667,27377.50242,67440,53,69352,23117.33333,39414.60473,68628,53,68058,34029.0,47250.28933,67440,618,0,0,0,0,92,72,57.67677933,43.2575845,0,195,42.625,75.57576615,5711.696429,0,0,0,1,0,0,0,0,0,48.71428571,51.75,44.66666667,92,0,0,0,0,0,0,4,207,3,134,8192,237,3,20,0.0,0.0,0,0,0.0,0.0,0,0,Bot
68495,4,3,208,134,196,0,52.0,96.04165763,128,0,44.66666667,72.23111056,4993.065187,102.1972407,11415.83333,26964.25638000001,66453,33,68495,22831.66667,38906.20744,67755,33,67071,33535.5,46552.37494,66453,618,0,0,0,0,92,72,58.39842324,43.79881743,0,196,42.75,75.86407017,5755.357143,0,0,0,1,0,0,0,0,0,48.85714286,52.0,44.66666667,92,0,0,0,0,0,0,4,208,3,134,8192,237,3,20,0.0,0.0,0,0,0.0,0.0,0,0,Bot
3,1,1,6,6,6,6,6.0,0.0,6,6,6.0,0.0,4000000.0,666666.6667,3.0,0.0,3,3,0,0.0,0.0,0,0,0,0.0,0.0,0,0,0,0,0,0,20,20,333333.3333,333333.3333,6,6,6.0,0.0,0.0,0,0,0,0,1,1,0,0,1,9.0,6.0,6.0,20,0,0,0,0,0,0,1,6,1,6,237,256,0,20,0.0,0.0,0,0,0.0,0.0,0,0,Bot
40,1,1,6,6,6,6,6.0,0.0,6,6,6.0,0.0,300000.0,50000.0,40.0,0.0,40,40,0,0.0,0.0,0,0,0,0.0,0.0,0,0,0,0,0,0,20,20,25000.0,25000.0,6,6,6.0,0.0,0.0,0,0,0,0,1,1,0,0,1,9.0,6.0,6.0,20,0,0,0,0,0,0,1,6,1,6,237,256,0,20,0.0,0.0,0,0,0.0,0.0,0,0,Bot
122141,4,3,210,134,198,0,52.5,97.04122835,128,0,44.66666667,72.23111056,2816.417092,57.31081291,20356.83333,49008.685,120394,18,122141,40713.66667,69985.26842000001,121525,18,120950,60475.0,84738.26243999999,120394,556,0,0,0,0,92,72,32.74903595,24.56177696,0,198,43.0,76.44232186,5843.428571,0,0,0,1,0,0,0,0,0,49.14285714,52.5,44.66666667,92,0,0,0,0,0,0,4,210,3,134,8192,237,3,20,0.0,0.0,0,0,0.0,0.0,0,0,Bot
53,1,1,6,6,6,6,6.0,0.0,6,6,6.0,0.0,226415.0943,37735.84906,53.0,0.0,53,53,0,0.0,0.0,0,0,0,0.0,0.0,0,0,0,0,0,0,20,20,18867.92453,18867.92453,6,6,6.0,0.0,0.0,0,0,0,0,1,1,0,0,1,9.0,6.0,6.0,20,0,0,0,0,0,0,1,6,1,6,237,16393,0,20,0.0,0.0,0,0,0.0,0.0,0,0,Bot
58445,4,3,207,134,195,0,51.75,95.54187564,128,0,44.66666667,72.23111056,5834.545299,119.7707246,9740.833333,22871.18073,56423,58,58445,19481.66667,33106.431860000004,57708,58,57149,28574.5,39383.72639,56423,726,0,0,0,0,92,72,68.44041406,51.33031055,0,195,42.625,75.57576615,5711.696429,0,0,0,1,0,0,0,0,0,48.71428571,51.75,44.66666667,92,0,0,0,0,0,0,4,207,3,134,8192,237,3,20,0.0,0.0,0,0,0.0,0.0,0,0,Bot
71431,4,3,206,134,194,0,51.5,95.04209594,128,0,44.66666667,72.23111056,4759.838166,97.99666811,11905.16667,28101.53615,69263,75,71431,23810.33333,40570.19219,70656,157,69859,34929.5,48554.90134,69263,596,0,0,0,0,92,72,55.99809606,41.99857205,0,194,42.5,75.2880184,5668.285714,0,0,0,1,0,0,0,0,0,48.57142857,51.5,44.66666667,92,0,0,0,0,0,0,4,206,3,134,8192,237,3,20,0.0,0.0,0,0,0.0,0.0,0,0,Bot
61,1,1,6,6,6,6,6.0,0.0,6,6,6.0,0.0,196721.3115,32786.88525,61.0,0.0,61,61,0,0.0,0.0,0,0,0,0.0,0.0,0,0,0,0,0,0,20,20,16393.442619999998,16393.442619999998,6,6,6.0,0.0,0.0,0,0,0,0,1,1,0,0,1,9.0,6.0,6.0,20,0,0,0,0,0,0,1,6,1,6,237,256,0,20,0.0,0.0,0,0,0.0,0.0,0,0,Bot
47,1,1,6,6,6,6,6.0,0.0,6,6,6.0,0.0,255319.1489,42553.19149,47.0,0.0,47,47,0,0.0,0.0,0,0,0,0.0,0.0,0,0,0,0,0,0,20,20,21276.59574,21276.59574,6,6,6.0,0.0,0.0,0,0,0,0,1,1,0,0,1,9.0,6.0,6.0,20,0,0,0,0,0,0,1,6,1,6,237,256,0,20,0.0,0.0,0,0,0.0,0.0,0,0,Bot
64557,4,3,208,134,196,0,52.0,96.04165763,128,0,44.66666667,72.23111056,5297.643943,108.4313088,10759.5,25516.79386,62843,36,64557,21519.0,36786.11093,63995,36,63421,31710.5,44028.00373,62843,578,0,0,0,0,92,72,61.96074787,46.4705609,0,196,42.75,75.86407017,5755.357143,0,0,0,1,0,0,0,0,0,48.85714286,52.0,44.66666667,92,0,0,0,0,0,0,4,208,3,134,8192,237,3,20,0.0,0.0,0,0,0.0,0.0,0,0,Bot
381695,5,4,213,145,195,0,42.6,85.23379611,129,0,36.25,61.96975069,937.921639,23.57903562,47711.875,134086.2642,379558,53,381695,95423.75,190003.6876,380429,53,380516,126838.6667,218861.4148,379558,328,0,0,0,0,112,92,13.09946423,10.47957139,0,195,35.8,68.38908295,4677.066667,0,0,0,1,0,0,0,0,0,39.77777778,42.6,36.25,112,0,0,0,0,0,0,5,213,4,145,8192,237,4,20,0.0,0.0,0,0,0.0,0.0,0,0,Bot
275622,28,49,111320,410,11680,0,3975.714286,2742.812977,128,0,8.367346938999999,17.46746246,405374.0267,279.36812010000006,3626.605263,30196.1261,263399,0,275622,10208.22222,51750.13746000001,269148,4,274233,5713.1875,37986.14695,263399,0,0,0,0,0,572,992,101.5884073,177.7797128,0,11680,1432.435897,2511.454665,6307404.535,0,0,0,1,0,0,0,0,1,1451.038961,3975.714286,8.367346938999999,572,0,0,0,0,0,0,28,111320,49,410,8192,1164,27,20,0.0,0.0,0,0,0.0,0.0,0,0,Bot
41,1,1,6,6,6,6,6.0,0.0,6,6,6.0,0.0,292682.9268,48780.4878,41.0,0.0,41,41,0,0.0,0.0,0,0,0,0.0,0.0,0,0,0,0,0,0,20,20,24390.2439,24390.2439,6,6,6.0,0.0,0.0,0,0,0,0,1,1,0,0,1,9.0,6.0,6.0,20,0,0,0,0,0,0,1,6,1,6,237,256,0,20,0.0,0.0,0,0,0.0,0.0,0,0,Bot
3,1,1,6,6,6,6,6.0,0.0,6,6,6.0,0.0,4000000.0,666666.6667,3.0,0.0,3,3,0,0.0,0.0,0,0,0,0.0,0.0,0,0,0,0,0,0,20,20,333333.3333,333333.3333,6,6,6.0,0.0,0.0,0,0,0,0,1,1,0,0,1,9.0,6.0,6.0,20,0,0,0,0,0,0,1,6,1,6,237,256,0,20,0.0,0.0,0,0,0.0,0.0,0,0,Bot
3,1,1,6,6,6,6,6.0,0.0,6,6,6.0,0.0,4000000.0,666666.6667,3.0,0.0,3,3,0,0.0,0.0,0,0,0,0.0,0.0,0,0,0,0,0,0,20,20,333333.3333,333333.3333,6,6,6.0,0.0,0.0,0,0,0,0,1,1,0,0,1,9.0,6.0,6.0,20,0,0,0,0,0,0,1,6,1,6,1164,256,0,20,0.0,0.0,0,0,0.0,0.0,0,0,Bot
222082,5,4,216,145,198,0,43.2,86.57482313,129,0,36.25,61.96975069,1625.525707,40.52557164,27760.25,77767.98677999999,220225,4,222082,55520.5,110162.7373,220764,19,220821,73607.0,126975.253,220225,4,0,0,0,0,112,92,22.51420646,18.01136517,0,198,36.1,69.16718875,4784.1,0,0,0,1,0,0,0,0,0,40.11111111,43.2,36.25,112,0,0,0,0,0,0,5,216,4,145,8192,237,4,20,0.0,0.0,0,0,0.0,0.0,0,0,Bot
86250,21,23,56958,254,5840,0,2712.285714,2128.940327,128,0,11.04347826,25.52624008,663327.5362,510.1449275000001,2005.813953,11992.49818,78811,2,86250,4312.5,18223.05566,81730,2,85278,3876.2727270000014,16737.81516,78811,2,0,0,0,0,432,472,243.4782609,266.6666667,0,5840,1271.377778,1979.515451,3918481.422,0,0,0,1,0,0,0,0,1,1300.272727,2712.285714,11.04347826,432,0,0,0,0,0,0,21,56958,23,254,8192,1118,20,20,0.0,0.0,0,0,0.0,0.0,0,0,Bot
19,1,1,6,6,6,6,6.0,0.0,6,6,6.0,0.0,631578.9474,105263.1579,19.0,0.0,19,19,0,0.0,0.0,0,0,0,0.0,0.0,0,0,0,0,0,0,20,20,52631.57895,52631.57895,6,6,6.0,0.0,0.0,0,0,0,0,1,1,0,0,1,9.0,6.0,6.0,20,0,0,0,0,0,0,1,6,1,6,237,16390,0,20,0.0,0.0,0,0,0.0,0.0,0,0,Bot
24,1,1,6,6,6,6,6.0,0.0,6,6,6.0,0.0,500000.0,83333.33333,24.0,0.0,24,24,0,0.0,0.0,0,0,0,0.0,0.0,0,0,0,0,0,0,20,20,41666.66667,41666.66667,6,6,6.0,0.0,0.0,0,0,0,0,1,1,0,0,1,9.0,6.0,6.0,20,0,0,0,0,0,0,1,6,1,6,1118,16393,0,20,0.0,0.0,0,0,0.0,0.0,0,0,Bot
330091,5,4,213,145,195,0,42.6,85.23379611,129,0,36.25,61.96975069,1084.5494119999998,27.26520868,41261.375,115827.8276,327920,41,330091,82522.75,164178.4069,328790,41,328773,109591.0,189078.644,327920,163,0,0,0,0,112,92,15.14733816,12.11787053,0,195,35.8,68.38908295,4677.066667,0,0,0,1,0,0,0,0,0,39.77777778,42.6,36.25,112,0,0,0,0,0,0,5,213,4,145,8192,237,4,20,0.0,0.0,0,0,0.0,0.0,0,0,Bot
84033,22,37,70306,338,5840,0,3195.727273,2142.059827,128,0,9.135135135,20.10826552,840669.7369,702.1051254,1448.844828,9914.461389,75643,0,84033,4001.571429,17130.22996,78759,3,82985,2305.138889,12574.24821,75643,0,0,0,0,0,452,752,261.80191119999995,440.3032142,0,5840,1177.4,2007.93775,4031814.007,0,0,0,1,0,0,0,0,1,1197.355932,3195.727273,9.135135135,452,0,0,0,0,0,0,22,70306,37,338,8192,1278,21,20,0.0,0.0,0,0,0.0,0.0,0,0,Bot
203760,5,4,212,145,194,0,42.4,84.78679142,129,0,36.25,61.96975069,1752.061249,44.16961131,25470.0,71098.25297999999,201428,53,203760,50940.0,100827.8936,202181,53,202304,67434.66667,116041.8726,201428,201,0,0,0,0,112,92,24.53867295,19.63093836,0,194,35.7,68.13067509,4641.788889,0,0,0,1,0,0,0,0,0,39.66666667,42.4,36.25,112,0,0,0,0,0,0,5,212,4,145,8192,237,4,20,0.0,0.0,0,0,0.0,0.0,0,0,Bot
40,1,1,6,6,6,6,6.0,0.0,6,6,6.0,0.0,300000.0,50000.0,40.0,0.0,40,40,0,0.0,0.0,0,0,0,0.0,0.0,0,0,0,0,0,0,20,20,25000.0,25000.0,6,6,6.0,0.0,0.0,0,0,0,0,1,1,0,0,1,9.0,6.0,6.0,20,0,0,0,0,0,0,1,6,1,6,237,256,0,20,0.0,0.0,0,0,0.0,0.0,0,0,Bot
43,1,1,6,6,6,6,6.0,0.0,6,6,6.0,0.0,279069.7674,46511.62791,43.0,0.0,43,43,0,0.0,0.0,0,0,0,0.0,0.0,0,0,0,0,0,0,20,20,23255.81395,23255.81395,6,6,6.0,0.0,0.0,0,0,0,0,1,1,0,0,1,9.0,6.0,6.0,20,0,0,0,0,0,0,1,6,1,6,1278,256,0,20,0.0,0.0,0,0,0.0,0.0,0,0,Bot
81611,28,40,78996,356,5840,0,2821.285714,2103.506435,128,0,8.9,19.3374885,972319.9079,833.2210119,1218.074627,8610.506895999999,70627,1,81611,3022.62963,14257.36357,74354,4,79874,2048.051282,11273.72494,70627,1,0,0,0,0,572,812,343.0910049,490.130007,0,5840,1150.028986,1921.62194,3692630.882,0,0,0,1,0,0,0,0,1,1166.941176,2821.285714,8.9,572,0,0,0,0,0,0,28,78996,40,356,8192,1255,27,20,0.0,0.0,0,0,0.0,0.0,0,0,Bot
209932,5,4,214,145,196,0,42.8,85.68080298,129,0,36.25,61.96975069,1710.077549,42.8710249,26241.5,73384.03764,207857,31,209932,52483.0,104158.3962,208720,31,208717,69572.33333,119758.1787,207857,244,0,0,0,0,112,92,23.81723606,19.05378885,0,196,35.9,68.6479748,4712.544444,0,0,0,1,0,0,0,0,0,39.88888889,42.8,36.25,112,0,0,0,0,0,0,5,214,4,145,8192,237,4,20,0.0,0.0,0,0,0.0,0.0,0,0,Bot
86958,31,60,146710,476,23360,0,4732.580645,5176.370059000002,128,0,7.933333332999999,15.78227569,1692610.226,1046.48221,966.2,7538.140820999999,71651,0,86958,2898.6,14233.132280000002,78250,50,85583,1450.559322,9302.822064,71651,0,0,0,0,0,632,1212,356.49393960000015,689.9882702000001,0,23360,1599.847826,3725.033204,13900000.0,0,0,0,1,0,0,0,0,1,1617.428571,4732.580645,7.933333332999999,632,0,0,0,0,0,0,31,146710,60,476,8192,1255,30,20,0.0,0.0,0,0,0.0,0.0,0,0,Bot
74152,4,3,207,134,195,0,51.75,95.54187564,128,0,44.66666667,72.23111056,4598.662207,94.40069047,12358.66667,29309.86534,72184,52,74152,24717.33333,42274.66573,73531,52,72795,36397.5,50609.75365,72184,611,0,0,0,0,92,72,53.9432517,40.45743877,0,195,42.625,75.57576615,5711.696429,0,0,0,1,0,0,0,0,0,48.71428571,51.75,44.66666667,92,0,0,0,0,0,0,4,207,3,134,8192,237,3,20,0.0,0.0,0,0,0.0,0.0,0,0,Bot
46,1,1,6,6,6,6,6.0,0.0,6,6,6.0,0.0,260869.5652,43478.26087,46.0,0.0,46,46,0,0.0,0.0,0,0,0,0.0,0.0,0,0,0,0,0,0,20,20,21739.13043,21739.13043,6,6,6.0,0.0,0.0,0,0,0,0,1,1,0,0,1,9.0,6.0,6.0,20,0,0,0,0,0,0,1,6,1,6,237,256,0,20,0.0,0.0,0,0,0.0,0.0,0,0,Bot
49,1,1,6,6,6,6,6.0,0.0,6,6,6.0,0.0,244897.9592,40816.32653,49.0,0.0,49,49,0,0.0,0.0,0,0,0,0.0,0.0,0,0,0,0,0,0,20,20,20408.16327,20408.16327,6,6,6.0,0.0,0.0,0,0,0,0,1,1,0,0,1,9.0,6.0,6.0,20,0,0,0,0,0,0,1,6,1,6,237,256,0,20,0.0,0.0,0,0,0.0,0.0,0,0,Bot
111,1,1,6,6,6,6,6.0,0.0,6,6,6.0,0.0,108108.1081,18018.01802,111.0,0.0,111,111,0,0.0,0.0,0,0,0,0.0,0.0,0,0,0,0,0,0,20,20,9009.009009,9009.009009,6,6,6.0,0.0,0.0,0,0,0,0,1,1,0,0,1,9.0,6.0,6.0,20,0,0,0,0,0,0,1,6,1,6,1255,256,0,20,0.0,0.0,0,0,0.0,0.0,0,0,Bot
40,1,1,6,6,6,6,6.0,0.0,6,6,6.0,0.0,300000.0,50000.0,40.0,0.0,40,40,0,0.0,0.0,0,0,0,0.0,0.0,0,0,0,0,0,0,20,20,25000.0,25000.0,6,6,6.0,0.0,0.0,0,0,0,0,1,1,0,0,1,9.0,6.0,6.0,20,0,0,0,0,0,0,1,6,1,6,237,256,0,20,0.0,0.0,0,0,0.0,0.0,0,0,Bot
6,1,1,6,6,6,6,6.0,0.0,6,6,6.0,0.0,2000000.0,333333.3333,6.0,0.0,6,6,0,0.0,0.0,0,0,0,0.0,0.0,0,0,0,0,0,0,20,20,166666.6667,166666.6667,6,6,6.0,0.0,0.0,0,0,0,0,1,1,0,0,1,9.0,6.0,6.0,20,0,0,0,0,0,0,1,6,1,6,1255,256,0,20,0.0,0.0,0,0,0.0,0.0,0,0,Bot
71796,4,3,210,134,198,0,52.5,97.04122835,128,0,44.66666667,72.23111056,4791.353279,97.49846788,11966.0,28464.67997,70067,19,71796,23932.0,40926.75136,71189,19,70635,35317.5,49143.21419,70067,568,0,0,0,0,92,72,55.71341022,41.78505766,0,198,43.0,76.44232186,5843.428571,0,0,0,1,0,0,0,0,0,49.14285714,52.5,44.66666667,92,0,0,0,0,0,0,4,210,3,134,8192,237,3,20,0.0,0.0,0,0,0.0,0.0,0,0,Bot
56,1,1,6,6,6,6,6.0,0.0,6,6,6.0,0.0,214285.7143,35714.285710000004,56.0,0.0,56,56,0,0.0,0.0,0,0,0,0.0,0.0,0,0,0,0,0,0,20,20,17857.14286,17857.14286,6,6,6.0,0.0,0.0,0,0,0,0,1,1,0,0,1,9.0,6.0,6.0,20,0,0,0,0,0,0,1,6,1,6,237,16393,0,20,0.0,0.0,0,0,0.0,0.0,0,0,Bot
83179,4,3,207,134,195,0,51.75,95.54187564,128,0,44.66666667,72.23111056,4099.592445,84.15585665,13863.16667,33044.72443,81313,44,83179,27726.33333,47552.84682,82635,44,81975,40987.5,57028.86901,81313,662,0,0,0,0,92,72,48.08906094,36.06679571,0,195,42.625,75.57576615,5711.696429,0,0,0,1,0,0,0,0,0,48.71428571,51.75,44.66666667,92,0,0,0,0,0,0,4,207,3,134,8192,237,3,20,0.0,0.0,0,0,0.0,0.0,0,0,Bot
49,1,1,6,6,6,6,6.0,0.0,6,6,6.0,0.0,244897.9592,40816.32653,49.0,0.0,49,49,0,0.0,0.0,0,0,0,0.0,0.0,0,0,0,0,0,0,20,20,20408.16327,20408.16327,6,6,6.0,0.0,0.0,0,0,0,0,1,1,0,0,1,9.0,6.0,6.0,20,0,0,0,0,0,0,1,6,1,6,237,256,0,20,0.0,0.0,0,0,0.0,0.0,0,0,Bot
62186,4,3,206,134,194,0,51.5,95.04209594,128,0,44.66666667,72.23111056,5467.468562,112.5655292,10364.33333,24125.67741,59604,42,62186,20728.66667,35021.16642,61164,42,60268,30134.0,41676.87368,59604,664,0,0,0,0,92,72,64.32315955,48.24236967,0,194,42.5,75.2880184,5668.285714,0,0,0,1,0,0,0,0,0,48.57142857,51.5,44.66666667,92,0,0,0,0,0,0,4,206,3,134,8192,237,3,20,0.0,0.0,0,0,0.0,0.0,0,0,Bot
67841,4,3,208,134,196,0,52.0,96.04165763,128,0,44.66666667,72.23111056,5041.199275,103.1824413,11306.83333,26689.87136,65784,62,67841,22613.66667,38483.57692,67049,62,66417,33208.5,46068.7139,65784,633,0,0,0,0,92,72,58.96139503,44.22104627,0,196,42.75,75.86407017,5755.357143,0,0,0,1,0,0,0,0,0,48.85714286,52.0,44.66666667,92,0,0,0,0,0,0,4,208,3,134,8192,237,3,20,0.0,0.0,0,0,0.0,0.0,0,0,Bot
64030,4,3,207,134,195,0,51.75,95.54187564,128,0,44.66666667,72.23111056,5325.628612,109.3237545,10671.66667,25187.45206,62082,21,64030,21343.33333,36285.50515,63240,21,62654,31327.0,43494.13811,62082,572,0,0,0,0,92,72,62.47071685,46.85303764,0,195,42.625,75.57576615,5711.696429,0,0,0,1,0,0,0,0,0,48.71428571,51.75,44.66666667,92,0,0,0,0,0,0,4,207,3,134,8192,237,3,20,0.0,0.0,0,0,0.0,0.0,0,0,Bot
8,1,1,6,6,6,6,6.0,0.0,6,6,6.0,0.0,1500000.0,250000.0,8.0,0.0,8,8,0,0.0,0.0,0,0,0,0.0,0.0,0,0,0,0,0,0,20,20,125000.0,125000.0,6,6,6.0,0.0,0.0,0,0,0,0,1,1,0,0,1,9.0,6.0,6.0,20,0,0,0,0,0,0,1,6,1,6,237,256,0,20,0.0,0.0,0,0,0.0,0.0,0,0,Bot
94,1,1,6,6,6,6,6.0,0.0,6,6,6.0,0.0,127659.5745,21276.59574,94.0,0.0,94,94,0,0.0,0.0,0,0,0,0.0,0.0,0,0,0,0,0,0,20,20,10638.29787,10638.29787,6,6,6.0,0.0,0.0,0,0,0,0,1,1,0,0,1,9.0,6.0,6.0,20,0,0,0,0,0,0,1,6,1,6,237,256,0,20,0.0,0.0,0,0,0.0,0.0,0,0,Bot
31,1,1,6,6,6,6,6.0,0.0,6,6,6.0,0.0,387096.7742,64516.12903,31.0,0.0,31,31,0,0.0,0.0,0,0,0,0.0,0.0,0,0,0,0,0,0,20,20,32258.06452,32258.06452,6,6,6.0,0.0,0.0,0,0,0,0,1,1,0,0,1,9.0,6.0,6.0,20,0,0,0,0,0,0,1,6,1,6,237,256,0,20,0.0,0.0,0,0,0.0,0.0,0,0,Bot
65008,4,3,210,134,198,0,52.5,97.04122835,128,0,44.66666667,72.23111056,5291.656411999999,107.6790549,10834.66667,25657.60294,63205,10,65008,21669.33333,36898.9643,64275,48,63783,31891.5,44283.97639,63205,578,0,0,0,0,92,72,61.53088851,46.14816638,0,198,43.0,76.44232186,5843.428571,0,0,0,1,0,0,0,0,0,49.14285714,52.5,44.66666667,92,0,0,0,0,0,0,4,210,3,134,8192,237,3,20,0.0,0.0,0,0,0.0,0.0,0,0,Bot
10,1,1,6,6,6,6,6.0,0.0,6,6,6.0,0.0,1200000.0,200000.0,10.0,0.0,10,10,0,0.0,0.0,0,0,0,0.0,0.0,0,0,0,0,0,0,20,20,100000.0,100000.0,6,6,6.0,0.0,0.0,0,0,0,0,1,0,0,0,1,9.0,6.0,6.0,20,0,0,0,0,0,0,1,6,1,6,16393,237,0,20,0.0,0.0,0,0,0.0,0.0,0,0,Bot
172865,4,3,207,134,195,0,51.75,95.54187564,128,0,44.66666667,72.23111056,1972.637607,40.49402713,28810.83333,69526.07371,170729,41,172865,57621.66667000001,99133.09016,172090,41,171472,85736.0,120198.2533,170729,743,0,0,0,0,92,72,23.13944407,17.35458306,0,195,42.625,75.57576615,5711.696429,0,0,0,1,0,0,0,0,0,48.71428571,51.75,44.66666667,92,0,0,0,0,0,0,4,207,3,134,8192,237,3,20,0.0,0.0,0,0,0.0,0.0,0,0,Bot
50,1,1,6,6,6,6,6.0,0.0,6,6,6.0,0.0,240000.0,40000.0,50.0,0.0,50,50,0,0.0,0.0,0,0,0,0.0,0.0,0,0,0,0,0,0,20,20,20000.0,20000.0,6,6,6.0,0.0,0.0,0,0,0,0,1,1,0,0,1,9.0,6.0,6.0,20,0,0,0,0,0,0,1,6,1,6,237,256,0,20,0.0,0.0,0,0,0.0,0.0,0,0,Bot
80141,4,3,206,134,194,0,51.5,95.04209594,128,0,44.66666667,72.23111056,4242.522554,87.34605258,13356.83333,31282.55593,77205,45,80141,26713.66667,45448.73799,79191,45,78043,39021.5,53999.62356,77205,838,0,0,0,0,92,72,49.91203005,37.43402254,0,194,42.5,75.2880184,5668.285714,0,0,0,1,0,0,0,0,0,48.57142857,51.5,44.66666667,92,0,0,0,0,0,0,4,206,3,134,8192,237,3,20,0.0,0.0,0,0,0.0,0.0,0,0,Bot
63483,4,3,208,134,196,0,52.0,96.04165763,128,0,44.66666667,72.23111056,5387.269033,110.2657404,10580.5,25017.80455,61645,34,63483,21161.0,36142.77697,62894,34,62278,31139.0,43141.99893,61645,633,0,0,0,0,92,72,63.00899453,47.2567459,0,196,42.75,75.86407017,5755.357143,0,0,0,1,0,0,0,0,0,48.85714286,52.0,44.66666667,92,0,0,0,0,0,0,4,208,3,134,8192,237,3,20,0.0,0.0,0,0,0.0,0.0,0,0,Bot
40,1,1,6,6,6,6,6.0,0.0,6,6,6.0,0.0,300000.0,50000.0,40.0,0.0,40,40,0,0.0,0.0,0,0,0,0.0,0.0,0,0,0,0,0,0,20,20,25000.0,25000.0,6,6,6.0,0.0,0.0,0,0,0,0,1,1,0,0,1,9.0,6.0,6.0,20,0,0,0,0,0,0,1,6,1,6,237,256,0,20,0.0,0.0,0,0,0.0,0.0,0,0,Bot
94,1,1,6,6,6,6,6.0,0.0,6,6,6.0,0.0,127659.5745,21276.59574,94.0,0.0,94,94,0,0.0,0.0,0,0,0,0.0,0.0,0,0,0,0,0,0,20,20,10638.29787,10638.29787,6,6,6.0,0.0,0.0,0,0,0,0,1,1,0,0,1,9.0,6.0,6.0,20,0,0,0,0,0,0,1,6,1,6,237,256,0,20,0.0,0.0,0,0,0.0,0.0,0,0,Bot
76079,4,3,207,134,195,0,51.75,95.54187564,128,0,44.66666667,72.23111056,4482.182994,92.00962158,12679.83333,29987.83928,73889,22,76079,25359.66667,43140.04312,75171,22,74595,37297.5,51748.19557,73889,706,0,0,0,0,92,72,52.57692662,39.43269496,0,195,42.625,75.57576615,5711.696429,0,0,0,1,0,0,0,0,0,48.71428571,51.75,44.66666667,92,0,0,0,0,0,0,4,207,3,134,8192,237,3,20,0.0,0.0,0,0,0.0,0.0,0,0,Bot
64,1,1,6,6,6,6,6.0,0.0,6,6,6.0,0.0,187500.0,31250.0,64.0,0.0,64,64,0,0.0,0.0,0,0,0,0.0,0.0,0,0,0,0,0,0,20,20,15625.0,15625.0,6,6,6.0,0.0,0.0,0,0,0,0,1,1,0,0,1,9.0,6.0,6.0,20,0,0,0,0,0,0,1,6,1,6,237,256,0,20,0.0,0.0,0,0,0.0,0.0,0,0,Bot
92996,4,3,210,134,198,0,52.5,97.04122835,128,0,44.66666667,72.23111056,3699.083832,75.27205471,15499.33333,36982.37893,90987,69,92996,30998.66667,52980.15932,92174,126,91546,45773.0,63942.25201,90987,559,0,0,0,0,92,72,43.01260269,32.25945202,0,198,43.0,76.44232186,5843.428571,0,0,0,1,0,0,0,0,0,49.14285714,52.5,44.66666667,92,0,0,0,0,0,0,4,210,3,134,8192,237,3,20,0.0,0.0,0,0,0.0,0.0,0,0,Bot
54,1,1,6,6,6,6,6.0,0.0,6,6,6.0,0.0,222222.2222,37037.03704,54.0,0.0,54,54,0,0.0,0.0,0,0,0,0.0,0.0,0,0,0,0,0,0,20,20,18518.51852,18518.51852,6,6,6.0,0.0,0.0,0,0,0,0,1,1,0,0,1,9.0,6.0,6.0,20,0,0,0,0,0,0,1,6,1,6,237,16393,0,20,0.0,0.0,0,0,0.0,0.0,0,0,Bot
65930,4,3,207,134,195,0,51.75,95.54187564,128,0,44.66666667,72.23111056,5172.152282999999,106.173214,10988.33333,25911.7779,63877,48,65930,21976.66667,37409.51571,65172,72,64507,32253.5,44722.38259,63877,630,0,0,0,0,92,72,60.67040801,45.50280601,0,195,42.625,75.57576615,5711.696429,0,0,0,1,0,0,0,0,0,48.71428571,51.75,44.66666667,92,0,0,0,0,0,0,4,207,3,134,8192,237,3,20,0.0,0.0,0,0,0.0,0.0,0,0,Bot
20,1,1,6,6,6,6,6.0,0.0,6,6,6.0,0.0,600000.0,100000.0,20.0,0.0,20,20,0,0.0,0.0,0,0,0,0.0,0.0,0,0,0,0,0,0,20,20,50000.0,50000.0,6,6,6.0,0.0,0.0,0,0,0,0,1,1,0,0,1,9.0,6.0,6.0,20,0,0,0,0,0,0,1,6,1,6,237,256,0,20,0.0,0.0,0,0,0.0,0.0,0,0,Bot
66502,4,3,206,134,194,0,51.5,95.04209594,128,0,44.66666667,72.23111056,5112.628192,105.2599922,11083.66667,26032.48011,64217,77,66502,22167.33333,37748.329,65754,77,64864,32432.0,44950.77808,64217,647,0,0,0,0,92,72,60.14856696,45.11142522,0,194,42.5,75.2880184,5668.285714,0,0,0,1,0,0,0,0,0,48.57142857,51.5,44.66666667,92,0,0,0,0,0,0,4,206,3,134,8192,237,3,20,0.0,0.0,0,0,0.0,0.0,0,0,Bot
59215,4,3,208,134,196,0,52.0,96.04165763,128,0,44.66666667,72.23111056,5775.563624,118.2132906,9869.166667,23232.92264,57290,57,59215,19738.33333,33544.95231,58471,57,57911,28955.5,40071.03418,57290,621,0,0,0,0,92,72,67.55045174,50.66283881,0,196,42.75,75.86407017,5755.357143,0,0,0,1,0,0,0,0,0,48.85714286,52.0,44.66666667,92,0,0,0,0,0,0,4,208,3,134,8192,237,3,20,0.0,0.0,0,0,0.0,0.0,0,0,Bot
13,1,1,6,6,6,6,6.0,0.0,6,6,6.0,0.0,923076.9231,153846.1538,13.0,0.0,13,13,0,0.0,0.0,0,0,0,0.0,0.0,0,0,0,0,0,0,20,20,76923.07692,76923.07692,6,6,6.0,0.0,0.0,0,0,0,0,1,1,0,0,1,9.0,6.0,6.0,20,0,0,0,0,0,0,1,6,1,6,237,256,0,20,0.0,0.0,0,0,0.0,0.0,0,0,Bot
79,1,1,6,6,6,6,6.0,0.0,6,6,6.0,0.0,151898.7342,25316.4557,79.0,0.0,79,79,0,0.0,0.0,0,0,0,0.0,0.0,0,0,0,0,0,0,20,20,12658.22785,12658.22785,6,6,6.0,0.0,0.0,0,0,0,0,1,1,0,0,1,9.0,6.0,6.0,20,0,0,0,0,0,0,1,6,1,6,237,256,0,20,0.0,0.0,0,0,0.0,0.0,0,0,Bot
64460,4,3,207,134,195,0,51.75,95.54187564,128,0,44.66666667,72.23111056,5290.102389,108.5944772,10743.33333,25148.09392,62070,93,64460,21486.66667,36573.35208,63717,128,62721,31360.5,43429.79139,62070,651,0,0,0,0,92,72,62.05398697,46.54049023,0,195,42.625,75.57576615,5711.696429,0,0,0,1,0,0,0,0,0,48.71428571,51.75,44.66666667,92,0,0,0,0,0,0,4,207,3,134,8192,237,3,20,0.0,0.0,0,0,0.0,0.0,0,0,Bot
32,1,1,6,6,6,6,6.0,0.0,6,6,6.0,0.0,375000.0,62500.0,32.0,0.0,32,32,0,0.0,0.0,0,0,0,0.0,0.0,0,0,0,0,0,0,20,20,31250.0,31250.0,6,6,6.0,0.0,0.0,0,0,0,0,1,1,0,0,1,9.0,6.0,6.0,20,0,0,0,0,0,0,1,6,1,6,237,256,0,20,0.0,0.0,0,0,0.0,0.0,0,0,Bot
75114,4,3,210,134,198,0,52.5,97.04122835,128,0,44.66666667,72.23111056,4579.705514,93.19168198,12519.0,29832.30706000001,73412,38,75114,25038.0,42824.11358000001,74486,38,73978,36989.0,51509.90058,73412,566,0,0,0,0,92,72,53.2523897,39.93929228,0,198,43.0,76.44232186,5843.428571,0,0,0,1,0,0,0,0,0,49.14285714,52.5,44.66666667,92,0,0,0,0,0,0,4,210,3,134,8192,237,3,20,0.0,0.0,0,0,0.0,0.0,0,0,Bot
58,1,1,6,6,6,6,6.0,0.0,6,6,6.0,0.0,206896.5517,34482.75862,58.0,0.0,58,58,0,0.0,0.0,0,0,0,0.0,0.0,0,0,0,0,0,0,20,20,17241.37931,17241.37931,6,6,6.0,0.0,0.0,0,0,0,0,1,1,0,0,1,9.0,6.0,6.0,20,0,0,0,0,0,0,1,6,1,6,237,16393,0,20,0.0,0.0,0,0,0.0,0.0,0,0,Bot
68605,4,3,207,134,195,0,51.75,95.54187564,128,0,44.66666667,72.23111056,4970.483201,102.0333795,11434.16667,26901.4395,66341,26,68605,22868.33333,39001.65766,67902,26,66947,33473.5,46481.66426000001,66341,606,0,0,0,0,92,72,58.30478828,43.72859121,0,195,42.625,75.57576615,5711.696429,0,0,0,1,0,0,0,0,0,48.71428571,51.75,44.66666667,92,0,0,0,0,0,0,4,207,3,134,8192,237,3,20,0.0,0.0,0,0,0.0,0.0,0,0,Bot
75,1,1,6,6,6,6,6.0,0.0,6,6,6.0,0.0,160000.0,26666.66667,75.0,0.0,75,75,0,0.0,0.0,0,0,0,0.0,0.0,0,0,0,0,0,0,20,20,13333.33333,13333.33333,6,6,6.0,0.0,0.0,0,0,0,0,1,1,0,0,1,9.0,6.0,6.0,20,0,0,0,0,0,0,1,6,1,6,237,256,0,20,0.0,0.0,0,0,0.0,0.0,0,0,Bot
59607,4,3,207,134,195,0,51.75,95.54187564,128,0,44.66666667,72.23111056,5720.8046030000005,117.4358716,9934.5,23279.04732,57448,43,59607,19869.0,33606.2052,58671,43,58035,29017.5,40206.79869,57448,587,0,0,0,0,92,72,67.10621236,50.32965927,0,195,42.625,75.57576615,5711.696429,0,0,0,1,0,0,0,0,0,48.71428571,51.75,44.66666667,92,0,0,0,0,0,0,4,207,3,134,8192,237,3,20,0.0,0.0,0,0,0.0,0.0,0,0,Bot
50,1,1,6,6,6,6,6.0,0.0,6,6,6.0,0.0,240000.0,40000.0,50.0,0.0,50,50,0,0.0,0.0,0,0,0,0.0,0.0,0,0,0,0,0,0,20,20,20000.0,20000.0,6,6,6.0,0.0,0.0,0,0,0,0,1,1,0,0,1,9.0,6.0,6.0,20,0,0,0,0,0,0,1,6,1,6,237,256,0,20,0.0,0.0,0,0,0.0,0.0,0,0,Bot
59347,4,3,210,134,198,0,52.5,97.04122835,128,0,44.66666667,72.23111056,5796.417679,117.9503597,9891.166667,23409.98684,57674,18,59347,19782.33333,33761.08343,58765,18,58226,29113.0,40391.35355,57674,552,0,0,0,0,92,72,67.40020557,50.55015418,0,198,43.0,76.44232186,5843.428571,0,0,0,1,0,0,0,0,0,49.14285714,52.5,44.66666667,92,0,0,0,0,0,0,4,210,3,134,8192,237,3,20,0.0,0.0,0,0,0.0,0.0,0,0,Bot
62687,4,3,206,134,194,0,51.5,95.04209594,128,0,44.66666667,72.23111056,5423.772074,111.6658956,10447.83333,24485.91781,60424,67,62687,20895.66667,35575.19621,61973,67,61076,30538.0,42265.18653,60424,652,0,0,0,0,92,72,63.80908322,47.85681242,0,194,42.5,75.2880184,5668.285714,0,0,0,1,0,0,0,0,0,48.57142857,51.5,44.66666667,92,0,0,0,0,0,0,4,206,3,134,8192,237,3,20,0.0,0.0,0,0,0.0,0.0,0,0,Bot
70190,4,3,208,134,196,0,52.0,96.04165763,128,0,44.66666667,72.23111056,4872.488959,99.72930617,11698.33333,27697.15215,68232,29,70190,23396.66667,39918.42628,69489,29,68856,34428.0,47806.07526000001,68232,624,0,0,0,0,92,72,56.98817495,42.74113122,0,196,42.75,75.86407017,5755.357143,0,0,0,1,0,0,0,0,0,48.85714286,52.0,44.66666667,92,0,0,0,0,0,0,4,208,3,134,8192,237,3,20,0.0,0.0,0,0,0.0,0.0,0,0,Bot
73,1,1,6,6,6,6,6.0,0.0,6,6,6.0,0.0,164383.5616,27397.26027,73.0,0.0,73,73,0,0.0,0.0,0,0,0,0.0,0.0,0,0,0,0,0,0,20,20,13698.63014,13698.63014,6,6,6.0,0.0,0.0,0,0,0,0,1,1,0,0,1,9.0,6.0,6.0,20,0,0,0,0,0,0,1,6,1,6,237,256,0,20,0.0,0.0,0,0,0.0,0.0,0,0,Bot
59,1,1,6,6,6,6,6.0,0.0,6,6,6.0,0.0,203389.8305,33898.30508,59.0,0.0,59,59,0,0.0,0.0,0,0,0,0.0,0.0,0,0,0,0,0,0,20,20,16949.15254,16949.15254,6,6,6.0,0.0,0.0,0,0,0,0,1,1,0,0,1,9.0,6.0,6.0,20,0,0,0,0,0,0,1,6,1,6,237,16393,0,20,0.0,0.0,0,0,0.0,0.0,0,0,Bot
42,1,1,6,6,6,6,6.0,0.0,6,6,6.0,0.0,285714.2857,47619.04762,42.0,0.0,42,42,0,0.0,0.0,0,0,0,0.0,0.0,0,0,0,0,0,0,20,20,23809.52381,23809.52381,6,6,6.0,0.0,0.0,0,0,0,0,1,1,0,0,1,9.0,6.0,6.0,20,0,0,0,0,0,0,1,6,1,6,237,256,0,20,0.0,0.0,0,0,0.0,0.0,0,0,Bot
72633,4,3,207,134,195,0,51.75,95.54187564,128,0,44.66666667,72.23111056,4694.8356810000005,96.374926,12105.5,28110.99378,69469,54,72633,24211.0,41315.72634,71917,54,70090,35045.0,48682.88767,69469,621,0,0,0,0,92,72,55.07138628,41.30353971,0,195,42.625,75.57576615,5711.696429,0,0,0,1,0,0,0,0,0,48.71428571,51.75,44.66666667,92,0,0,0,0,0,0,4,207,3,134,8192,237,3,20,0.0,0.0,0,0,0.0,0.0,0,0,Bot
48,1,1,6,6,6,6,6.0,0.0,6,6,6.0,0.0,250000.0,41666.66667,48.0,0.0,48,48,0,0.0,0.0,0,0,0,0.0,0.0,0,0,0,0,0,0,20,20,20833.33333,20833.33333,6,6,6.0,0.0,0.0,0,0,0,0,1,1,0,0,1,9.0,6.0,6.0,20,0,0,0,0,0,0,1,6,1,6,237,256,0,20,0.0,0.0,0,0,0.0,0.0,0,0,Bot
81010,4,3,210,134,198,0,52.5,97.04122835,128,0,44.66666667,72.23111056,4246.389335,86.4090853,13501.66667,32144.69247,79114,17,81010,27003.33333,46096.29265,80229,17,79686,39843.0,55537.58081,79114,572,0,0,0,0,92,72,49.37662017,37.03246513,0,198,43.0,76.44232186,5843.428571,0,0,0,1,0,0,0,0,0,49.14285714,52.5,44.66666667,92,0,0,0,0,0,0,4,210,3,134,8192,237,3,20,0.0,0.0,0,0,0.0,0.0,0,0,Bot
23,1,1,6,6,6,6,6.0,0.0,6,6,6.0,0.0,521739.1304,86956.52174,23.0,0.0,23,23,0,0.0,0.0,0,0,0,0.0,0.0,0,0,0,0,0,0,20,20,43478.26087,43478.26087,6,6,6.0,0.0,0.0,0,0,0,0,1,1,0,0,1,9.0,6.0,6.0,20,0,0,0,0,0,0,1,6,1,6,237,16393,0,20,0.0,0.0,0,0,0.0,0.0,0,0,Bot
61629,4,3,207,134,195,0,51.75,95.54187564,128,0,44.66666667,72.23111056,5533.109413,113.5828912,10271.5,24239.49199,59747,48,61629,20543.0,35110.97726,61085,71,60531,30265.5,41693.13714,59747,784,0,0,0,0,92,72,64.90450924,48.67838193,0,195,42.625,75.57576615,5711.696429,0,0,0,1,0,0,0,0,0,48.71428571,51.75,44.66666667,92,0,0,0,0,0,0,4,207,3,134,8192,237,3,20,0.0,0.0,0,0,0.0,0.0,0,0,Bot
18,1,1,6,6,6,6,6.0,0.0,6,6,6.0,0.0,666666.6667,111111.1111,18.0,0.0,18,18,0,0.0,0.0,0,0,0,0.0,0.0,0,0,0,0,0,0,20,20,55555.55556,55555.55556,6,6,6.0,0.0,0.0,0,0,0,0,1,1,0,0,1,9.0,6.0,6.0,20,0,0,0,0,0,0,1,6,1,6,237,256,0,20,0.0,0.0,0,0,0.0,0.0,0,0,Bot
62534,4,3,206,134,194,0,51.5,95.04209594,128,0,44.66666667,72.23111056,5437.042249,111.9391051,10422.33333,24399.48921,60222,48,62534,20844.66667,35437.06209,61762,48,60872,30436.0,42123.76517,60222,650,0,0,0,0,92,72,63.96520293,47.97390220000001,0,194,42.5,75.2880184,5668.285714,0,0,0,1,0,0,0,0,0,48.57142857,51.5,44.66666667,92,0,0,0,0,0,0,4,206,3,134,8192,237,3,20,0.0,0.0,0,0,0.0,0.0,0,0,Bot
66386,4,3,208,134,196,0,52.0,96.04165763,128,0,44.66666667,72.23111056,5151.688609000001,105.4439189,11064.33333,26004.1356,64141,102,66386,22128.66667,37456.7514,65378,144,64734,32367.0,44935.22173000001,64141,593,0,0,0,0,92,72,60.25366794,45.19025096,0,196,42.75,75.86407017,5755.357143,0,0,0,1,0,0,0,0,0,48.85714286,52.0,44.66666667,92,0,0,0,0,0,0,4,208,3,134,8192,237,3,20,0.0,0.0,0,0,0.0,0.0,0,0,Bot
83,1,1,6,6,6,6,6.0,0.0,6,6,6.0,0.0,144578.3133,24096.38554,83.0,0.0,83,83,0,0.0,0.0,0,0,0,0.0,0.0,0,0,0,0,0,0,20,20,12048.19277,12048.19277,6,6,6.0,0.0,0.0,0,0,0,0,1,1,0,0,1,9.0,6.0,6.0,20,0,0,0,0,0,0,1,6,1,6,237,256,0,20,0.0,0.0,0,0,0.0,0.0,0,0,Bot
46,1,1,6,6,6,6,6.0,0.0,6,6,6.0,0.0,260869.5652,43478.26087,46.0,0.0,46,46,0,0.0,0.0,0,0,0,0.0,0.0,0,0,0,0,0,0,20,20,21739.13043,21739.13043,6,6,6.0,0.0,0.0,0,0,0,0,1,1,0,0,1,9.0,6.0,6.0,20,0,0,0,0,0,0,1,6,1,6,237,256,0,20,0.0,0.0,0,0,0.0,0.0,0,0,Bot
62955,4,3,207,134,195,0,51.75,95.54187564,128,0,44.66666667,72.23111056,5416.567389,111.1905329,10492.5,24643.22228,60790,53,62955,20985.0,35779.1682,62298,53,61398,30699.0,42555.10031,60790,608,0,0,0,0,92,72,63.53744738,47.65308554,0,195,42.625,75.57576615,5711.696429,0,0,0,1,0,0,0,0,0,48.71428571,51.75,44.66666667,92,0,0,0,0,0,0,4,207,3,134,8192,237,3,20,0.0,0.0,0,0,0.0,0.0,0,0,Bot
3,1,1,6,6,6,6,6.0,0.0,6,6,6.0,0.0,4000000.0,666666.6667,3.0,0.0,3,3,0,0.0,0.0,0,0,0,0.0,0.0,0,0,0,0,0,0,20,20,333333.3333,333333.3333,6,6,6.0,0.0,0.0,0,0,0,0,1,1,0,0,1,9.0,6.0,6.0,20,0,0,0,0,0,0,1,6,1,6,237,256,0,20,0.0,0.0,0,0,0.0,0.0,0,0,Bot
104555,4,3,210,134,198,0,52.5,97.04122835,128,0,44.66666667,72.23111056,3290.134379,66.95040888,17425.83333,41771.47798,102689,17,104555,34851.66667,59953.90081,104080,17,103261,51630.5,72207.62317,102689,572,0,0,0,0,92,72,38.2573765,28.69303238,0,198,43.0,76.44232186,5843.428571,0,0,0,1,0,0,0,0,0,49.14285714,52.5,44.66666667,92,0,0,0,0,0,0,4,210,3,134,8192,237,3,20,0.0,0.0,0,0,0.0,0.0,0,0,Bot
21,1,1,6,6,6,6,6.0,0.0,6,6,6.0,0.0,571428.5714,95238.09524,21.0,0.0,21,21,0,0.0,0.0,0,0,0,0.0,0.0,0,0,0,0,0,0,20,20,47619.04762,47619.04762,6,6,6.0,0.0,0.0,0,0,0,0,1,1,0,0,1,9.0,6.0,6.0,20,0,0,0,0,0,0,1,6,1,6,237,16393,0,20,0.0,0.0,0,0,0.0,0.0,0,0,Bot
73339,4,3,207,134,195,0,51.75,95.54187564,128,0,44.66666667,72.23111056,4649.640710000001,95.44716999,12223.16667,29000.7327,71418,42,73339,24446.33333,41698.41225,72594,42,72008,36004.0,50082.9591,71418,590,0,0,0,0,92,72,54.54124,40.90593,0,195,42.625,75.57576615,5711.696429,0,0,0,1,0,0,0,0,0,48.71428571,51.75,44.66666667,92,0,0,0,0,0,0,4,207,3,134,8192,237,3,20,0.0,0.0,0,0,0.0,0.0,0,0,Bot
72961,4,3,206,134,194,0,51.5,95.04209594,128,0,44.66666667,72.23111056,4660.023848,95.94166747,12160.16667,28648.04545,70633,41,72961,24320.33333,41390.5741,72112,41,71245,35622.5,49512.32393,70633,612,0,0,0,0,92,72,54.82380998,41.11785749,0,194,42.5,75.2880184,5668.285714,0,0,0,1,0,0,0,0,0,48.57142857,51.5,44.66666667,92,0,0,0,0,0,0,4,206,3,134,8192,237,3,20,0.0,0.0,0,0,0.0,0.0,0,0,Bot
69400,4,3,208,134,196,0,52.0,96.04165763,128,0,44.66666667,72.23111056,4927.95389,100.8645533,11566.66667,27320.14765,67330,34,69400,23133.33333,39462.29411,68699,34,67949,33974.5,47171.80048,67330,619,0,0,0,0,92,72,57.63688761,43.22766571,0,196,42.75,75.86407017,5755.357143,0,0,0,1,0,0,0,0,0,48.85714286,52.0,44.66666667,92,0,0,0,0,0,0,4,208,3,134,8192,237,3,20,0.0,0.0,0,0,0.0,0.0,0,0,Bot
49,1,1,6,6,6,6,6.0,0.0,6,6,6.0,0.0,244897.9592,40816.32653,49.0,0.0,49,49,0,0.0,0.0,0,0,0,0.0,0.0,0,0,0,0,0,0,20,20,20408.16327,20408.16327,6,6,6.0,0.0,0.0,0,0,0,0,1,1,0,0,1,9.0,6.0,6.0,20,0,0,0,0,0,0,1,6,1,6,237,256,0,20,0.0,0.0,0,0,0.0,0.0,0,0,Bot
41,1,1,6,6,6,6,6.0,0.0,6,6,6.0,0.0,292682.9268,48780.4878,41.0,0.0,41,41,0,0.0,0.0,0,0,0,0.0,0.0,0,0,0,0,0,0,20,20,24390.2439,24390.2439,6,6,6.0,0.0,0.0,0,0,0,0,1,1,0,0,1,9.0,6.0,6.0,20,0,0,0,0,0,0,1,6,1,6,237,256,0,20,0.0,0.0,0,0,0.0,0.0,0,0,Bot
71936,4,3,207,134,195,0,51.75,95.54187564,128,0,44.66666667,72.23111056,4740.324733,97.30871886,11989.33333,28215.59632,69579,52,71936,23978.66667,40836.62271,71131,52,70207,35103.5,48755.71967,69579,628,0,0,0,0,92,72,55.60498221,41.70373665,0,195,42.625,75.57576615,5711.696429,0,0,0,1,0,0,0,0,0,48.71428571,51.75,44.66666667,92,0,0,0,0,0,0,4,207,3,134,8192,237,3,20,0.0,0.0,0,0,0.0,0.0,0,0,Bot
8,1,1,6,6,6,6,6.0,0.0,6,6,6.0,0.0,1500000.0,250000.0,8.0,0.0,8,8,0,0.0,0.0,0,0,0,0.0,0.0,0,0,0,0,0,0,20,20,125000.0,125000.0,6,6,6.0,0.0,0.0,0,0,0,0,1,1,0,0,1,9.0,6.0,6.0,20,0,0,0,0,0,0,1,6,1,6,237,256,0,20,0.0,0.0,0,0,0.0,0.0,0,0,Bot
18,1,1,6,6,6,6,6.0,0.0,6,6,6.0,0.0,666666.6667,111111.1111,18.0,0.0,18,18,0,0.0,0.0,0,0,0,0.0,0.0,0,0,0,0,0,0,20,20,55555.55556,55555.55556,6,6,6.0,0.0,0.0,0,0,0,0,1,1,0,0,1,9.0,6.0,6.0,20,0,0,0,0,0,0,1,6,1,6,237,256,0,20,0.0,0.0,0,0,0.0,0.0,0,0,Bot
78526,4,3,210,134,198,0,52.5,97.04122835,128,0,44.66666667,72.23111056,4380.714668,89.14244963,13087.66667,31179.80102,76731,36,78526,26175.33333,44674.71429,77760,72,77295,38647.5,53858.2022,76731,564,0,0,0,0,92,72,50.93854265,38.20390699,0,198,43.0,76.44232186,5843.428571,0,0,0,1,0,0,0,0,0,49.14285714,52.5,44.66666667,92,0,0,0,0,0,0,4,210,3,134,8192,237,3,20,0.0,0.0,0,0,0.0,0.0,0,0,Bot
20,1,1,6,6,6,6,6.0,0.0,6,6,6.0,0.0,600000.0,100000.0,20.0,0.0,20,20,0,0.0,0.0,0,0,0,0.0,0.0,0,0,0,0,0,0,20,20,50000.0,50000.0,6,6,6.0,0.0,0.0,0,0,0,0,1,1,0,0,1,9.0,6.0,6.0,20,0,0,0,0,0,0,1,6,1,6,237,16393,0,20,0.0,0.0,0,0,0.0,0.0,0,0,Bot
59343,4,3,207,134,195,0,51.75,95.54187564,128,0,44.66666667,72.23111056,5746.254824000001,117.9583102,9890.5,22838.23155,56497,40,59343,19781.0,33438.36445,58389,40,57088,28544.0,39531.51171,56497,591,0,0,0,0,92,72,67.40474866,50.5535615,0,195,42.625,75.57576615,5711.696429,0,0,0,1,0,0,0,0,0,48.71428571,51.75,44.66666667,92,0,0,0,0,0,0,4,207,3,134,8192,237,3,20,0.0,0.0,0,0,0.0,0.0,0,0,Bot
71845,4,3,206,134,194,0,51.5,95.04209594,128,0,44.66666667,72.23111056,4732.410049,97.43197161,11974.16667,28211.87035,69557,74,71845,23948.33333,40779.59287,71035,74,70202,35101.0,48728.14251000001,69557,645,0,0,0,0,92,72,55.67541235,41.75655926,0,194,42.5,75.2880184,5668.285714,0,0,0,1,0,0,0,0,0,48.57142857,51.5,44.66666667,92,0,0,0,0,0,0,4,206,3,134,8192,237,3,20,0.0,0.0,0,0,0.0,0.0,0,0,Bot
66251,4,3,208,134,196,0,52.0,96.04165763,128,0,44.66666667,72.23111056,5162.186231000001,105.6587825,11041.83333,25844.99762,63793,57,66251,22083.66667,37345.35807,65203,57,64491,32245.5,44614.90236,63793,698,0,0,0,0,92,72,60.37644715,45.28233536,0,196,42.75,75.86407017,5755.357143,0,0,0,1,0,0,0,0,0,48.85714286,52.0,44.66666667,92,0,0,0,0,0,0,4,208,3,134,8192,237,3,20,0.0,0.0,0,0,0.0,0.0,0,0,Bot
49,1,1,6,6,6,6,6.0,0.0,6,6,6.0,0.0,244897.9592,40816.32653,49.0,0.0,49,49,0,0.0,0.0,0,0,0,0.0,0.0,0,0,0,0,0,0,20,20,20408.16327,20408.16327,6,6,6.0,0.0,0.0,0,0,0,0,1,1,0,0,1,9.0,6.0,6.0,20,0,0,0,0,0,0,1,6,1,6,237,256,0,20,0.0,0.0,0,0,0.0,0.0,0,0,Bot
86,1,1,6,6,6,6,6.0,0.0,6,6,6.0,0.0,139534.8837,23255.81395,86.0,0.0,86,86,0,0.0,0.0,0,0,0,0.0,0.0,0,0,0,0,0,0,20,20,11627.90698,11627.90698,6,6,6.0,0.0,0.0,0,0,0,0,1,1,0,0,1,9.0,6.0,6.0,20,0,0,0,0,0,0,1,6,1,6,237,256,0,20,0.0,0.0,0,0,0.0,0.0,0,0,Bot
71930,4,3,207,134,195,0,51.75,95.54187564,128,0,44.66666667,72.23111056,4740.720145,97.31683581,11988.33333,28205.73505,69558,49,71930,23976.66667,40735.85689,71012,49,70151,35075.5,48765.61916,69558,593,0,0,0,0,92,72,55.60962046,41.70721535,0,195,42.625,75.57576615,5711.696429,0,0,0,1,0,0,0,0,0,48.71428571,51.75,44.66666667,92,0,0,0,0,0,0,4,207,3,134,8192,237,3,20,0.0,0.0,0,0,0.0,0.0,0,0,Bot
8,1,1,6,6,6,6,6.0,0.0,6,6,6.0,0.0,1500000.0,250000.0,8.0,0.0,8,8,0,0.0,0.0,0,0,0,0.0,0.0,0,0,0,0,0,0,20,20,125000.0,125000.0,6,6,6.0,0.0,0.0,0,0,0,0,1,1,0,0,1,9.0,6.0,6.0,20,0,0,0,0,0,0,1,6,1,6,237,256,0,20,0.0,0.0,0,0,0.0,0.0,0,0,Bot
48,1,1,6,6,6,6,6.0,0.0,6,6,6.0,0.0,250000.0,41666.66667,48.0,0.0,48,48,0,0.0,0.0,0,0,0,0.0,0.0,0,0,0,0,0,0,20,20,20833.33333,20833.33333,6,6,6.0,0.0,0.0,0,0,0,0,1,1,0,0,1,9.0,6.0,6.0,20,0,0,0,0,0,0,1,6,1,6,237,256,0,20,0.0,0.0,0,0,0.0,0.0,0,0,Bot
85139,4,3,210,134,198,0,52.5,97.04122835,128,0,44.66666667,72.23111056,4040.451497,82.21848976,14189.83333,33866.88216,83318,17,85139,28379.66667,48504.87573,84387,49,83880,41940.0,58517.32878,83318,562,0,0,0,0,92,72,46.98199415,35.23649561,0,198,43.0,76.44232186,5843.428571,0,0,0,1,0,0,0,0,0,49.14285714,52.5,44.66666667,92,0,0,0,0,0,0,4,210,3,134,8192,237,3,20,0.0,0.0,0,0,0.0,0.0,0,0,Bot
3,1,1,6,6,6,6,6.0,0.0,6,6,6.0,0.0,4000000.0,666666.6667,3.0,0.0,3,3,0,0.0,0.0,0,0,0,0.0,0.0,0,0,0,0,0,0,20,20,333333.3333,333333.3333,6,6,6.0,0.0,0.0,0,0,0,0,1,1,0,0,1,9.0,6.0,6.0,20,0,0,0,0,0,0,1,6,1,6,237,16393,0,20,0.0,0.0,0,0,0.0,0.0,0,0,Bot
100707,4,3,207,134,195,0,51.75,95.54187564,128,0,44.66666667,72.23111056,3386.0605520000004,69.50857438,16784.5,40158.19092,98755,47,100707,33569.0,57527.43335,99995,47,99349,49674.5,69410.30875,98755,594,0,0,0,0,92,72,39.71918536,29.78938902,0,195,42.625,75.57576615,5711.696429,0,0,0,1,0,0,0,0,0,48.71428571,51.75,44.66666667,92,0,0,0,0,0,0,4,207,3,134,8192,237,3,20,0.0,0.0,0,0,0.0,0.0,0,0,Bot
70845,4,3,206,134,194,0,51.5,95.04209594,128,0,44.66666667,72.23111056,4799.2095420000005,98.80725528,11807.5,27472.67935,67882,77,70845,23615.0,39696.11421,69452,604,69270,34635.0,47018.35831,67882,1388,0,0,0,0,92,72,56.46128873,42.34596655,0,194,42.5,75.2880184,5668.285714,0,0,0,1,0,0,0,0,0,48.57142857,51.5,44.66666667,92,0,0,0,0,0,0,4,206,3,134,8192,237,3,20,0.0,0.0,0,0,0.0,0.0,0,0,Bot
47,1,1,6,6,6,6,6.0,0.0,6,6,6.0,0.0,255319.1489,42553.19149,47.0,0.0,47,47,0,0.0,0.0,0,0,0,0.0,0.0,0,0,0,0,0,0,20,20,21276.59574,21276.59574,6,6,6.0,0.0,0.0,0,0,0,0,1,1,0,0,1,9.0,6.0,6.0,20,0,0,0,0,0,0,1,6,1,6,237,256,0,20,0.0,0.0,0,0,0.0,0.0,0,0,Bot
35,1,1,6,6,6,6,6.0,0.0,6,6,6.0,0.0,342857.1429,57142.85714,35.0,0.0,35,35,0,0.0,0.0,0,0,0,0.0,0.0,0,0,0,0,0,0,20,20,28571.42857,28571.42857,6,6,6.0,0.0,0.0,0,0,0,0,1,1,0,0,1,9.0,6.0,6.0,20,0,0,0,0,0,0,1,6,1,6,237,256,0,20,0.0,0.0,0,0,0.0,0.0,0,0,Bot
70220,4,3,208,134,196,0,52.0,96.04165763,128,0,44.66666667,72.23111056,4870.407291,99.68669895,11703.33333,27732.26002,68309,67,70220,23406.66667,39934.59593,69518,67,68926,34463.0,47865.47223,68309,617,0,0,0,0,92,72,56.96382797,42.72287098,0,196,42.75,75.86407017,5755.357143,0,0,0,1,0,0,0,0,0,48.85714286,52.0,44.66666667,92,0,0,0,0,0,0,4,208,3,134,8192,237,3,20,0.0,0.0,0,0,0.0,0.0,0,0,Bot
70109,4,3,207,134,195,0,51.75,95.54187564,128,0,44.66666667,72.23111056,4863.854855,99.84452781,11684.83333,27625.16758,68070,3,70109,23369.66667,40001.19821,69558,3,68670,34335.0,47708.49453,68070,600,0,0,0,0,92,72,57.05401589,42.79051192,0,195,42.625,75.57576615,5711.696429,0,0,0,1,0,0,0,0,0,48.71428571,51.75,44.66666667,92,0,0,0,0,0,0,4,207,3,134,8192,237,3,20,0.0,0.0,0,0,0.0,0.0,0,0,Bot
35,1,1,6,6,6,6,6.0,0.0,6,6,6.0,0.0,342857.1429,57142.85714,35.0,0.0,35,35,0,0.0,0.0,0,0,0,0.0,0.0,0,0,0,0,0,0,20,20,28571.42857,28571.42857,6,6,6.0,0.0,0.0,0,0,0,0,1,1,0,0,1,9.0,6.0,6.0,20,0,0,0,0,0,0,1,6,1,6,237,256,0,20,0.0,0.0,0,0,0.0,0.0,0,0,Bot
49,1,1,6,6,6,6,6.0,0.0,6,6,6.0,0.0,244897.9592,40816.32653,49.0,0.0,49,49,0,0.0,0.0,0,0,0,0.0,0.0,0,0,0,0,0,0,20,20,20408.16327,20408.16327,6,6,6.0,0.0,0.0,0,0,0,0,1,1,0,0,1,9.0,6.0,6.0,20,0,0,0,0,0,0,1,6,1,6,237,256,0,20,0.0,0.0,0,0,0.0,0.0,0,0,Bot
75395,4,3,210,134,198,0,52.5,97.04122835,128,0,44.66666667,72.23111056,4562.63678,92.84435307,12565.83333,29971.96311,73744,47,75395,25131.66667,43014.75047,74800,50,74314,37157.0,51741.83161,73744,570,0,0,0,0,92,72,53.05391604,39.79043703,0,198,43.0,76.44232186,5843.428571,0,0,0,1,0,0,0,0,0,49.14285714,52.5,44.66666667,92,0,0,0,0,0,0,4,210,3,134,8192,237,3,20,0.0,0.0,0,0,0.0,0.0,0,0,Bot
48,1,1,6,6,6,6,6.0,0.0,6,6,6.0,0.0,250000.0,41666.66667,48.0,0.0,48,48,0,0.0,0.0,0,0,0,0.0,0.0,0,0,0,0,0,0,20,20,20833.33333,20833.33333,6,6,6.0,0.0,0.0,0,0,0,0,1,1,0,0,1,9.0,6.0,6.0,20,0,0,0,0,0,0,1,6,1,6,237,16393,0,20,0.0,0.0,0,0,0.0,0.0,0,0,Bot
73735,4,3,207,134,195,0,51.75,95.54187564,128,0,44.66666667,72.23111056,4624.669424000001,94.93456296,12289.16667,29184.50329,71859,41,73735,24578.33333,42046.0641,73128,41,72455,36227.5,50390.55055,71859,596,0,0,0,0,92,72,54.24832169,40.68624127,0,195,42.625,75.57576615,5711.696429,0,0,0,1,0,0,0,0,0,48.71428571,51.75,44.66666667,92,0,0,0,0,0,0,4,207,3,134,8192,237,3,20,0.0,0.0,0,0,0.0,0.0,0,0,Bot
65868,4,3,206,134,194,0,51.5,95.04209594,128,0,44.66666667,72.23111056,5161.838829,106.2731524,10978.0,25823.50614,63685,75,65868,21956.0,37422.74438,65167,88,64284,32142.0,44608.5384,63685,599,0,0,0,0,92,72,60.72751564,45.54563673,0,194,42.5,75.2880184,5668.285714,0,0,0,1,0,0,0,0,0,48.57142857,51.5,44.66666667,92,0,0,0,0,0,0,4,206,3,134,8192,237,3,20,0.0,0.0,0,0,0.0,0.0,0,0,Bot
48,1,1,6,6,6,6,6.0,0.0,6,6,6.0,0.0,250000.0,41666.66667,48.0,0.0,48,48,0,0.0,0.0,0,0,0,0.0,0.0,0,0,0,0,0,0,20,20,20833.33333,20833.33333,6,6,6.0,0.0,0.0,0,0,0,0,1,1,0,0,1,9.0,6.0,6.0,20,0,0,0,0,0,0,1,6,1,6,237,256,0,20,0.0,0.0,0,0,0.0,0.0,0,0,Bot
83,1,1,6,6,6,6,6.0,0.0,6,6,6.0,0.0,144578.3133,24096.38554,83.0,0.0,83,83,0,0.0,0.0,0,0,0,0.0,0.0,0,0,0,0,0,0,20,20,12048.19277,12048.19277,6,6,6.0,0.0,0.0,0,0,0,0,1,1,0,0,1,9.0,6.0,6.0,20,0,0,0,0,0,0,1,6,1,6,237,256,0,20,0.0,0.0,0,0,0.0,0.0,0,0,Bot
65808,4,3,208,134,196,0,52.0,96.04165763,128,0,44.66666667,72.23111056,5196.936543,106.3700462,10968.0,25972.75709,63982,62,65808,21936.0,37443.4869,65171,62,64565,32282.5,44829.86282,63982,583,0,0,0,0,92,72,60.78288354,45.58716265,0,196,42.75,75.86407017,5755.357143,0,0,0,1,0,0,0,0,0,48.85714286,52.0,44.66666667,92,0,0,0,0,0,0,4,208,3,134,8192,237,3,20,0.0,0.0,0,0,0.0,0.0,0,0,Bot
63366,4,3,207,134,195,0,51.75,95.54187564,128,0,44.66666667,72.23111056,5381.4348390000005,110.4693369,10561.0,24785.98648,61150,53,63366,21122.0,35950.94746,62633,53,61758,30879.0,42809.65875,61150,608,0,0,0,0,92,72,63.12533535,47.34400152,0,195,42.625,75.57576615,5711.696429,0,0,0,1,0,0,0,0,0,48.71428571,51.75,44.66666667,92,0,0,0,0,0,0,4,207,3,134,8192,237,3,20,0.0,0.0,0,0,0.0,0.0,0,0,Bot
36,1,1,6,6,6,6,6.0,0.0,6,6,6.0,0.0,333333.3333,55555.55556,36.0,0.0,36,36,0,0.0,0.0,0,0,0,0.0,0.0,0,0,0,0,0,0,20,20,27777.77778,27777.77778,6,6,6.0,0.0,0.0,0,0,0,0,1,1,0,0,1,9.0,6.0,6.0,20,0,0,0,0,0,0,1,6,1,6,237,256,0,20,0.0,0.0,0,0,0.0,0.0,0,0,Bot
49,1,1,6,6,6,6,6.0,0.0,6,6,6.0,0.0,244897.9592,40816.32653,49.0,0.0,49,49,0,0.0,0.0,0,0,0,0.0,0.0,0,0,0,0,0,0,20,20,20408.16327,20408.16327,6,6,6.0,0.0,0.0,0,0,0,0,1,1,0,0,1,9.0,6.0,6.0,20,0,0,0,0,0,0,1,6,1,6,237,256,0,20,0.0,0.0,0,0,0.0,0.0,0,0,Bot
72559,4,3,210,134,198,0,52.5,97.04122835,128,0,44.66666667,72.23111056,4740.969418,96.47321490000002,12093.16667,28792.704760000004,70864,48,72559,24186.33333,41333.40734,71913,50,71434,35717.0,49705.36408,70864,570,0,0,0,0,92,72,55.12755137,41.34566353,0,198,43.0,76.44232186,5843.428571,0,0,0,1,0,0,0,0,0,49.14285714,52.5,44.66666667,92,0,0,0,0,0,0,4,210,3,134,8192,237,3,20,0.0,0.0,0,0,0.0,0.0,0,0,Bot
48,1,1,6,6,6,6,6.0,0.0,6,6,6.0,0.0,250000.0,41666.66667,48.0,0.0,48,48,0,0.0,0.0,0,0,0,0.0,0.0,0,0,0,0,0,0,20,20,20833.33333,20833.33333,6,6,6.0,0.0,0.0,0,0,0,0,1,1,0,0,1,9.0,6.0,6.0,20,0,0,0,0,0,0,1,6,1,6,237,16393,0,20,0.0,0.0,0,0,0.0,0.0,0,0,Bot
59941,4,3,207,134,195,0,51.75,95.54187564,128,0,44.66666667,72.23111056,5688.927445,116.7815018,9990.166667,23590.90729,58142,39,59941,19980.33333,34093.50961,59347,39,58759,29379.5,40676.31759,58142,617,0,0,0,0,92,72,66.73228675,50.04921506,0,195,42.625,75.57576615,5711.696429,0,0,0,1,0,0,0,0,0,48.71428571,51.75,44.66666667,92,0,0,0,0,0,0,4,207,3,134,8192,237,3,20,0.0,0.0,0,0,0.0,0.0,0,0,Bot
71258,4,3,206,134,194,0,51.5,95.04209594,128,0,44.66666667,72.23111056,4771.394089,98.23458419,11876.33333,28057.55176,69144,49,71258,23752.66667,40605.59137,70639,49,69764,34882.0,48453.78507,69144,620,0,0,0,0,92,72,56.13404811,42.10053608,0,194,42.5,75.2880184,5668.285714,0,0,0,1,0,0,0,0,0,48.57142857,51.5,44.66666667,92,0,0,0,0,0,0,4,206,3,134,8192,237,3,20,0.0,0.0,0,0,0.0,0.0,0,0,Bot
82,1,1,6,6,6,6,6.0,0.0,6,6,6.0,0.0,146341.4634,24390.2439,82.0,0.0,82,82,0,0.0,0.0,0,0,0,0.0,0.0,0,0,0,0,0,0,20,20,12195.12195,12195.12195,6,6,6.0,0.0,0.0,0,0,0,0,1,1,0,0,1,9.0,6.0,6.0,20,0,0,0,0,0,0,1,6,1,6,237,256,0,20,0.0,0.0,0,0,0.0,0.0,0,0,Bot
50,1,1,6,6,6,6,6.0,0.0,6,6,6.0,0.0,240000.0,40000.0,50.0,0.0,50,50,0,0.0,0.0,0,0,0,0.0,0.0,0,0,0,0,0,0,20,20,20000.0,20000.0,6,6,6.0,0.0,0.0,0,0,0,0,1,1,0,0,1,9.0,6.0,6.0,20,0,0,0,0,0,0,1,6,1,6,237,256,0,20,0.0,0.0,0,0,0.0,0.0,0,0,Bot
70207,4,3,208,134,196,0,52.0,96.04165763,128,0,44.66666667,72.23111056,4871.309129,99.70515761,11701.16667,27692.92407,68226,52,70207,23402.33333,39930.64916,69509,52,68841,34420.5,47808.19658,68226,615,0,0,0,0,92,72,56.97437577,42.73078183,0,196,42.75,75.86407017,5755.357143,0,0,0,1,0,0,0,0,0,48.85714286,52.0,44.66666667,92,0,0,0,0,0,0,4,208,3,134,8192,237,3,20,0.0,0.0,0,0,0.0,0.0,0,0,Bot
71698,4,3,207,134,195,0,51.75,95.54187564,128,0,44.66666667,72.23111056,4756.060141,97.6317331,11949.66667,28115.30745,69335,4,71698,23899.33333,40722.05054,70919,4,70050,35025.0,48521.66733,69335,715,0,0,0,0,92,72,55.78956177,41.84217133,0,195,42.625,75.57576615,5711.696429,0,0,0,1,0,0,0,0,0,48.71428571,51.75,44.66666667,92,0,0,0,0,0,0,4,207,3,134,8192,237,3,20,0.0,0.0,0,0,0.0,0.0,0,0,Bot
18,1,1,6,6,6,6,6.0,0.0,6,6,6.0,0.0,666666.6667,111111.1111,18.0,0.0,18,18,0,0.0,0.0,0,0,0,0.0,0.0,0,0,0,0,0,0,20,20,55555.55556,55555.55556,6,6,6.0,0.0,0.0,0,0,0,0,1,1,0,0,1,9.0,6.0,6.0,20,0,0,0,0,0,0,1,6,1,6,237,256,0,20,0.0,0.0,0,0,0.0,0.0,0,0,Bot
71,1,1,6,6,6,6,6.0,0.0,6,6,6.0,0.0,169014.0845,28169.01408,71.0,0.0,71,71,0,0.0,0.0,0,0,0,0.0,0.0,0,0,0,0,0,0,20,20,14084.50704,14084.50704,6,6,6.0,0.0,0.0,0,0,0,0,1,1,0,0,1,9.0,6.0,6.0,20,0,0,0,0,0,0,1,6,1,6,237,256,0,20,0.0,0.0,0,0,0.0,0.0,0,0,Bot
77932,4,3,210,134,198,0,52.5,97.04122835,128,0,44.66666667,72.23111056,4414.104604,89.82189601,12988.66667,30960.38768,76184,18,77932,25977.33333,44450.32009,77303,18,76741,38370.5,53476.36454,76184,557,0,0,0,0,92,72,51.32679772,38.49509829,0,198,43.0,76.44232186,5843.428571,0,0,0,1,0,0,0,0,0,49.14285714,52.5,44.66666667,92,0,0,0,0,0,0,4,210,3,134,8192,237,3,20,0.0,0.0,0,0,0.0,0.0,0,0,Bot
21,1,1,6,6,6,6,6.0,0.0,6,6,6.0,0.0,571428.5714,95238.09524,21.0,0.0,21,21,0,0.0,0.0,0,0,0,0.0,0.0,0,0,0,0,0,0,20,20,47619.04762,47619.04762,6,6,6.0,0.0,0.0,0,0,0,0,1,1,0,0,1,9.0,6.0,6.0,20,0,0,0,0,0,0,1,6,1,6,237,16393,0,20,0.0,0.0,0,0,0.0,0.0,0,0,Bot
82027,4,3,207,134,195,0,51.75,95.54187564,128,0,44.66666667,72.23111056,4157.167762,85.33775464,13671.16667,32478.91356,79966,33,82027,27342.33333,46741.9539,81314,33,80761,40380.5,55982.35097000001,79966,795,0,0,0,0,92,72,48.76443122,36.57332342,0,195,42.625,75.57576615,5711.696429,0,0,0,1,0,0,0,0,0,48.71428571,51.75,44.66666667,92,0,0,0,0,0,0,4,207,3,134,8192,237,3,20,0.0,0.0,0,0,0.0,0.0,0,0,Bot
79988,4,3,206,134,194,0,51.5,95.04209594,128,0,44.66666667,72.23111056,4250.6375960000005,87.51312697,13331.33333,31637.55977,77907,46,79988,26662.66667,45697.58169,79429,46,78506,39253.0,54665.01104,77907,599,0,0,0,0,92,72,50.00750113,37.50562584,0,194,42.5,75.2880184,5668.285714,0,0,0,1,0,0,0,0,0,48.57142857,51.5,44.66666667,92,0,0,0,0,0,0,4,206,3,134,8192,237,3,20,0.0,0.0,0,0,0.0,0.0,0,0,Bot
48,1,1,6,6,6,6,6.0,0.0,6,6,6.0,0.0,250000.0,41666.66667,48.0,0.0,48,48,0,0.0,0.0,0,0,0,0.0,0.0,0,0,0,0,0,0,20,20,20833.33333,20833.33333,6,6,6.0,0.0,0.0,0,0,0,0,1,1,0,0,1,9.0,6.0,6.0,20,0,0,0,0,0,0,1,6,1,6,237,256,0,20,0.0,0.0,0,0,0.0,0.0,0,0,Bot
74250,4,3,208,134,196,0,52.0,96.04165763,128,0,44.66666667,72.23111056,4606.060606,94.27609428,12375.0,29445.45585,72478,62,74250,24750.0,42382.98046,73689,62,73088,36544.0,50818.35015,72478,610,0,0,0,0,92,72,53.87205387,40.4040404,0,196,42.75,75.86407017,5755.357143,0,0,0,1,0,0,0,0,0,48.85714286,52.0,44.66666667,92,0,0,0,0,0,0,4,208,3,134,8192,237,3,20,0.0,0.0,0,0,0.0,0.0,0,0,Bot
80227,4,3,207,134,195,0,51.75,95.54187564,128,0,44.66666667,72.23111056,4250.439378,87.25242125,13371.16667,31688.44558,78051,22,80227,26742.33333,45714.03899,79527,22,78662,39331.0,54758.34914,78051,611,0,0,0,0,92,72,49.85852643,37.39389482,0,195,42.625,75.57576615,5711.696429,0,0,0,1,0,0,0,0,0,48.71428571,51.75,44.66666667,92,0,0,0,0,0,0,4,207,3,134,8192,237,3,20,0.0,0.0,0,0,0.0,0.0,0,0,Bot
5,1,1,6,6,6,6,6.0,0.0,6,6,6.0,0.0,2400000.0,400000.0,5.0,0.0,5,5,0,0.0,0.0,0,0,0,0.0,0.0,0,0,0,0,0,0,20,20,200000.0,200000.0,6,6,6.0,0.0,0.0,0,0,0,0,1,1,0,0,1,9.0,6.0,6.0,20,0,0,0,0,0,0,1,6,1,6,237,256,0,20,0.0,0.0,0,0,0.0,0.0,0,0,Bot
24,1,1,6,6,6,6,6.0,0.0,6,6,6.0,0.0,500000.0,83333.33333,24.0,0.0,24,24,0,0.0,0.0,0,0,0,0.0,0.0,0,0,0,0,0,0,20,20,41666.66667,41666.66667,6,6,6.0,0.0,0.0,0,0,0,0,1,1,0,0,1,9.0,6.0,6.0,20,0,0,0,0,0,0,1,6,1,6,237,256,0,20,0.0,0.0,0,0,0.0,0.0,0,0,Bot
65,1,1,6,6,6,6,6.0,0.0,6,6,6.0,0.0,184615.3846,30769.23077,65.0,0.0,65,65,0,0.0,0.0,0,0,0,0.0,0.0,0,0,0,0,0,0,20,20,15384.61538,15384.61538,6,6,6.0,0.0,0.0,0,0,0,0,1,1,0,0,1,9.0,6.0,6.0,20,0,0,0,0,0,0,1,6,1,6,237,256,0,20,0.0,0.0,0,0,0.0,0.0,0,0,Bot
134890,4,3,210,134,198,0,52.5,97.04122835,128,0,44.66666667,72.23111056,2550.22611,51.89413596,22481.66667,54150.73189,133015,43,134890,44963.33333,77200.54074,134106,57,133625,66812.5,93624.47336,133015,610,0,0,0,0,92,72,29.65379198,22.24034398,0,198,43.0,76.44232186,5843.428571,0,0,0,1,0,0,0,0,0,49.14285714,52.5,44.66666667,92,0,0,0,0,0,0,4,210,3,134,8192,237,3,20,0.0,0.0,0,0,0.0,0.0,0,0,Bot
23,1,1,6,6,6,6,6.0,0.0,6,6,6.0,0.0,521739.1304,86956.52174,23.0,0.0,23,23,0,0.0,0.0,0,0,0,0.0,0.0,0,0,0,0,0,0,20,20,43478.26087,43478.26087,6,6,6.0,0.0,0.0,0,0,0,0,1,1,0,0,1,9.0,6.0,6.0,20,0,0,0,0,0,0,1,6,1,6,237,16393,0,20,0.0,0.0,0,0,0.0,0.0,0,0,Bot
64650,4,3,207,134,195,0,51.75,95.54187564,128,0,44.66666667,72.23111056,5274.555297999999,108.2753287,10775.0,25430.70697,62682,44,64650,21550.0,36636.32662,63852,44,63273,31636.5,43904.96715,62682,591,0,0,0,0,92,72,61.8716164,46.4037123,0,195,42.625,75.57576615,5711.696429,0,0,0,1,0,0,0,0,0,48.71428571,51.75,44.66666667,92,0,0,0,0,0,0,4,207,3,134,8192,237,3,20,0.0,0.0,0,0,0.0,0.0,0,0,Bot
47,1,1,6,6,6,6,6.0,0.0,6,6,6.0,0.0,255319.1489,42553.19149,47.0,0.0,47,47,0,0.0,0.0,0,0,0,0.0,0.0,0,0,0,0,0,0,20,20,21276.59574,21276.59574,6,6,6.0,0.0,0.0,0,0,0,0,1,1,0,0,1,9.0,6.0,6.0,20,0,0,0,0,0,0,1,6,1,6,237,256,0,20,0.0,0.0,0,0,0.0,0.0,0,0,Bot
71601,4,3,206,134,194,0,51.5,95.04209594,128,0,44.66666667,72.23111056,4748.537032,97.76399771,11933.5,28126.31015,69341,49,71601,23867.0,40744.09911,70913,49,69982,34991.0,48578.23587,69341,641,0,0,0,0,92,72,55.86514155,41.89885616,0,194,42.5,75.2880184,5668.285714,0,0,0,1,0,0,0,0,0,48.57142857,51.5,44.66666667,92,0,0,0,0,0,0,4,206,3,134,8192,237,3,20,0.0,0.0,0,0,0.0,0.0,0,0,Bot
70108,4,3,208,134,196,0,52.0,96.04165763,128,0,44.66666667,72.23111056,4878.187939,99.84595196,11684.66667,27612.48612,68045,35,70108,23369.33333,39826.21971000001,69355,35,68658,34329.0,47681.62447,68045,613,0,0,0,0,92,72,57.05482969,42.79112227,0,196,42.75,75.86407017,5755.357143,0,0,0,1,0,0,0,0,0,48.85714286,52.0,44.66666667,92,0,0,0,0,0,0,4,208,3,134,8192,237,3,20,0.0,0.0,0,0,0.0,0.0,0,0,Bot
94,1,1,6,6,6,6,6.0,0.0,6,6,6.0,0.0,127659.5745,21276.59574,94.0,0.0,94,94,0,0.0,0.0,0,0,0,0.0,0.0,0,0,0,0,0,0,20,20,10638.29787,10638.29787,6,6,6.0,0.0,0.0,0,0,0,0,1,1,0,0,1,9.0,6.0,6.0,20,0,0,0,0,0,0,1,6,1,6,237,256,0,20,0.0,0.0,0,0,0.0,0.0,0,0,Bot
40,1,1,6,6,6,6,6.0,0.0,6,6,6.0,0.0,300000.0,50000.0,40.0,0.0,40,40,0,0.0,0.0,0,0,0,0.0,0.0,0,0,0,0,0,0,20,20,25000.0,25000.0,6,6,6.0,0.0,0.0,0,0,0,0,1,1,0,0,1,9.0,6.0,6.0,20,0,0,0,0,0,0,1,6,1,6,237,256,0,20,0.0,0.0,0,0,0.0,0.0,0,0,Bot
128333,4,3,207,134,195,0,51.75,95.54187564,128,0,44.66666667,72.23111056,2657.149759,54.54559622,21388.83333,51214.01206,125926,3,128333,42777.66667,73321.07273,127440,3,126535,63267.5,88612.5005,125926,609,0,0,0,0,92,72,31.16891213,23.3766841,0,195,42.625,75.57576615,5711.696429,0,0,0,1,0,0,0,0,0,48.71428571,51.75,44.66666667,92,0,0,0,0,0,0,4,207,3,134,8192,237,3,20,0.0,0.0,0,0,0.0,0.0,0,0,Bot
35,1,1,6,6,6,6,6.0,0.0,6,6,6.0,0.0,342857.1429,57142.85714,35.0,0.0,35,35,0,0.0,0.0,0,0,0,0.0,0.0,0,0,0,0,0,0,20,20,28571.42857,28571.42857,6,6,6.0,0.0,0.0,0,0,0,0,1,1,0,0,1,9.0,6.0,6.0,20,0,0,0,0,0,0,1,6,1,6,237,256,0,20,0.0,0.0,0,0,0.0,0.0,0,0,Bot
91163,4,3,210,134,198,0,52.5,97.04122835,128,0,44.66666667,72.23111056,3773.460724,76.78553799,15193.83333,36433.1427,89561,4,91163,30387.66667,52191.91319,90653,4,90124,45062.0,62931.08931,89561,563,0,0,0,0,92,72,43.87745028,32.90808771,0,198,43.0,76.44232186,5843.428571,0,0,0,1,0,0,0,0,0,49.14285714,52.5,44.66666667,92,0,0,0,0,0,0,4,210,3,134,8192,237,3,20,0.0,0.0,0,0,0.0,0.0,0,0,Bot
20,1,1,6,6,6,6,6.0,0.0,6,6,6.0,0.0,600000.0,100000.0,20.0,0.0,20,20,0,0.0,0.0,0,0,0,0.0,0.0,0,0,0,0,0,0,20,20,50000.0,50000.0,6,6,6.0,0.0,0.0,0,0,0,0,1,1,0,0,1,9.0,6.0,6.0,20,0,0,0,0,0,0,1,6,1,6,237,16393,0,20,0.0,0.0,0,0,0.0,0.0,0,0,Bot
94464,4,3,207,134,195,0,51.75,95.54187564,128,0,44.66666667,72.23111056,3609.840786,74.10230352,15744.0,37356.31548000001,91993,22,94464,31488.0,53698.18216,93491,22,92603,46301.5,64617.53899,91993,610,0,0,0,0,92,72,42.34417344,31.75813008,0,195,42.625,75.57576615,5711.696429,0,0,0,1,0,0,0,0,0,48.71428571,51.75,44.66666667,92,0,0,0,0,0,0,4,207,3,134,8192,237,3,20,0.0,0.0,0,0,0.0,0.0,0,0,Bot
46,1,1,6,6,6,6,6.0,0.0,6,6,6.0,0.0,260869.5652,43478.26087,46.0,0.0,46,46,0,0.0,0.0,0,0,0,0.0,0.0,0,0,0,0,0,0,20,20,21739.13043,21739.13043,6,6,6.0,0.0,0.0,0,0,0,0,1,1,0,0,1,9.0,6.0,6.0,20,0,0,0,0,0,0,1,6,1,6,237,256,0,20,0.0,0.0,0,0,0.0,0.0,0,0,Bot
88432,4,3,210,134,198,0,52.5,97.04122835,128,0,44.66666667,72.23111056,3889.994572,79.15686629,14738.66667,35255.90034,86702,18,88432,29477.33333,50680.77467,87998,18,87262,43631.0,60911.59234,86702,560,0,0,0,0,92,72,45.23249502,33.92437127,0,198,43.0,76.44232186,5843.428571,0,0,0,1,0,0,0,0,0,49.14285714,52.5,44.66666667,92,0,0,0,0,0,0,4,210,3,134,8192,237,3,20,0.0,0.0,0,0,0.0,0.0,0,0,Bot
25,1,1,6,6,6,6,6.0,0.0,6,6,6.0,0.0,480000.0,80000.0,25.0,0.0,25,25,0,0.0,0.0,0,0,0,0.0,0.0,0,0,0,0,0,0,20,20,40000.0,40000.0,6,6,6.0,0.0,0.0,0,0,0,0,1,1,0,0,1,9.0,6.0,6.0,20,0,0,0,0,0,0,1,6,1,6,237,16393,0,20,0.0,0.0,0,0,0.0,0.0,0,0,Bot
64154,4,3,207,134,195,0,51.75,95.54187564,128,0,44.66666667,72.23111056,5315.334975,109.1124482,10692.33333,25233.66213,62197,22,64154,21384.66667,36384.63337,63396,22,62788,31394.0,43562.02036,62197,591,0,0,0,0,92,72,62.34997038,46.76247779,0,195,42.625,75.57576615,5711.696429,0,0,0,1,0,0,0,0,0,48.71428571,51.75,44.66666667,92,0,0,0,0,0,0,4,207,3,134,8192,237,3,20,0.0,0.0,0,0,0.0,0.0,0,0,Bot
17,1,1,6,6,6,6,6.0,0.0,6,6,6.0,0.0,705882.3529,117647.0588,17.0,0.0,17,17,0,0.0,0.0,0,0,0,0.0,0.0,0,0,0,0,0,0,20,20,58823.52941,58823.52941,6,6,6.0,0.0,0.0,0,0,0,0,1,1,0,0,1,9.0,6.0,6.0,20,0,0,0,0,0,0,1,6,1,6,237,256,0,20,0.0,0.0,0,0,0.0,0.0,0,0,Bot
66333,4,3,206,134,194,0,51.5,95.04209594,128,0,44.66666667,72.23111056,5125.653898,105.5281685,11055.5,25949.78,64019,94,66333,22111.0,37734.303,65682,94,64687,32343.5,44795.92169,64019,668,0,0,0,0,92,72,60.30181056,45.22635792,0,194,42.5,75.2880184,5668.285714,0,0,0,1,0,0,0,0,0,48.57142857,51.5,44.66666667,92,0,0,0,0,0,0,4,206,3,134,8192,237,3,20,0.0,0.0,0,0,0.0,0.0,0,0,Bot
65434,4,3,208,134,196,0,52.0,96.04165763,128,0,44.66666667,72.23111056,5226.640584000001,106.9780237,10905.66667,25799.17441,63565,61,65434,21811.33333,37281.06096,64859,61,64206,32103.0,44493.9871,63565,641,0,0,0,0,92,72,61.13029923,45.84772442,0,196,42.75,75.86407017,5755.357143,0,0,0,1,0,0,0,0,0,48.85714286,52.0,44.66666667,92,0,0,0,0,0,0,4,208,3,134,8192,237,3,20,0.0,0.0,0,0,0.0,0.0,0,0,Bot
17,1,1,6,6,6,6,6.0,0.0,6,6,6.0,0.0,705882.3529,117647.0588,17.0,0.0,17,17,0,0.0,0.0,0,0,0,0.0,0.0,0,0,0,0,0,0,20,20,58823.52941,58823.52941,6,6,6.0,0.0,0.0,0,0,0,0,1,1,0,0,1,9.0,6.0,6.0,20,0,0,0,0,0,0,1,6,1,6,237,256,0,20,0.0,0.0,0,0,0.0,0.0,0,0,Bot
51,1,1,6,6,6,6,6.0,0.0,6,6,6.0,0.0,235294.1176,39215.68627,51.0,0.0,51,51,0,0.0,0.0,0,0,0,0.0,0.0,0,0,0,0,0,0,20,20,19607.84314,19607.84314,6,6,6.0,0.0,0.0,0,0,0,0,1,1,0,0,1,9.0,6.0,6.0,20,0,0,0,0,0,0,1,6,1,6,237,256,0,20,0.0,0.0,0,0,0.0,0.0,0,0,Bot
86279,4,3,207,134,195,0,51.75,95.54187564,128,0,44.66666667,72.23111056,3952.294301,81.13214108,14379.83333,34002.2215,83784,87,86279,28759.66667,48966.29476,85301,410,84798,42399.0,58527.22828,83784,1014,0,0,0,0,92,72,46.36122347,34.770917600000004,0,195,42.625,75.57576615,5711.696429,0,0,0,1,0,0,0,0,0,48.71428571,51.75,44.66666667,92,0,0,0,0,0,0,4,207,3,134,8192,237,3,20,0.0,0.0,0,0,0.0,0.0,0,0,Bot
44,1,1,6,6,6,6,6.0,0.0,6,6,6.0,0.0,272727.2727,45454.54545,44.0,0.0,44,44,0,0.0,0.0,0,0,0,0.0,0.0,0,0,0,0,0,0,20,20,22727.27273,22727.27273,6,6,6.0,0.0,0.0,0,0,0,0,1,1,0,0,1,9.0,6.0,6.0,20,0,0,0,0,0,0,1,6,1,6,237,256,0,20,0.0,0.0,0,0,0.0,0.0,0,0,Bot
83755,4,3,210,134,198,0,52.5,97.04122835,128,0,44.66666667,72.23111056,4107.217479999999,83.57709987,13959.16667,33360.88633,82055,40,83755,27918.33333,47798.1679,83110,49,82649,41324.5,57601.6255,82055,594,0,0,0,0,92,72,47.75834279,35.81875709,0,198,43.0,76.44232186,5843.428571,0,0,0,1,0,0,0,0,0,49.14285714,52.5,44.66666667,92,0,0,0,0,0,0,4,210,3,134,8192,237,3,20,0.0,0.0,0,0,0.0,0.0,0,0,Bot
15,1,1,6,6,6,6,6.0,0.0,6,6,6.0,0.0,800000.0,133333.3333,15.0,0.0,15,15,0,0.0,0.0,0,0,0,0.0,0.0,0,0,0,0,0,0,20,20,66666.66667,66666.66667,6,6,6.0,0.0,0.0,0,0,0,0,1,0,0,0,1,9.0,6.0,6.0,20,0,0,0,0,0,0,1,6,1,6,16393,237,0,20,0.0,0.0,0,0,0.0,0.0,0,0,Bot
111942,4,3,207,134,195,0,51.75,95.54187564,128,0,44.66666667,72.23111056,3046.220364,62.53238284,18657.0,44588.15498,109668,23,111942,37314.0,64139.23644,111375,23,110275,55137.5,77117.77266,109668,607,0,0,0,0,92,72,35.73279019,26.79959265,0,195,42.625,75.57576615,5711.696429,0,0,0,1,0,0,0,0,0,48.71428571,51.75,44.66666667,92,0,0,0,0,0,0,4,207,3,134,8192,237,3,20,0.0,0.0,0,0,0.0,0.0,0,0,Bot
71,1,1,6,6,6,6,6.0,0.0,6,6,6.0,0.0,169014.0845,28169.01408,71.0,0.0,71,71,0,0.0,0.0,0,0,0,0.0,0.0,0,0,0,0,0,0,20,20,14084.50704,14084.50704,6,6,6.0,0.0,0.0,0,0,0,0,1,1,0,0,1,9.0,6.0,6.0,20,0,0,0,0,0,0,1,6,1,6,237,256,0,20,0.0,0.0,0,0,0.0,0.0,0,0,Bot
88911,4,3,210,134,198,0,52.5,97.04122835,128,0,44.66666667,72.23111056,3869.037577000001,78.73041581,14818.5,35450.658789999994,87180,40,88911,29637.0,50786.20628,88279,41,87738,43869.0,61251.0036,87180,558,0,0,0,0,92,72,44.98880903,33.74160678,0,198,43.0,76.44232186,5843.428571,0,0,0,1,0,0,0,0,0,49.14285714,52.5,44.66666667,92,0,0,0,0,0,0,4,210,3,134,8192,237,3,20,0.0,0.0,0,0,0.0,0.0,0,0,Bot
22,1,1,6,6,6,6,6.0,0.0,6,6,6.0,0.0,545454.5455,90909.09091,22.0,0.0,22,22,0,0.0,0.0,0,0,0,0.0,0.0,0,0,0,0,0,0,20,20,45454.54545,45454.54545,6,6,6.0,0.0,0.0,0,0,0,0,1,1,0,0,1,9.0,6.0,6.0,20,0,0,0,0,0,0,1,6,1,6,237,16393,0,20,0.0,0.0,0,0,0.0,0.0,0,0,Bot
63458,4,3,207,134,195,0,51.75,95.54187564,128,0,44.66666667,72.23111056,5373.632954,110.30918090000002,10576.33333,24829.18993,61254,49,63458,21152.66667,35858.59189,62556,49,61846,30923.0,42894.51156,61254,592,0,0,0,0,92,72,63.03381764,47.27536323,0,195,42.625,75.57576615,5711.696429,0,0,0,1,0,0,0,0,0,48.71428571,51.75,44.66666667,92,0,0,0,0,0,0,4,207,3,134,8192,237,3,20,0.0,0.0,0,0,0.0,0.0,0,0,Bot
18,1,1,6,6,6,6,6.0,0.0,6,6,6.0,0.0,666666.6667,111111.1111,18.0,0.0,18,18,0,0.0,0.0,0,0,0,0.0,0.0,0,0,0,0,0,0,20,20,55555.55556,55555.55556,6,6,6.0,0.0,0.0,0,0,0,0,1,1,0,0,1,9.0,6.0,6.0,20,0,0,0,0,0,0,1,6,1,6,237,256,0,20,0.0,0.0,0,0,0.0,0.0,0,0,Bot
67074,4,3,206,134,194,0,51.5,95.04209594,128,0,44.66666667,72.23111056,5069.028237,104.3623461,11179.0,26267.77864,64793,74,67074,22358.0,38071.69048000001,66318,74,65465,32732.5,45340.39392,64793,672,0,0,0,0,92,72,59.63562632,44.72671974,0,194,42.5,75.2880184,5668.285714,0,0,0,1,0,0,0,0,0,48.57142857,51.5,44.66666667,92,0,0,0,0,0,0,4,206,3,134,8192,237,3,20,0.0,0.0,0,0,0.0,0.0,0,0,Bot
61973,4,3,208,134,196,0,52.0,96.04165763,128,0,44.66666667,72.23111056,5518.532264,112.9524148,10328.83333,24399.00015,60130,44,61973,20657.66667,35299.393710000004,61417,44,60779,30389.5,42059.41845,60130,649,0,0,0,0,92,72,64.54423701,48.40817775,0,196,42.75,75.86407017,5755.357143,0,0,0,1,0,0,0,0,0,48.85714286,52.0,44.66666667,92,0,0,0,0,0,0,4,208,3,134,8192,237,3,20,0.0,0.0,0,0,0.0,0.0,0,0,Bot
83,1,1,6,6,6,6,6.0,0.0,6,6,6.0,0.0,144578.3133,24096.38554,83.0,0.0,83,83,0,0.0,0.0,0,0,0,0.0,0.0,0,0,0,0,0,0,20,20,12048.19277,12048.19277,6,6,6.0,0.0,0.0,0,0,0,0,1,1,0,0,1,9.0,6.0,6.0,20,0,0,0,0,0,0,1,6,1,6,237,256,0,20,0.0,0.0,0,0,0.0,0.0,0,0,Bot
39,1,1,6,6,6,6,6.0,0.0,6,6,6.0,0.0,307692.3077,51282.05128,39.0,0.0,39,39,0,0.0,0.0,0,0,0,0.0,0.0,0,0,0,0,0,0,20,20,25641.02564,25641.02564,6,6,6.0,0.0,0.0,0,0,0,0,1,1,0,0,1,9.0,6.0,6.0,20,0,0,0,0,0,0,1,6,1,6,237,256,0,20,0.0,0.0,0,0,0.0,0.0,0,0,Bot
79351,4,3,207,134,195,0,51.75,95.54187564,128,0,44.66666667,72.23111056,4297.362352,88.21564946,13225.16667,30953.94314,76397,26,79351,26450.33333,45197.91584,78639,26,77012,38506.0,53585.96609,76397,615,0,0,0,0,92,72,50.40894255,37.80670691,0,195,42.625,75.57576615,5711.696429,0,0,0,1,0,0,0,0,0,48.71428571,51.75,44.66666667,92,0,0,0,0,0,0,4,207,3,134,8192,237,3,20,0.0,0.0,0,0,0.0,0.0,0,0,Bot
39,1,1,6,6,6,6,6.0,0.0,6,6,6.0,0.0,307692.3077,51282.05128,39.0,0.0,39,39,0,0.0,0.0,0,0,0,0.0,0.0,0,0,0,0,0,0,20,20,25641.02564,25641.02564,6,6,6.0,0.0,0.0,0,0,0,0,1,1,0,0,1,9.0,6.0,6.0,20,0,0,0,0,0,0,1,6,1,6,237,256,0,20,0.0,0.0,0,0,0.0,0.0,0,0,Bot
76372,4,3,210,134,198,0,52.5,97.04122835,128,0,44.66666667,72.23111056,4504.26858,91.65662808,12728.66667,30372.1995,74724,2,76372,25457.33333,43536.85043,75728,2,75283,37641.5,52442.57443,74724,559,0,0,0,0,92,72,52.37521605,39.28141204,0,198,43.0,76.44232186,5843.428571,0,0,0,1,0,0,0,0,0,49.14285714,52.5,44.66666667,92,0,0,0,0,0,0,4,210,3,134,8192,237,3,20,0.0,0.0,0,0,0.0,0.0,0,0,Bot
3,1,1,6,6,6,6,6.0,0.0,6,6,6.0,0.0,4000000.0,666666.6667,3.0,0.0,3,3,0,0.0,0.0,0,0,0,0.0,0.0,0,0,0,0,0,0,20,20,333333.3333,333333.3333,6,6,6.0,0.0,0.0,0,0,0,0,1,1,0,0,1,9.0,6.0,6.0,20,0,0,0,0,0,0,1,6,1,6,237,16393,0,20,0.0,0.0,0,0,0.0,0.0,0,0,Bot
94222,4,3,207,134,195,0,51.75,95.54187564,128,0,44.66666667,72.23111056,3619.112309000001,74.29262805,15703.66667,37232.48708,91699,24,94222,31407.33333,53248.56156,92889,24,92314,46157.0,64406.11406,91699,615,0,0,0,0,92,72,42.45293031,31.83969774,0,195,42.625,75.57576615,5711.696429,0,0,0,1,0,0,0,0,0,48.71428571,51.75,44.66666667,92,0,0,0,0,0,0,4,207,3,134,8192,237,3,20,0.0,0.0,0,0,0.0,0.0,0,0,Bot
32,1,1,6,6,6,6,6.0,0.0,6,6,6.0,0.0,375000.0,62500.0,32.0,0.0,32,32,0,0.0,0.0,0,0,0,0.0,0.0,0,0,0,0,0,0,20,20,31250.0,31250.0,6,6,6.0,0.0,0.0,0,0,0,0,1,1,0,0,1,9.0,6.0,6.0,20,0,0,0,0,0,0,1,6,1,6,237,256,0,20,0.0,0.0,0,0,0.0,0.0,0,0,Bot
90169,4,3,210,134,198,0,52.5,97.04122835,128,0,44.66666667,72.23111056,3815.05839,77.63200213,15028.16667,35870.52371,88246,16,90169,30056.33333,51339.87504,89337,49,88809,44404.5,62001.24389,88246,563,0,0,0,0,92,72,44.36114407,33.27085806,0,198,43.0,76.44232186,5843.428571,0,0,0,1,0,0,0,0,0,49.14285714,52.5,44.66666667,92,0,0,0,0,0,0,4,210,3,134,8192,237,3,20,0.0,0.0,0,0,0.0,0.0,0,0,Bot
3,1,1,6,6,6,6,6.0,0.0,6,6,6.0,0.0,4000000.0,666666.6667,3.0,0.0,3,3,0,0.0,0.0,0,0,0,0.0,0.0,0,0,0,0,0,0,20,20,333333.3333,333333.3333,6,6,6.0,0.0,0.0,0,0,0,0,1,1,0,0,1,9.0,6.0,6.0,20,0,0,0,0,0,0,1,6,1,6,237,16393,0,20,0.0,0.0,0,0,0.0,0.0,0,0,Bot
76420,4,3,207,134,195,0,51.75,95.54187564,128,0,44.66666667,72.23111056,4462.182675,91.59905784,12736.66667,30340.15497,74666,57,76420,25473.33333,43531.40467,75738,57,75154,37577.0,52451.76681,74666,488,0,0,0,0,92,72,52.34231876,39.25673907,0,195,42.625,75.57576615,5711.696429,0,0,0,1,0,0,0,0,0,48.71428571,51.75,44.66666667,92,0,0,0,0,0,0,4,207,3,134,8192,237,3,20,0.0,0.0,0,0,0.0,0.0,0,0,Bot
48,1,1,6,6,6,6,6.0,0.0,6,6,6.0,0.0,250000.0,41666.66667,48.0,0.0,48,48,0,0.0,0.0,0,0,0,0.0,0.0,0,0,0,0,0,0,20,20,20833.33333,20833.33333,6,6,6.0,0.0,0.0,0,0,0,0,1,1,0,0,1,9.0,6.0,6.0,20,0,0,0,0,0,0,1,6,1,6,237,256,0,20,0.0,0.0,0,0,0.0,0.0,0,0,Bot
70050,4,3,206,134,194,0,51.5,95.04209594,128,0,44.66666667,72.23111056,4853.675946,99.92862241,11675.0,27469.72386,67743,72,70050,23350.0,39687.2972,69175,72,68392,34196.0,47442.62238,67743,649,0,0,0,0,92,72,57.10206995,42.82655246,0,194,42.5,75.2880184,5668.285714,0,0,0,1,0,0,0,0,0,48.57142857,51.5,44.66666667,92,0,0,0,0,0,0,4,206,3,134,8192,237,3,20,0.0,0.0,0,0,0.0,0.0,0,0,Bot
65532,4,3,208,134,196,0,52.0,96.04165763,128,0,44.66666667,72.23111056,5218.824390999999,106.81804309999998,10922.0,25746.4164,63473,44,65532,21844.0,37185.14886,64780,44,64080,32040.0,44452.97491,63473,607,0,0,0,0,92,72,61.03888177,45.77916133,0,196,42.75,75.86407017,5755.357143,0,0,0,1,0,0,0,0,0,48.85714286,52.0,44.66666667,92,0,0,0,0,0,0,4,208,3,134,8192,237,3,20,0.0,0.0,0,0,0.0,0.0,0,0,Bot
43,1,1,6,6,6,6,6.0,0.0,6,6,6.0,0.0,279069.7674,46511.62791,43.0,0.0,43,43,0,0.0,0.0,0,0,0,0.0,0.0,0,0,0,0,0,0,20,20,23255.81395,23255.81395,6,6,6.0,0.0,0.0,0,0,0,0,1,1,0,0,1,9.0,6.0,6.0,20,0,0,0,0,0,0,1,6,1,6,237,256,0,20,0.0,0.0,0,0,0.0,0.0,0,0,Bot
79,1,1,6,6,6,6,6.0,0.0,6,6,6.0,0.0,151898.7342,25316.4557,79.0,0.0,79,79,0,0.0,0.0,0,0,0,0.0,0.0,0,0,0,0,0,0,20,20,12658.22785,12658.22785,6,6,6.0,0.0,0.0,0,0,0,0,1,1,0,0,1,9.0,6.0,6.0,20,0,0,0,0,0,0,1,6,1,6,237,256,0,20,0.0,0.0,0,0,0.0,0.0,0,0,Bot
110974,4,3,207,134,195,0,51.75,95.54187564,128,0,44.66666667,72.23111056,3072.791825,63.07783805,18495.66667,44247.56071000001,108813,23,110974,36991.33333,63472.40104,110282,23,109459,54729.5,76485.6192,108813,646,0,0,0,0,92,72,36.04447889,27.03335917,0,195,42.625,75.57576615,5711.696429,0,0,0,1,0,0,0,0,0,48.71428571,51.75,44.66666667,92,0,0,0,0,0,0,4,207,3,134,8192,237,3,20,0.0,0.0,0,0,0.0,0.0,0,0,Bot
35,1,1,6,6,6,6,6.0,0.0,6,6,6.0,0.0,342857.1429,57142.85714,35.0,0.0,35,35,0,0.0,0.0,0,0,0,0.0,0.0,0,0,0,0,0,0,20,20,28571.42857,28571.42857,6,6,6.0,0.0,0.0,0,0,0,0,1,1,0,0,1,9.0,6.0,6.0,20,0,0,0,0,0,0,1,6,1,6,237,256,0,20,0.0,0.0,0,0,0.0,0.0,0,0,Bot
93556,4,3,210,134,198,0,52.5,97.04122835,128,0,44.66666667,72.23111056,3676.942152000001,74.82149729,15592.66667,37245.44848,91617,17,93556,31185.33333,53263.39355,92687,50,92143,46071.5,64411.06381,91617,526,0,0,0,0,92,72,42.75514131,32.06635598,0,198,43.0,76.44232186,5843.428571,0,0,0,1,0,0,0,0,0,49.14285714,52.5,44.66666667,92,0,0,0,0,0,0,4,210,3,134,8192,237,3,20,0.0,0.0,0,0,0.0,0.0,0,0,Bot
3,1,1,6,6,6,6,6.0,0.0,6,6,6.0,0.0,4000000.0,666666.6667,3.0,0.0,3,3,0,0.0,0.0,0,0,0,0.0,0.0,0,0,0,0,0,0,20,20,333333.3333,333333.3333,6,6,6.0,0.0,0.0,0,0,0,0,1,1,0,0,1,9.0,6.0,6.0,20,0,0,0,0,0,0,1,6,1,6,237,16393,0,20,0.0,0.0,0,0,0.0,0.0,0,0,Bot
77628,4,3,207,134,195,0,51.75,95.54187564,128,0,44.66666667,72.23111056,4392.744886,90.17364868,12938.0,30541.91908,75277,23,77628,25876.0,43943.06247,76614,23,75891,37945.5,52794.7136,75277,614,0,0,0,0,92,72,51.52779925,38.64584944,0,195,42.625,75.57576615,5711.696429,0,0,0,1,0,0,0,0,0,48.71428571,51.75,44.66666667,92,0,0,0,0,0,0,4,207,3,134,8192,237,3,20,0.0,0.0,0,0,0.0,0.0,0,0,Bot
33,1,1,6,6,6,6,6.0,0.0,6,6,6.0,0.0,363636.3636,60606.06061,33.0,0.0,33,33,0,0.0,0.0,0,0,0,0.0,0.0,0,0,0,0,0,0,20,20,30303.0303,30303.0303,6,6,6.0,0.0,0.0,0,0,0,0,1,1,0,0,1,9.0,6.0,6.0,20,0,0,0,0,0,0,1,6,1,6,237,256,0,20,0.0,0.0,0,0,0.0,0.0,0,0,Bot
85684,4,3,210,134,198,0,52.5,97.04122835,128,0,44.66666667,72.23111056,4014.751879,81.69553242,14280.66667,34049.26011,83781,18,85684,28561.33333,48763.7013,84867,18,84374,42187.0,58822.79891000001,83781,593,0,0,0,0,92,72,46.68316138,35.01237104,0,198,43.0,76.44232186,5843.428571,0,0,0,1,0,0,0,0,0,49.14285714,52.5,44.66666667,92,0,0,0,0,0,0,4,210,3,134,8192,237,3,20,0.0,0.0,0,0,0.0,0.0,0,0,Bot
35,1,1,6,6,6,6,6.0,0.0,6,6,6.0,0.0,342857.1429,57142.85714,35.0,0.0,35,35,0,0.0,0.0,0,0,0,0.0,0.0,0,0,0,0,0,0,20,20,28571.42857,28571.42857,6,6,6.0,0.0,0.0,0,0,0,0,1,1,0,0,1,9.0,6.0,6.0,20,0,0,0,0,0,0,1,6,1,6,237,16393,0,20,0.0,0.0,0,0,0.0,0.0,0,0,Bot
63921,4,3,207,134,195,0,51.75,95.54187564,128,0,44.66666667,72.23111056,5334.710032999999,109.51017659999998,10653.5,25062.04098,61807,47,63921,21307.0,36065.37181,62949,75,62390,31195.0,43291.90557,61807,583,0,0,0,0,92,72,62.57724379,46.93293284,0,195,42.625,75.57576615,5711.696429,0,0,0,1,0,0,0,0,0,48.71428571,51.75,44.66666667,92,0,0,0,0,0,0,4,207,3,134,8192,237,3,20,0.0,0.0,0,0,0.0,0.0,0,0,Bot
46,1,1,6,6,6,6,6.0,0.0,6,6,6.0,0.0,260869.5652,43478.26087,46.0,0.0,46,46,0,0.0,0.0,0,0,0,0.0,0.0,0,0,0,0,0,0,20,20,21739.13043,21739.13043,6,6,6.0,0.0,0.0,0,0,0,0,1,1,0,0,1,9.0,6.0,6.0,20,0,0,0,0,0,0,1,6,1,6,237,256,0,20,0.0,0.0,0,0,0.0,0.0,0,0,Bot
71825,4,3,206,134,194,0,51.5,95.04209594,128,0,44.66666667,72.23111056,4733.727811,97.45910198,11970.83333,28287.40442,69708,63,71825,23941.66667,40918.18551,71189,63,70348,35174.0,48838.45116,69708,640,0,0,0,0,92,72,55.69091542,41.76818656,0,194,42.5,75.2880184,5668.285714,0,0,0,1,0,0,0,0,0,48.57142857,51.5,44.66666667,92,0,0,0,0,0,0,4,206,3,134,8192,237,3,20,0.0,0.0,0,0,0.0,0.0,0,0,Bot
68979,4,3,208,134,196,0,52.0,96.04165763,128,0,44.66666667,72.23111056,4958.030705,101.4801606,11496.5,27211.62914,67039,32,68979,22993.0,39249.42549,68313,32,67655,33827.5,46968.15373,67039,616,0,0,0,0,92,72,57.98866322,43.49149741,0,196,42.75,75.86407017,5755.357143,0,0,0,1,0,0,0,0,0,48.85714286,52.0,44.66666667,92,0,0,0,0,0,0,4,208,3,134,8192,237,3,20,0.0,0.0,0,0,0.0,0.0,0,0,Bot
84,1,1,6,6,6,6,6.0,0.0,6,6,6.0,0.0,142857.1429,23809.52381,84.0,0.0,84,84,0,0.0,0.0,0,0,0,0.0,0.0,0,0,0,0,0,0,20,20,11904.7619,11904.7619,6,6,6.0,0.0,0.0,0,0,0,0,1,1,0,0,1,9.0,6.0,6.0,20,0,0,0,0,0,0,1,6,1,6,237,256,0,20,0.0,0.0,0,0,0.0,0.0,0,0,Bot
45,1,1,6,6,6,6,6.0,0.0,6,6,6.0,0.0,266666.6667,44444.44444,45.0,0.0,45,45,0,0.0,0.0,0,0,0,0.0,0.0,0,0,0,0,0,0,20,20,22222.22222,22222.22222,6,6,6.0,0.0,0.0,0,0,0,0,1,1,0,0,1,9.0,6.0,6.0,20,0,0,0,0,0,0,1,6,1,6,237,256,0,20,0.0,0.0,0,0,0.0,0.0,0,0,Bot
82339,4,3,207,134,195,0,51.75,95.54187564,128,0,44.66666667,72.23111056,4141.415368,85.01439172,13723.16667,32556.33385,80175,27,82339,27446.33333,46890.21614,81589,27,80787,40393.5,56259.53683,80175,612,0,0,0,0,92,72,48.57965241,36.43473931,0,195,42.625,75.57576615,5711.696429,0,0,0,1,0,0,0,0,0,48.71428571,51.75,44.66666667,92,0,0,0,0,0,0,4,207,3,134,8192,237,3,20,0.0,0.0,0,0,0.0,0.0,0,0,Bot
63,1,1,6,6,6,6,6.0,0.0,6,6,6.0,0.0,190476.1905,31746.03175,63.0,0.0,63,63,0,0.0,0.0,0,0,0,0.0,0.0,0,0,0,0,0,0,20,20,15873.01587,15873.01587,6,6,6.0,0.0,0.0,0,0,0,0,1,1,0,0,1,9.0,6.0,6.0,20,0,0,0,0,0,0,1,6,1,6,237,256,0,20,0.0,0.0,0,0,0.0,0.0,0,0,Bot
81562,4,3,210,134,198,0,52.5,97.04122835,128,0,44.66666667,72.23111056,4217.650376,85.82428092,13593.66667,32501.92911,79936,17,81562,27187.33333,46661.7294,81067,17,80496,40248.0,56127.30786,79936,560,0,0,0,0,92,72,49.04244624,36.78183468,0,198,43.0,76.44232186,5843.428571,0,0,0,1,0,0,0,0,0,49.14285714,52.5,44.66666667,92,0,0,0,0,0,0,4,210,3,134,8192,237,3,20,0.0,0.0,0,0,0.0,0.0,0,0,Bot
22,1,1,6,6,6,6,6.0,0.0,6,6,6.0,0.0,545454.5455,90909.09091,22.0,0.0,22,22,0,0.0,0.0,0,0,0,0.0,0.0,0,0,0,0,0,0,20,20,45454.54545,45454.54545,6,6,6.0,0.0,0.0,0,0,0,0,1,1,0,0,1,9.0,6.0,6.0,20,0,0,0,0,0,0,1,6,1,6,237,16393,0,20,0.0,0.0,0,0,0.0,0.0,0,0,Bot
72540,4,3,207,134,195,0,51.75,95.54187564,128,0,44.66666667,72.23111056,4700.854701,96.4984836,12090.0,28496.41771,70254,39,72540,24180.0,41020.1349,71543,39,70886,35443.0,49230.18832,70254,632,0,0,0,0,92,72,55.14199063,41.35649297,0,195,42.625,75.57576615,5711.696429,0,0,0,1,0,0,0,0,0,48.71428571,51.75,44.66666667,92,0,0,0,0,0,0,4,207,3,134,8192,237,3,20,0.0,0.0,0,0,0.0,0.0,0,0,Bot
34,1,1,6,6,6,6,6.0,0.0,6,6,6.0,0.0,352941.1765,58823.52941,34.0,0.0,34,34,0,0.0,0.0,0,0,0,0.0,0.0,0,0,0,0,0,0,20,20,29411.764710000003,29411.764710000003,6,6,6.0,0.0,0.0,0,0,0,0,1,1,0,0,1,9.0,6.0,6.0,20,0,0,0,0,0,0,1,6,1,6,237,256,0,20,0.0,0.0,0,0,0.0,0.0,0,0,Bot
89102,4,3,210,134,198,0,52.5,97.04122835,128,0,44.66666667,72.23111056,3860.743867,78.56164845,14850.33333,35420.88325,87150,18,89102,29700.66667,50667.20605,88204,18,87678,43839.0,61251.0036,87150,528,0,0,0,0,92,72,44.89237054,33.66927791,0,198,43.0,76.44232186,5843.428571,0,0,0,1,0,0,0,0,0,49.14285714,52.5,44.66666667,92,0,0,0,0,0,0,4,210,3,134,8192,237,3,20,0.0,0.0,0,0,0.0,0.0,0,0,Bot
22,1,1,6,6,6,6,6.0,0.0,6,6,6.0,0.0,545454.5455,90909.09091,22.0,0.0,22,22,0,0.0,0.0,0,0,0,0.0,0.0,0,0,0,0,0,0,20,20,45454.54545,45454.54545,6,6,6.0,0.0,0.0,0,0,0,0,1,1,0,0,1,9.0,6.0,6.0,20,0,0,0,0,0,0,1,6,1,6,237,16393,0,20,0.0,0.0,0,0,0.0,0.0,0,0,Bot
69344,4,3,207,134,195,0,51.75,95.54187564,128,0,44.66666667,72.23111056,4917.51269,100.9460083,11557.33333,27238.30997,67153,39,69344,23114.66667,39173.32447,68345,39,67721,33860.5,47082.70503000001,67153,568,0,0,0,0,92,72,57.68343332,43.26257499,0,195,42.625,75.57576615,5711.696429,0,0,0,1,0,0,0,0,0,48.71428571,51.75,44.66666667,92,0,0,0,0,0,0,4,207,3,134,8192,237,3,20,0.0,0.0,0,0,0.0,0.0,0,0,Bot
47,1,1,6,6,6,6,6.0,0.0,6,6,6.0,0.0,255319.1489,42553.19149,47.0,0.0,47,47,0,0.0,0.0,0,0,0,0.0,0.0,0,0,0,0,0,0,20,20,21276.59574,21276.59574,6,6,6.0,0.0,0.0,0,0,0,0,1,1,0,0,1,9.0,6.0,6.0,20,0,0,0,0,0,0,1,6,1,6,237,256,0,20,0.0,0.0,0,0,0.0,0.0,0,0,Bot
63729,4,3,208,134,196,0,52.0,96.04165763,128,0,44.66666667,72.23111056,5366.473661999999,109.8401042,10621.5,25006.90009,61663,31,63729,21243.0,36130.57226,62961,31,62297,31148.5,43154.01975,61663,634,0,0,0,0,92,72,62.76577382,47.07433037,0,196,42.75,75.86407017,5755.357143,0,0,0,1,0,0,0,0,0,48.85714286,52.0,44.66666667,92,0,0,0,0,0,0,4,208,3,134,8192,237,3,20,0.0,0.0,0,0,0.0,0.0,0,0,Bot
63082,4,3,206,134,194,0,51.5,95.04209594,128,0,44.66666667,72.23111056,5389.810088,110.9666783,10513.66667,24582.74473,60687,84,63082,21027.33333,35674.72226,62219,84,61310,30655.0,42471.66171,60687,623,0,0,0,0,92,72,63.40953045,47.55714784,0,194,42.5,75.2880184,5668.285714,0,0,0,1,0,0,0,0,0,48.57142857,51.5,44.66666667,92,0,0,0,0,0,0,4,206,3,134,8192,237,3,20,0.0,0.0,0,0,0.0,0.0,0,0,Bot
91,1,1,6,6,6,6,6.0,0.0,6,6,6.0,0.0,131868.1319,21978.02198,91.0,0.0,91,91,0,0.0,0.0,0,0,0,0.0,0.0,0,0,0,0,0,0,20,20,10989.01099,10989.01099,6,6,6.0,0.0,0.0,0,0,0,0,1,1,0,0,1,9.0,6.0,6.0,20,0,0,0,0,0,0,1,6,1,6,237,256,0,20,0.0,0.0,0,0,0.0,0.0,0,0,Bot
40,1,1,6,6,6,6,6.0,0.0,6,6,6.0,0.0,300000.0,50000.0,40.0,0.0,40,40,0,0.0,0.0,0,0,0,0.0,0.0,0,0,0,0,0,0,20,20,25000.0,25000.0,6,6,6.0,0.0,0.0,0,0,0,0,1,1,0,0,1,9.0,6.0,6.0,20,0,0,0,0,0,0,1,6,1,6,237,256,0,20,0.0,0.0,0,0,0.0,0.0,0,0,Bot
77144,4,3,207,134,195,0,51.75,95.54187564,128,0,44.66666667,72.23111056,4420.304884,90.73939645,12857.33333,30495.65057,75103,22,77144,25714.66667,43961.71136,76476,22,75714,37857.0,52673.79834,75103,611,0,0,0,0,92,72,51.85108369,38.88831277,0,195,42.625,75.57576615,5711.696429,0,0,0,1,0,0,0,0,0,48.71428571,51.75,44.66666667,92,0,0,0,0,0,0,4,207,3,134,8192,237,3,20,0.0,0.0,0,0,0.0,0.0,0,0,Bot
65,1,1,6,6,6,6,6.0,0.0,6,6,6.0,0.0,184615.3846,30769.23077,65.0,0.0,65,65,0,0.0,0.0,0,0,0,0.0,0.0,0,0,0,0,0,0,20,20,15384.61538,15384.61538,6,6,6.0,0.0,0.0,0,0,0,0,1,1,0,0,1,9.0,6.0,6.0,20,0,0,0,0,0,0,1,6,1,6,237,256,0,20,0.0,0.0,0,0,0.0,0.0,0,0,Bot
76778,4,3,210,134,198,0,52.5,97.04122835,128,0,44.66666667,72.23111056,4480.450129,91.1719503,12796.33333,30561.01715,75177,43,76778,25592.66667,43821.85619,76193,48,75705,37852.5,52784.81411,75177,528,0,0,0,0,92,72,52.09825731,39.07369298,0,198,43.0,76.44232186,5843.428571,0,0,0,1,0,0,0,0,0,49.14285714,52.5,44.66666667,92,0,0,0,0,0,0,4,210,3,134,8192,237,3,20,0.0,0.0,0,0,0.0,0.0,0,0,Bot
19,1,1,6,6,6,6,6.0,0.0,6,6,6.0,0.0,631578.9474,105263.1579,19.0,0.0,19,19,0,0.0,0.0,0,0,0,0.0,0.0,0,0,0,0,0,0,20,20,52631.57895,52631.57895,6,6,6.0,0.0,0.0,0,0,0,0,1,1,0,0,1,9.0,6.0,6.0,20,0,0,0,0,0,0,1,6,1,6,237,16393,0,20,0.0,0.0,0,0,0.0,0.0,0,0,Bot
83005,4,3,207,134,195,0,51.75,95.54187564,128,0,44.66666667,72.23111056,4108.186254,84.33226914,13834.16667,32720.75483,80621,22,83005,27668.33333,47027.51176,81968,22,81237,40618.5,56572.07803,80621,616,0,0,0,0,92,72,48.18986808,36.14240106,0,195,42.625,75.57576615,5711.696429,0,0,0,1,0,0,0,0,0,48.71428571,51.75,44.66666667,92,0,0,0,0,0,0,4,207,3,134,8192,237,3,20,0.0,0.0,0,0,0.0,0.0,0,0,Bot
64,1,1,6,6,6,6,6.0,0.0,6,6,6.0,0.0,187500.0,31250.0,64.0,0.0,64,64,0,0.0,0.0,0,0,0,0.0,0.0,0,0,0,0,0,0,20,20,15625.0,15625.0,6,6,6.0,0.0,0.0,0,0,0,0,1,1,0,0,1,9.0,6.0,6.0,20,0,0,0,0,0,0,1,6,1,6,237,256,0,20,0.0,0.0,0,0,0.0,0.0,0,0,Bot
89088,4,3,210,134,198,0,52.5,97.04122835,128,0,44.66666667,72.23111056,3861.350575,78.57399425,14848.0,35391.73998,87088,18,89088,29696.0,50647.05958,88176,18,87641,43820.5,61189.48531,87088,553,0,0,0,0,92,72,44.89942529,33.67456897,0,198,43.0,76.44232186,5843.428571,0,0,0,1,0,0,0,0,0,49.14285714,52.5,44.66666667,92,0,0,0,0,0,0,4,210,3,134,8192,237,3,20,0.0,0.0,0,0,0.0,0.0,0,0,Bot
21,1,1,6,6,6,6,6.0,0.0,6,6,6.0,0.0,571428.5714,95238.09524,21.0,0.0,21,21,0,0.0,0.0,0,0,0,0.0,0.0,0,0,0,0,0,0,20,20,47619.04762,47619.04762,6,6,6.0,0.0,0.0,0,0,0,0,1,1,0,0,1,9.0,6.0,6.0,20,0,0,0,0,0,0,1,6,1,6,237,16393,0,20,0.0,0.0,0,0,0.0,0.0,0,0,Bot
64922,4,3,207,134,195,0,51.75,95.54187564,128,0,44.66666667,72.23111056,5252.456794,107.8216937,10820.33333,25439.65414,62744,38,64922,21640.66667,36649.71528,63957,38,63286,31643.0,43983.456,62744,542,0,0,0,0,92,72,61.61239641,46.20929731,0,195,42.625,75.57576615,5711.696429,0,0,0,1,0,0,0,0,0,48.71428571,51.75,44.66666667,92,0,0,0,0,0,0,4,207,3,134,8192,237,3,20,0.0,0.0,0,0,0.0,0.0,0,0,Bot
36,1,1,6,6,6,6,6.0,0.0,6,6,6.0,0.0,333333.3333,55555.55556,36.0,0.0,36,36,0,0.0,0.0,0,0,0,0.0,0.0,0,0,0,0,0,0,20,20,27777.77778,27777.77778,6,6,6.0,0.0,0.0,0,0,0,0,1,1,0,0,1,9.0,6.0,6.0,20,0,0,0,0,0,0,1,6,1,6,237,256,0,20,0.0,0.0,0,0,0.0,0.0,0,0,Bot
61073,4,3,208,134,196,0,52.0,96.04165763,128,0,44.66666667,72.23111056,5599.85591,114.6169338,10178.83333,23665.36227,58473,41,61073,20357.66667,34757.385310000005,60491,41,59093,29546.5,40908.24861,58473,620,0,0,0,0,92,72,65.49539076,49.12154307,0,196,42.75,75.86407017,5755.357143,0,0,0,1,0,0,0,0,0,48.85714286,52.0,44.66666667,92,0,0,0,0,0,0,4,208,3,134,8192,237,3,20,0.0,0.0,0,0,0.0,0.0,0,0,Bot
61861,4,3,206,134,194,0,51.5,95.04209594,128,0,44.66666667,72.23111056,5496.193078,113.1569163,10310.16667,24205.79858,59716,66,61861,20620.33333,35050.07712,61091,66,60372,30186.0,41761.7265,59716,656,0,0,0,0,92,72,64.66109504,48.49582128,0,194,42.5,75.2880184,5668.285714,0,0,0,1,0,0,0,0,0,48.57142857,51.5,44.66666667,92,0,0,0,0,0,0,4,206,3,134,8192,237,3,20,0.0,0.0,0,0,0.0,0.0,0,0,Bot
51,1,1,6,6,6,6,6.0,0.0,6,6,6.0,0.0,235294.1176,39215.68627,51.0,0.0,51,51,0,0.0,0.0,0,0,0,0.0,0.0,0,0,0,0,0,0,20,20,19607.84314,19607.84314,6,6,6.0,0.0,0.0,0,0,0,0,1,1,0,0,1,9.0,6.0,6.0,20,0,0,0,0,0,0,1,6,1,6,237,256,0,20,0.0,0.0,0,0,0.0,0.0,0,0,Bot
81,1,1,6,6,6,6,6.0,0.0,6,6,6.0,0.0,148148.1481,24691.35802,81.0,0.0,81,81,0,0.0,0.0,0,0,0,0.0,0.0,0,0,0,0,0,0,20,20,12345.67901,12345.67901,6,6,6.0,0.0,0.0,0,0,0,0,1,1,0,0,1,9.0,6.0,6.0,20,0,0,0,0,0,0,1,6,1,6,237,256,0,20,0.0,0.0,0,0,0.0,0.0,0,0,Bot
130527,4,3,207,134,195,0,51.75,95.54187564,128,0,44.66666667,72.23111056,2612.486306,53.62875114,21754.5,52341.14724,128594,53,130527,43509.0,74723.93176,129792,53,129208,64604.0,90495.52586,128594,614,0,0,0,0,92,72,30.64500065,22.98375049,0,195,42.625,75.57576615,5711.696429,0,0,0,1,0,0,0,0,0,48.71428571,51.75,44.66666667,92,0,0,0,0,0,0,4,207,3,134,8192,237,3,20,0.0,0.0,0,0,0.0,0.0,0,0,Bot
32,1,1,6,6,6,6,6.0,0.0,6,6,6.0,0.0,375000.0,62500.0,32.0,0.0,32,32,0,0.0,0.0,0,0,0,0.0,0.0,0,0,0,0,0,0,20,20,31250.0,31250.0,6,6,6.0,0.0,0.0,0,0,0,0,1,1,0,0,1,9.0,6.0,6.0,20,0,0,0,0,0,0,1,6,1,6,237,256,0,20,0.0,0.0,0,0,0.0,0.0,0,0,Bot
94191,4,3,210,134,198,0,52.5,97.04122835,128,0,44.66666667,72.23111056,3652.153603,74.31707913,15698.5,37640.44534,92530,3,94191,31397.0,53896.9368,93631,3,93098,46549.0,65026.95381,92530,568,0,0,0,0,92,72,42.46690236,31.85017677,0,198,43.0,76.44232186,5843.428571,0,0,0,1,0,0,0,0,0,49.14285714,52.5,44.66666667,92,0,0,0,0,0,0,4,210,3,134,8192,237,3,20,0.0,0.0,0,0,0.0,0.0,0,0,Bot
24,1,1,6,6,6,6,6.0,0.0,6,6,6.0,0.0,500000.0,83333.33333,24.0,0.0,24,24,0,0.0,0.0,0,0,0,0.0,0.0,0,0,0,0,0,0,20,20,41666.66667,41666.66667,6,6,6.0,0.0,0.0,0,0,0,0,1,1,0,0,1,9.0,6.0,6.0,20,0,0,0,0,0,0,1,6,1,6,237,16393,0,20,0.0,0.0,0,0,0.0,0.0,0,0,Bot
1028846,3,3,0,18,0,0,0.0,0.0,6,6,6.0,0.0,17.49532972,5.831776573,205769.2,280648.357,515066,568,1028278,514139.0,2119.90613,515638,512640,1027541,513770.5,2635.386973,515634,511907,0,0,0,0,92,60,2.9158882860000004,2.9158882860000004,0,6,2.571428571,3.207134903,10.28571429,0,0,0,1,0,0,0,0,1,3.0,0.0,6.0,92,0,0,0,0,0,0,3,0,3,18,8192,0,0,28,0.0,0.0,0,0,0.0,0.0,0,0,Bot
996196,3,3,0,18,0,0,0.0,0.0,6,6,6.0,0.0,18.06873346,6.022911154,199239.2,271979.1705,498724,442,995616,497808.0,1920.502018,499166,496450,995372,497686.0,2288.197544,499304,496068,0,0,0,0,92,60,3.011455577,3.011455577,0,6,2.571428571,3.207134903,10.28571429,0,0,0,1,0,0,0,0,1,3.0,0.0,6.0,92,0,0,0,0,0,0,3,0,3,18,8192,0,0,28,0.0,0.0,0,0,0.0,0.0,0,0,Bot
1015419,3,3,0,18,0,0,0.0,0.0,6,6,6.0,0.0,17.72667244,5.908890812999999,203083.8,277496.0487,513150,396,1014870,507435.0,8671.957564,513567,501303,1015002,507501.0,8548.920984999999,513546,501456,0,0,0,0,92,60,2.954445406,2.954445406,0,6,2.571428571,3.207134903,10.28571429,0,0,0,1,0,0,0,0,1,3.0,0.0,6.0,92,0,0,0,0,0,0,3,0,3,18,8192,0,0,28,0.0,0.0,0,0,0.0,0.0,0,0,Bot
1010482,3,3,0,18,0,0,0.0,0.0,6,6,6.0,0.0,17.81328119,5.937760396,202096.4,276079.3943,509340,363,1009881,504940.5,6945.909912,509852,500029,1009970,504985.0,6672.259587,509703,500267,0,0,0,0,92,60,2.968880198,2.968880198,0,6,2.571428571,3.207134903,10.28571429,0,0,0,1,0,0,0,0,1,3.0,0.0,6.0,92,0,0,0,0,0,0,3,0,3,18,8192,0,0,28,0.0,0.0,0,0,0.0,0.0,0,0,Bot
1027892,3,3,0,18,0,0,0.0,0.0,6,6,6.0,0.0,17.51156736,5.837189121000001,205578.4,280757.0837,515121,504,1027372,513686.0,2742.160097,515625,511747,1027281,513640.5,2829.134232,515641,511640,0,0,0,0,92,60,2.9185945610000004,2.9185945610000004,0,6,2.571428571,3.207134903,10.28571429,0,0,0,1,0,0,0,0,1,3.0,0.0,6.0,92,0,0,0,0,0,0,3,0,3,18,8192,0,0,28,0.0,0.0,0,0,0.0,0.0,0,0,Bot
1035734,3,3,0,18,0,0,0.0,0.0,6,6,6.0,0.0,17.37897954,5.792993182000001,207146.8,282798.9402,521735,526,1035208,517604.0,6960.759154,522526,512682,1035147,517573.5,6629.126074,522261,512886,0,0,0,0,92,60,2.8964965910000005,2.8964965910000005,0,6,2.571428571,3.207134903,10.28571429,0,0,0,1,0,0,0,0,1,3.0,0.0,6.0,92,0,0,0,0,0,0,3,0,3,18,8192,0,0,28,0.0,0.0,0,0,0.0,0.0,0,0,Bot
1012721,3,3,0,18,0,0,0.0,0.0,6,6,6.0,0.0,17.77389824,5.924632747,202544.2,276749.1324,512455,326,1012248,506124.0,9799.085774,513053,499195,1012123,506061.5,9502.808032,512781,499342,0,0,0,0,92,60,2.962316373,2.962316373,0,6,2.571428571,3.207134903,10.28571429,0,0,0,1,0,0,0,0,1,3.0,0.0,6.0,92,0,0,0,0,0,0,3,0,3,18,8192,0,0,28,0.0,0.0,0,0,0.0,0.0,0,0,Bot
1029524,3,3,0,18,0,0,0.0,0.0,6,6,6.0,0.0,17.48380805,5.827936017000001,205904.8,281040.7391,515007,593,1028753,514376.5,1774.130914,515631,513122,1028931,514465.5,1856.155301,515778,513153,0,0,0,0,92,60,2.913968009,2.913968009,0,6,2.571428571,3.207134903,10.28571429,0,0,0,1,0,0,0,0,1,3.0,0.0,6.0,92,0,0,0,0,0,0,3,0,3,18,8192,0,0,28,0.0,0.0,0,0,0.0,0.0,0,0,Bot
996614,3,3,0,18,0,0,0.0,0.0,6,6,6.0,0.0,18.06115507,6.020385023999999,199322.8,272358.5884,498761,410,996172,498086.0,1535.835929,499172,497000,996204,498102.0,1557.049132,499203,497001,0,0,0,0,92,60,3.010192512,3.010192512,0,6,2.571428571,3.207134903,10.28571429,0,0,0,1,0,0,0,0,1,3.0,0.0,6.0,92,0,0,0,0,0,0,3,0,3,18,8192,0,0,28,0.0,0.0,0,0,0.0,0.0,0,0,Bot
1001746,3,3,0,18,0,0,0.0,0.0,6,6,6.0,0.0,17.96862678,5.989542258999999,200349.2,273672.1898,500358,349,1001397,500698.5,236.8807717,500866,500531,1001141,500570.5,193.0401513,500707,500434,0,0,0,0,92,60,2.99477113,2.99477113,0,6,2.571428571,3.207134903,10.28571429,0,0,0,1,0,0,0,0,1,3.0,0.0,6.0,92,0,0,0,0,0,0,3,0,3,18,8192,0,0,28,0.0,0.0,0,0,0.0,0.0,0,0,Bot
1001608,3,3,0,18,0,0,0.0,0.0,6,6,6.0,0.0,17.97110247,5.990367489,200321.6,273708.7448,500860,372,1001221,500610.5,878.9337289999999,501232,499989,1001236,500618.0,1107.329219,501401,499835,0,0,0,0,92,60,2.995183745,2.995183745,0,6,2.571428571,3.207134903,10.28571429,0,0,0,1,0,0,0,0,1,3.0,0.0,6.0,92,0,0,0,0,0,0,3,0,3,18,8192,0,0,28,0.0,0.0,0,0,0.0,0.0,0,0,Bot
1000171,3,3,0,18,0,0,0.0,0.0,6,6,6.0,0.0,17.99692253,5.998974175,200034.2,273297.9185,499672,401,999759,499879.5,273.6503243,500073,499686,999647,499823.5,368.402633,500084,499563,0,0,0,0,92,60,2.999487088,2.999487088,0,6,2.571428571,3.207134903,10.28571429,0,0,0,1,0,0,0,0,1,3.0,0.0,6.0,92,0,0,0,0,0,0,3,0,3,18,8192,0,0,28,0.0,0.0,0,0,0.0,0.0,0,0,Bot
1029535,3,3,0,18,0,0,0.0,0.0,6,6,6.0,0.0,17.48362125,5.827873749,205907.0,281324.2271,515212,383,1029007,514503.5,1543.614103,515595,513412,1029073,514536.5,1702.0060219999998,515740,513333,0,0,0,0,92,60,2.913936874,2.913936874,0,6,2.571428571,3.207134903,10.28571429,0,0,0,1,0,0,0,0,1,3.0,0.0,6.0,92,0,0,0,0,0,0,3,0,3,18,8192,0,0,28,0.0,0.0,0,0,0.0,0.0,0,0,Bot
997193,3,3,0,18,0,0,0.0,0.0,6,6,6.0,0.0,18.05066823,6.016889409,199438.6,272240.4304,498382,500,996641,498320.5,1240.972401,499198,497443,996693,498346.5,830.8504678999999,498934,497759,0,0,0,0,92,60,3.008444704,3.008444704,0,6,2.571428571,3.207134903,10.28571429,0,0,0,1,0,0,0,0,1,3.0,0.0,6.0,92,0,0,0,0,0,0,3,0,3,18,8192,0,0,28,0.0,0.0,0,0,0.0,0.0,0,0,Bot
1013842,3,3,0,18,0,0,0.0,0.0,6,6,6.0,0.0,17.75424573,5.91808191,202768.4,276895.1831,512555,454,1013296,506648.0,9403.105976,513297,499999,1013100,506550.0,9134.405399,513009,500091,0,0,0,0,92,60,2.959040955,2.959040955,0,6,2.571428571,3.207134903,10.28571429,0,0,0,1,0,0,0,0,1,3.0,0.0,6.0,92,0,0,0,0,0,0,3,0,3,18,8192,0,0,28,0.0,0.0,0,0,0.0,0.0,0,0,Bot
1012342,3,3,0,18,0,0,0.0,0.0,6,6,6.0,0.0,17.78055242,5.926850807,202468.4,276544.8508,511999,404,1011739,505869.5,9525.435449,512605,499134,1011736,505868.0,9241.88563,512403,499333,0,0,0,0,92,60,2.963425404,2.963425404,0,6,2.571428571,3.207134903,10.28571429,0,0,0,1,0,0,0,0,1,3.0,0.0,6.0,92,0,0,0,0,0,0,3,0,3,18,8192,0,0,28,0.0,0.0,0,0,0.0,0.0,0,0,Bot
1022331,3,3,0,18,0,0,0.0,0.0,6,6,6.0,0.0,17.60682206,5.868940686,204466.2,279276.6649,512637,351,1021680,510840.0,3307.845522,513179,508501,1021980,510990.0,3249.862766,513288,508692,0,0,0,0,92,60,2.934470343,2.934470343,0,6,2.571428571,3.207134903,10.28571429,0,0,0,1,0,0,0,0,1,3.0,0.0,6.0,92,0,0,0,0,0,0,3,0,3,18,8192,0,0,28,0.0,0.0,0,0,0.0,0.0,0,0,Bot
994480,3,3,0,18,0,0,0.0,0.0,6,6,6.0,0.0,18.09991151,6.033303837,198896.0,271816.4254,499631,351,994013,497006.5,4232.034085,499999,494014,994112,497056.0,4137.988884,499982,494130,0,0,0,0,92,60,3.016651919,3.016651919,0,6,2.571428571,3.207134903,10.28571429,0,0,0,1,0,0,0,0,1,3.0,0.0,6.0,92,0,0,0,0,0,0,3,0,3,18,8192,0,0,28,0.0,0.0,0,0,0.0,0.0,0,0,Bot
1020607,3,3,0,18,0,0,0.0,0.0,6,6,6.0,0.0,17.63656334,5.878854446,204121.4,278797.7246,509596,494,1020107,510053.5,51.61879503,510090,510017,1020113,510056.5,133.6431816,510151,509962,0,0,0,0,92,60,2.939427223,2.939427223,0,6,2.571428571,3.207134903,10.28571429,0,0,0,1,0,0,0,0,1,3.0,0.0,6.0,92,0,0,0,0,0,0,3,0,3,18,8192,0,0,28,0.0,0.0,0,0,0.0,0.0,0,0,Bot
1013740,3,3,0,18,0,0,0.0,0.0,6,6,6.0,0.0,17.75603212,5.918677373,202748.0,277026.3736,512781,420,1013320,506660.0,9427.147607,513326,499994,1013195,506597.5,9354.315608,513212,499983,0,0,0,0,92,60,2.959338686,2.959338686,0,6,2.571428571,3.207134903,10.28571429,0,0,0,1,0,0,0,0,1,3.0,0.0,6.0,92,0,0,0,0,0,0,3,0,3,18,8192,0,0,28,0.0,0.0,0,0,0.0,0.0,0,0,Bot
1001916,3,3,0,18,0,0,0.0,0.0,6,6,6.0,0.0,17.96557795,5.988525984,200383.2,273737.5904,500682,351,1001303,500651.5,539.522474,501033,500270,1001459,500729.5,799.7377695,501295,500164,0,0,0,0,92,60,2.994262992,2.994262992,0,6,2.571428571,3.207134903,10.28571429,0,0,0,1,0,0,0,0,1,3.0,0.0,6.0,92,0,0,0,0,0,0,3,0,3,18,8192,0,0,28,0.0,0.0,0,0,0.0,0.0,0,0,Bot
1029804,3,3,0,18,0,0,0.0,0.0,6,6,6.0,0.0,17.47905427,5.826351422,205960.8,281095.1613,515161,473,1029038,514519.0,1576.848122,515634,513404,1029006,514503.0,2013.840113,515927,513079,0,0,0,0,92,60,2.913175711,2.913175711,0,6,2.571428571,3.207134903,10.28571429,0,0,0,1,0,0,0,0,1,3.0,0.0,6.0,92,0,0,0,0,0,0,3,0,3,18,8192,0,0,28,0.0,0.0,0,0,0.0,0.0,0,0,Bot
996668,3,3,0,18,0,0,0.0,0.0,6,6,6.0,0.0,18.06017651,6.0200588360000005,199333.6,272390.1145,499589,351,996317,498158.5,2646.700682,500030,496287,996229,498114.5,2581.646858,499940,496289,0,0,0,0,92,60,3.010029418,3.010029418,0,6,2.571428571,3.207134903,10.28571429,0,0,0,1,0,0,0,0,1,3.0,0.0,6.0,92,0,0,0,0,0,0,3,0,3,18,8192,0,0,28,0.0,0.0,0,0,0.0,0.0,0,0,Bot
1019239,3,3,0,18,0,0,0.0,0.0,6,6,6.0,0.0,17.66023474,5.886744915,203847.8,278488.6442,513605,387,1018751,509375.5,6528.716911,513992,504759,1018852,509426.0,6721.757062000002,514179,504673,0,0,0,0,92,60,2.943372457,2.943372457,0,6,2.571428571,3.207134903,10.28571429,0,0,0,1,0,0,0,0,1,3.0,0.0,6.0,92,0,0,0,0,0,0,3,0,3,18,8192,0,0,28,0.0,0.0,0,0,0.0,0.0,0,0,Bot
997657,3,3,0,18,0,0,0.0,0.0,6,6,6.0,0.0,18.04227305,6.014091015,199531.4,272578.1909,505525,464,997181,498590.5,10622.86517,506102,491079,997080,498540.0,10534.47683,505989,491091,0,0,0,0,92,60,3.007045508,3.007045508,0,6,2.571428571,3.207134903,10.28571429,0,0,0,1,0,0,0,0,1,3.0,0.0,6.0,92,0,0,0,0,0,0,3,0,3,18,8192,0,0,28,0.0,0.0,0,0,0.0,0.0,0,0,Bot
1000160,3,3,0,18,0,0,0.0,0.0,6,6,6.0,0.0,17.99712046,5.999040153999999,200032.0,273108.1811,499324,506,999609,499804.5,294.8635278,500013,499596,999654,499827.0,67.88225099,499875,499779,0,0,0,0,92,60,2.999520077,2.999520077,0,6,2.571428571,3.207134903,10.28571429,0,0,0,1,0,0,0,0,1,3.0,0.0,6.0,92,0,0,0,0,0,0,3,0,3,18,8192,0,0,28,0.0,0.0,0,0,0.0,0.0,0,0,Bot
1013985,3,3,0,18,0,0,0.0,0.0,6,6,6.0,0.0,17.75174189,5.917247297,202797.0,277016.7066,512812,397,1013390,506695.0,9459.674519,513384,500006,1013413,506706.5,9195.923689,513209,500204,0,0,0,0,92,60,2.958623648,2.958623648,0,6,2.571428571,3.207134903,10.28571429,0,0,0,1,0,0,0,0,1,3.0,0.0,6.0,92,0,0,0,0,0,0,3,0,3,18,8192,0,0,28,0.0,0.0,0,0,0.0,0.0,0,0,Bot
991785,3,3,0,18,0,0,0.0,0.0,6,6,6.0,0.0,18.14909481,6.0496982710000005,198357.0,270926.5333,499475,480,991305,495652.5,6196.3767240000025,500034,491271,991285,495642.5,6098.795988,499955,491330,0,0,0,0,92,60,3.0248491360000003,3.0248491360000003,0,6,2.571428571,3.207134903,10.28571429,0,0,0,1,0,0,0,0,1,3.0,0.0,6.0,92,0,0,0,0,0,0,3,0,3,18,8192,0,0,28,0.0,0.0,0,0,0.0,0.0,0,0,Bot
1029502,3,3,0,18,0,0,0.0,0.0,6,6,6.0,0.0,17.48418167,5.828060557000001,205900.4,281051.2022,515030,512,1028990,514495.0,1583.91919,515615,513375,1028647,514323.5,1723.2192260000006,515542,513105,0,0,0,0,92,60,2.914030279,2.914030279,0,6,2.571428571,3.207134903,10.28571429,0,0,0,1,0,0,0,0,1,3.0,0.0,6.0,92,0,0,0,0,0,0,3,0,3,18,8192,0,0,28,0.0,0.0,0,0,0.0,0.0,0,0,Bot
992799,3,3,0,18,0,0,0.0,0.0,6,6,6.0,0.0,18.13055815,6.043519383,198559.8,271220.8428,499487,483,992308,496154.0,5448.964856000001,500007,492301,992316,496158.0,5402.295808,499978,492338,0,0,0,0,92,60,3.021759692,3.021759692,0,6,2.571428571,3.207134903,10.28571429,0,0,0,1,0,0,0,0,1,3.0,0.0,6.0,92,0,0,0,0,0,0,3,0,3,18,8192,0,0,28,0.0,0.0,0,0,0.0,0.0,0,0,Bot
1008853,3,3,0,18,0,0,0.0,0.0,6,6,6.0,0.0,17.84204438,5.947348127000001,201770.6,275542.649,507066,472,1008350,504175.0,5045.913990999999,507743,500607,1008176,504088.0,4879.03679,507538,500638,0,0,0,0,92,60,2.973674064,2.973674064,0,6,2.571428571,3.207134903,10.28571429,0,0,0,1,0,0,0,0,1,3.0,0.0,6.0,92,0,0,0,0,0,0,3,0,3,18,8192,0,0,28,0.0,0.0,0,0,0.0,0.0,0,0,Bot
1003669,3,3,0,18,0,0,0.0,0.0,6,6,6.0,0.0,17.93419942,5.978066473999999,200733.8,274095.7472,501312,368,1003134,501567.0,749.5331881,502097,501037,1002884,501442.0,336.5828278,501680,501204,0,0,0,0,92,60,2.989033237,2.989033237,0,6,2.571428571,3.207134903,10.28571429,0,0,0,1,0,0,0,0,1,3.0,0.0,6.0,92,0,0,0,0,0,0,3,0,3,18,8192,0,0,28,0.0,0.0,0,0,0.0,0.0,0,0,Bot
1009722,3,3,0,18,0,0,0.0,0.0,6,6,6.0,0.0,17.82668893,5.942229642999999,201944.4,275718.8285,509185,444,1008882,504441.0,7464.219181999999,509719,499163,1009188,504594.0,7120.565287,509629,499559,0,0,0,0,92,60,2.971114822,2.971114822,0,6,2.571428571,3.207134903,10.28571429,0,0,0,1,0,0,0,0,1,3.0,0.0,6.0,92,0,0,0,0,0,0,3,0,3,18,8192,0,0,28,0.0,0.0,0,0,0.0,0.0,0,0,Bot
1029352,3,3,0,18,0,0,0.0,0.0,6,6,6.0,0.0,17.48672952,5.828909838,205870.4,281285.4485,515094,336,1029016,514508.0,1557.049132,515609,513407,1028855,514427.5,1417.749096,515430,513425,0,0,0,0,92,60,2.914454919,2.914454919,0,6,2.571428571,3.207134903,10.28571429,0,0,0,1,0,0,0,0,1,3.0,0.0,6.0,92,0,0,0,0,0,0,3,0,3,18,8192,0,0,28,0.0,0.0,0,0,0.0,0.0,0,0,Bot
994861,3,3,0,18,0,0,0.0,0.0,6,6,6.0,0.0,18.09297982,6.030993274,198972.2,271845.418,499648,382,994323,497161.5,4056.671604,500030,494293,994431,497215.5,4200.921386999999,500186,494245,0,0,0,0,92,60,3.015496637,3.015496637,0,6,2.571428571,3.207134903,10.28571429,0,0,0,1,0,0,0,0,1,3.0,0.0,6.0,92,0,0,0,0,0,0,3,0,3,18,8192,0,0,28,0.0,0.0,0,0,0.0,0.0,0,0,Bot
1045102,3,3,0,18,0,0,0.0,0.0,6,6,6.0,0.0,17.22319927,5.741066422,209020.4,285348.6393,528029,517,1044584,522292.0,9441.289742,528968,515616,1044163,522081.5,9142.183574,528546,515617,0,0,0,0,92,60,2.870533211,2.870533211,0,6,2.571428571,3.207134903,10.28571429,0,0,0,1,0,0,0,0,1,3.0,0.0,6.0,92,0,0,0,0,0,0,3,0,3,18,8192,0,0,28,0.0,0.0,0,0,0.0,0.0,0,0,Bot
997130,3,3,0,18,0,0,0.0,0.0,6,6,6.0,0.0,18.05180869,6.017269563999999,199426.0,272248.9265,498524,546,996584,498292.0,1277.034847,499195,497389,996535,498267.5,1134.906384,499070,497465,0,0,0,0,92,60,3.008634782,3.008634782,0,6,2.571428571,3.207134903,10.28571429,0,0,0,1,0,0,0,0,1,3.0,0.0,6.0,92,0,0,0,0,0,0,3,0,3,18,8192,0,0,28,0.0,0.0,0,0,0.0,0.0,0,0,Bot
1003811,3,3,0,18,0,0,0.0,0.0,6,6,6.0,0.0,17.93166243,5.9772208110000005,200762.2,274164.4472,501636,476,1003326,501663.0,634.9818895,502112,501214,1003149,501574.5,772.8677117999997,502121,501028,0,0,0,0,92,60,2.9886104060000003,2.9886104060000003,0,6,2.571428571,3.207134903,10.28571429,0,0,0,1,0,0,0,0,1,3.0,0.0,6.0,92,0,0,0,0,0,0,3,0,3,18,8192,0,0,28,0.0,0.0,0,0,0.0,0.0,0,0,Bot
1000916,3,3,0,18,0,0,0.0,0.0,6,6,6.0,0.0,17.98352709,5.99450903,200183.2,273577.0358,508666,361,1000439,500219.5,12640.94793,509158,491281,1000424,500212.0,12466.29255,509027,491397,0,0,0,0,92,60,2.997254515,2.997254515,0,6,2.571428571,3.207134903,10.28571429,0,0,0,1,0,0,0,0,1,3.0,0.0,6.0,92,0,0,0,0,0,0,3,0,3,18,8192,0,0,28,0.0,0.0,0,0,0.0,0.0,0,0,Bot
1025085,3,3,0,18,0,0,0.0,0.0,6,6,6.0,0.0,17.55951945,5.853173151,205017.0,280007.507,514389,441,1024549,512274.5,3614.022759,514830,509719,1024463,512231.5,3809.18423,514925,509538,0,0,0,0,92,60,2.926586576,2.926586576,0,6,2.571428571,3.207134903,10.28571429,0,0,0,1,0,0,0,0,1,3.0,0.0,6.0,92,0,0,0,0,0,0,3,0,3,18,8192,0,0,28,0.0,0.0,0,0,0.0,0.0,0,0,Bot
1029264,3,3,0,18,0,0,0.0,0.0,6,6,6.0,0.0,17.488224600000002,5.829408197999999,205852.8,281023.7153,514868,499,1028765,514382.5,1796.7583309999998,515653,513112,1028679,514339.5,1453.104435,515367,513312,0,0,0,0,92,60,2.914704099,2.914704099,0,6,2.571428571,3.207134903,10.28571429,0,0,0,1,0,0,0,0,1,3.0,0.0,6.0,92,0,0,0,0,0,0,3,0,3,18,8192,0,0,28,0.0,0.0,0,0,0.0,0.0,0,0,Bot
997096,3,3,0,18,0,0,0.0,0.0,6,6,6.0,0.0,18.05242424,6.0174747470000005,199419.2,272275.8395,498642,488,996608,498304.0,1265.721138,499199,497409,996408,498204.0,1309.561759,499130,497278,0,0,0,0,92,60,3.008737373,3.008737373,0,6,2.571428571,3.207134903,10.28571429,0,0,0,1,0,0,0,0,1,3.0,0.0,6.0,92,0,0,0,0,0,0,3,0,3,18,8192,0,0,28,0.0,0.0,0,0,0.0,0.0,0,0,Bot
1060942,3,3,0,18,0,0,0.0,0.0,6,6,6.0,0.0,16.96605469,5.655351565,212188.4,289666.199,530865,367,1060230,530115.0,1579.676549,531232,528998,1060079,530039.5,2174.353352,531577,528502,0,0,0,0,92,60,2.827675782,2.827675782,0,6,2.571428571,3.207134903,10.28571429,0,0,0,1,0,0,0,0,1,3.0,0.0,6.0,92,0,0,0,0,0,0,3,0,3,18,8192,0,0,28,0.0,0.0,0,0,0.0,0.0,0,0,Bot
942145,3,3,0,18,0,0,0.0,0.0,6,6,6.0,0.0,19.10533941,6.368446471,188429.0,257772.8304,496506,515,941354,470677.0,37256.04209,497021,444333,941428,470714.0,37594.03913000001,497297,444131,0,0,0,0,92,60,3.184223235,3.184223235,0,6,2.571428571,3.207134903,10.28571429,0,0,0,1,0,0,0,0,1,3.0,0.0,6.0,92,0,0,0,0,0,0,3,0,3,18,8192,0,0,28,0.0,0.0,0,0,0.0,0.0,0,0,Bot
1011196,3,3,0,18,0,0,0.0,0.0,6,6,6.0,0.0,17.80070333,5.933567775,202239.2,276057.1803,505944,570,1010626,505313.0,1960.099997,506699,503927,1010611,505305.5,1709.0770899999998,506514,504097,0,0,0,0,92,60,2.966783888,2.966783888,0,6,2.571428571,3.207134903,10.28571429,0,0,0,1,0,0,0,0,1,3.0,0.0,6.0,92,0,0,0,0,0,0,3,0,3,18,8192,0,0,28,0.0,0.0,0,0,0.0,0.0,0,0,Bot
1002729,3,3,0,18,0,0,0.0,0.0,6,6,6.0,0.0,17.95101169,5.983670563,200545.8,273626.4819,501049,585,1001954,500977.0,929.1383105,501634,500320,1001936,500968.0,1210.566809,501824,500112,0,0,0,0,92,60,2.991835282,2.991835282,0,6,2.571428571,3.207134903,10.28571429,0,0,0,1,0,0,0,0,1,3.0,0.0,6.0,92,0,0,0,0,0,0,3,0,3,18,8192,0,0,28,0.0,0.0,0,0,0.0,0.0,0,0,Bot
1025028,3,3,0,18,0,0,0.0,0.0,6,6,6.0,0.0,17.56049591,5.853498636,205005.6,279948.1181,514121,486,1024542,512271.0,3572.303459,514797,509745,1024497,512248.5,3335.422687,514607,509890,0,0,0,0,92,60,2.926749318,2.926749318,0,6,2.571428571,3.207134903,10.28571429,0,0,0,1,0,0,0,0,1,3.0,0.0,6.0,92,0,0,0,0,0,0,3,0,3,18,8192,0,0,28,0.0,0.0,0,0,0.0,0.0,0,0,Bot
1029290,3,3,0,18,0,0,0.0,0.0,6,6,6.0,0.0,17.48778284,5.829260947000001,205858.0,281181.6107,515124,466,1028707,514353.5,1782.6161949999994,515614,513093,1028824,514412.0,1831.406563,515707,513117,0,0,0,0,92,60,2.9146304730000003,2.9146304730000003,0,6,2.571428571,3.207134903,10.28571429,0,0,0,1,0,0,0,0,1,3.0,0.0,6.0,92,0,0,0,0,0,0,3,0,3,18,8192,0,0,28,0.0,0.0,0,0,0.0,0.0,0,0,Bot
1000612,3,3,0,18,0,0,0.0,0.0,6,6,6.0,0.0,17.98899074,5.996330246,200122.4,273388.5309,499723,319,1000293,500146.5,163.3416665,500262,500031,1000073,500036.5,327.3904397,500268,499805,0,0,0,0,92,60,2.998165123,2.998165123,0,6,2.571428571,3.207134903,10.28571429,0,0,0,1,0,0,0,0,1,3.0,0.0,6.0,92,0,0,0,0,0,0,3,0,3,18,8192,0,0,28,0.0,0.0,0,0,0.0,0.0,0,0,Bot
1022099,3,3,0,18,0,0,0.0,0.0,6,6,6.0,0.0,17.61081852,5.87027284,204419.8,278715.4938,515339,654,1021445,510722.5,7507.352695999999,516031,505414,1020758,510379.0,7939.394939,515993,504765,0,0,0,0,92,60,2.93513642,2.93513642,0,6,2.571428571,3.207134903,10.28571429,0,0,0,1,0,0,0,0,1,3.0,0.0,6.0,92,0,0,0,0,0,0,3,0,3,18,8192,0,0,28,0.0,0.0,0,0,0.0,0.0,0,0,Bot
997021,3,3,0,18,0,0,0.0,0.0,6,6,6.0,0.0,18.05378222,6.017927406,199404.2,272302.4053,498711,498,996487,498243.5,1365.423194,499209,497278,996423,498211.5,1461.589717,499245,497178,0,0,0,0,92,60,3.008963703,3.008963703,0,6,2.571428571,3.207134903,10.28571429,0,0,0,1,0,0,0,0,1,3.0,0.0,6.0,92,0,0,0,0,0,0,3,0,3,18,8192,0,0,28,0.0,0.0,0,0,0.0,0.0,0,0,Bot
1022123,3,3,0,18,0,0,0.0,0.0,6,6,6.0,0.0,17.61040501,5.870135003,204424.6,279215.0235,513823,505,1021618,510809.0,5013.387079,514354,507264,1021592,510796.0,5034.600282,514356,507236,0,0,0,0,92,60,2.935067502,2.935067502,0,6,2.571428571,3.207134903,10.28571429,0,0,0,1,0,0,0,0,1,3.0,0.0,6.0,92,0,0,0,0,0,0,3,0,3,18,8192,0,0,28,0.0,0.0,0,0,0.0,0.0,0,0,Bot
1002195,3,3,0,18,0,0,0.0,0.0,6,6,6.0,0.0,17.96057653,5.986858845,200439.0,273552.3626,500404,568,1001627,500813.5,419.3143212,501110,500517,1001489,500744.5,536.6940469,501124,500365,0,0,0,0,92,60,2.993429422,2.993429422,0,6,2.571428571,3.207134903,10.28571429,0,0,0,1,0,0,0,0,1,3.0,0.0,6.0,92,0,0,0,0,0,0,3,0,3,18,8192,0,0,28,0.0,0.0,0,0,0.0,0.0,0,0,Bot
1000638,3,3,0,18,0,0,0.0,0.0,6,6,6.0,0.0,17.98852332,5.996174441,200127.6,273177.9093,499393,543,1000095,500047.5,20.50609665,500062,500033,999941,499970.5,48.7903679,500005,499936,0,0,0,0,92,60,2.99808722,2.99808722,0,6,2.571428571,3.207134903,10.28571429,0,0,0,1,0,0,0,0,1,3.0,0.0,6.0,92,0,0,0,0,0,0,3,0,3,18,8192,0,0,28,0.0,0.0,0,0,0.0,0.0,0,0,Bot
1024884,3,3,0,18,0,0,0.0,0.0,6,6,6.0,0.0,17.56296322,5.854321074,204976.8,279976.9472,514466,343,1024541,512270.5,3891.208617,515022,509519,1024236,512118.0,3805.648696,514809,509427,0,0,0,0,92,60,2.927160537,2.927160537,0,6,2.571428571,3.207134903,10.28571429,0,0,0,1,0,0,0,0,1,3.0,0.0,6.0,92,0,0,0,0,0,0,3,0,3,18,8192,0,0,28,0.0,0.0,0,0,0.0,0.0,0,0,Bot
1012720,3,3,0,18,0,0,0.0,0.0,6,6,6.0,0.0,17.77391579,5.924638597,202544.0,276562.0593,514133,579,1012141,506070.5,12345.37729,514800,497341,1012101,506050.5,12249.21077,514712,497389,0,0,0,0,92,60,2.962319299,2.962319299,0,6,2.571428571,3.207134903,10.28571429,0,0,0,1,0,0,0,0,1,3.0,0.0,6.0,92,0,0,0,0,0,0,3,0,3,18,8192,0,0,28,0.0,0.0,0,0,0.0,0.0,0,0,Bot
1029407,3,3,0,18,0,0,0.0,0.0,6,6,6.0,0.0,17.48579522,5.828598407,205881.4,281154.0814,515200,416,1028936,514468.0,1623.51717,515616,513320,1028624,514312.0,1921.916231,515671,512953,0,0,0,0,92,60,2.914299203,2.914299203,0,6,2.571428571,3.207134903,10.28571429,0,0,0,1,0,0,0,0,1,3.0,0.0,6.0,92,0,0,0,0,0,0,3,0,3,18,8192,0,0,28,0.0,0.0,0,0,0.0,0.0,0,0,Bot
997987,3,3,0,18,0,0,0.0,0.0,6,6,6.0,0.0,18.03630709,6.012102362,199597.4,272516.4858,499613,423,997343,498671.5,1929.694406,500036,497307,997311,498655.5,2264.86302,500257,497054,0,0,0,0,92,60,3.006051181,3.006051181,0,6,2.571428571,3.207134903,10.28571429,0,0,0,1,0,0,0,0,1,3.0,0.0,6.0,92,0,0,0,0,0,0,3,0,3,18,8192,0,0,28,0.0,0.0,0,0,0.0,0.0,0,0,Bot
1002228,3,3,0,18,0,0,0.0,0.0,6,6,6.0,0.0,17.95998515,5.986661718,200445.6,273731.6384,500559,455,1001773,500886.5,185.9690835,501018,500755,1001521,500760.5,358.5031381,501014,500507,0,0,0,0,92,60,2.993330859,2.993330859,0,6,2.571428571,3.207134903,10.28571429,0,0,0,1,0,0,0,0,1,3.0,0.0,6.0,92,0,0,0,0,0,0,3,0,3,18,8192,0,0,28,0.0,0.0,0,0,0.0,0.0,0,0,Bot
1014177,3,3,0,18,0,0,0.0,0.0,6,6,6.0,0.0,17.7483812,5.916127067000001,202835.4,276871.6272,512874,543,1013634,506817.0,9636.451214,513631,500003,1013420,506710.0,9709.990319,513576,499844,0,0,0,0,92,60,2.958063533,2.958063533,0,6,2.571428571,3.207134903,10.28571429,0,0,0,1,0,0,0,0,1,3.0,0.0,6.0,92,0,0,0,0,0,0,3,0,3,18,8192,0,0,28,0.0,0.0,0,0,0.0,0.0,0,0,Bot
1025272,3,3,0,18,0,0,0.0,0.0,6,6,6.0,0.0,17.55631676,5.852105588,205054.4,279869.5372,514227,535,1024493,512246.5,3557.454216,514762,509731,1024573,512286.5,3845.953783,515006,509567,0,0,0,0,92,60,2.926052794,2.926052794,0,6,2.571428571,3.207134903,10.28571429,0,0,0,1,0,0,0,0,1,3.0,0.0,6.0,92,0,0,0,0,0,0,3,0,3,18,8192,0,0,28,0.0,0.0,0,0,0.0,0.0,0,0,Bot
1029772,3,3,0,18,0,0,0.0,0.0,6,6,6.0,0.0,17.47959743,5.826532475,205954.4,281149.993,515268,351,1028945,514472.5,1621.395849,515619,513326,1029052,514526.0,2218.901079,516095,512957,0,0,0,0,92,60,2.9132662380000003,2.9132662380000003,0,6,2.571428571,3.207134903,10.28571429,0,0,0,1,0,0,0,0,1,3.0,0.0,6.0,92,0,0,0,0,0,0,3,0,3,18,8192,0,0,28,0.0,0.0,0,0,0.0,0.0,0,0,Bot
997132,3,3,0,18,0,0,0.0,0.0,6,6,6.0,0.0,18.05177248,6.017257494,199426.4,272257.8792,498643,519,996613,498306.5,1279.156167,499211,497402,996425,498212.5,1342.795777,499162,497263,0,0,0,0,92,60,3.008628747,3.008628747,0,6,2.571428571,3.207134903,10.28571429,0,0,0,1,0,0,0,0,1,3.0,0.0,6.0,92,0,0,0,0,0,0,3,0,3,18,8192,0,0,28,0.0,0.0,0,0,0.0,0.0,0,0,Bot
1029392,3,3,0,18,0,0,0.0,0.0,6,6,6.0,0.0,17.48605002,5.828683339,205878.4,281005.889,515087,504,1028888,514444.0,1658.872509,515617,513271,1028440,514220.0,1938.886794,515591,512849,0,0,0,0,92,60,2.91434167,2.91434167,0,6,2.571428571,3.207134903,10.28571429,0,0,0,1,0,0,0,0,1,3.0,0.0,6.0,92,0,0,0,0,0,0,3,0,3,18,8192,0,0,28,0.0,0.0,0,0,0.0,0.0,0,0,Bot
996851,3,3,0,18,0,0,0.0,0.0,6,6,6.0,0.0,18.05686106,6.018953685,199370.2,272333.6784,498820,382,996445,498222.5,1385.222184,499202,497243,996179,498089.5,1607.2537140000006,499226,496953,0,0,0,0,92,60,3.0094768430000003,3.0094768430000003,0,6,2.571428571,3.207134903,10.28571429,0,0,0,1,0,0,0,0,1,3.0,0.0,6.0,92,0,0,0,0,0,0,3,0,3,18,8192,0,0,28,0.0,0.0,0,0,0.0,0.0,0,0,Bot
1021721,3,3,0,18,0,0,0.0,0.0,6,6,6.0,0.0,17.61733389,5.87244463,204344.2,279008.0164,512579,458,1021116,510558.0,3505.835421,513037,508079,1021014,510507.0,3785.849706,513184,507830,0,0,0,0,92,60,2.936222315,2.936222315,0,6,2.571428571,3.207134903,10.28571429,0,0,0,1,0,0,0,0,1,3.0,0.0,6.0,92,0,0,0,0,0,0,3,0,3,18,8192,0,0,28,0.0,0.0,0,0,0.0,0.0,0,0,Bot
1025246,3,3,0,18,0,0,0.0,0.0,6,6,6.0,0.0,17.55676199,5.852253996,205049.2,279984.0993,514308,500,1024529,512264.5,3597.052196,514808,509721,1024717,512358.5,3771.000464,515025,509692,0,0,0,0,92,60,2.926126998,2.926126998,0,6,2.571428571,3.207134903,10.28571429,0,0,0,1,0,0,0,0,1,3.0,0.0,6.0,92,0,0,0,0,0,0,3,0,3,18,8192,0,0,28,0.0,0.0,0,0,0.0,0.0,0,0,Bot
1009417,3,3,0,18,0,0,0.0,0.0,6,6,6.0,0.0,17.83207535,5.944025115,201883.4,275671.8246,506561,500,1008808,504404.0,3757.565435,507061,501747,1008828,504414.0,3897.572578,507170,501658,0,0,0,0,92,60,2.9720125580000003,2.9720125580000003,0,6,2.571428571,3.207134903,10.28571429,0,0,0,1,0,0,0,0,1,3.0,0.0,6.0,92,0,0,0,0,0,0,3,0,3,18,8192,0,0,28,0.0,0.0,0,0,0.0,0.0,0,0,Bot
1029441,3,3,0,18,0,0,0.0,0.0,6,6,6.0,0.0,17.48521771,5.828405902,205888.2,281247.8151,516403,496,1028945,514472.5,3438.6602770000004,516904,512041,1028940,514470.0,3435.124743,516899,512041,0,0,0,0,92,60,2.914202951,2.914202951,0,6,2.571428571,3.207134903,10.28571429,0,0,0,1,0,0,0,0,1,3.0,0.0,6.0,92,0,0,0,0,0,0,3,0,3,18,8192,0,0,28,0.0,0.0,0,0,0.0,0.0,0,0,Bot
993294,3,3,0,18,0,0,0.0,0.0,6,6,6.0,0.0,18.12152293,6.040507644,198658.8,271190.3971,499374,546,992707,496353.5,5292.694257,500096,492611,992748,496374.0,5072.784048,499961,492787,0,0,0,0,92,60,3.020253822,3.020253822,0,6,2.571428571,3.207134903,10.28571429,0,0,0,1,0,0,0,0,1,3.0,0.0,6.0,92,0,0,0,0,0,0,3,0,3,18,8192,0,0,28,0.0,0.0,0,0,0.0,0.0,0,0,Bot
1029650,3,3,0,18,0,0,0.0,0.0,6,6,6.0,0.0,17.48166853,5.827222843,205930.0,280748.4646,515019,609,1028976,514488.0,1612.2034609999994,515628,513348,1028227,514113.5,2233.750322,515693,512534,0,0,0,0,92,60,2.913611421,2.913611421,0,6,2.571428571,3.207134903,10.28571429,0,0,0,1,0,0,0,0,1,3.0,0.0,6.0,92,0,0,0,0,0,0,3,0,3,18,8192,0,0,28,0.0,0.0,0,0,0.0,0.0,0,0,Bot
996904,3,3,0,18,0,0,0.0,0.0,6,6,6.0,0.0,18.05590107,6.01863369,199380.8,272311.7412,498607,424,996480,498240.0,1354.816593,499198,497282,996380,498190.0,1189.353606,499031,497349,0,0,0,0,92,60,3.009316845,3.009316845,0,6,2.571428571,3.207134903,10.28571429,0,0,0,1,0,0,0,0,1,3.0,0.0,6.0,92,0,0,0,0,0,0,3,0,3,18,8192,0,0,28,0.0,0.0,0,0,0.0,0.0,0,0,Bot
1001817,3,3,0,18,0,0,0.0,0.0,6,6,6.0,0.0,17.96735332,5.989117772999999,200363.4,273588.1271,500470,457,1001264,500632.0,417.1930009,500927,500337,1001138,500569.0,642.0529573,501023,500115,0,0,0,0,92,60,2.994558887,2.994558887,0,6,2.571428571,3.207134903,10.28571429,0,0,0,1,0,0,0,0,1,3.0,0.0,6.0,92,0,0,0,0,0,0,3,0,3,18,8192,0,0,28,0.0,0.0,0,0,0.0,0.0,0,0,Bot
1005714,3,3,0,18,0,0,0.0,0.0,6,6,6.0,0.0,17.89773236,5.965910786,201142.8,274602.2641,504401,528,1005186,502593.0,3575.131886,505121,500065,1004994,502497.0,3497.35014,504970,500024,0,0,0,0,92,60,2.982955393,2.982955393,0,6,2.571428571,3.207134903,10.28571429,0,0,0,1,0,0,0,0,1,3.0,0.0,6.0,92,0,0,0,0,0,0,3,0,3,18,8192,0,0,28,0.0,0.0,0,0,0.0,0.0,0,0,Bot
1024999,3,3,0,18,0,0,0.0,0.0,6,6,6.0,0.0,17.56099274,5.853664247,204999.8,280192.1174,514383,370,1024621,512310.5,3454.216626,514753,509868,1024606,512303.0,3476.136936,514761,509845,0,0,0,0,92,60,2.926832124,2.926832124,0,6,2.571428571,3.207134903,10.28571429,0,0,0,1,0,0,0,0,1,3.0,0.0,6.0,92,0,0,0,0,0,0,3,0,3,18,8192,0,0,28,0.0,0.0,0,0,0.0,0.0,0,0,Bot
1029368,3,3,0,18,0,0,0.0,0.0,6,6,6.0,0.0,17.48645771,5.828819237,205873.6,281158.0243,515007,408,1028960,514480.0,1565.534414,515587,513373,1028719,514359.5,1492.702415,515415,513304,0,0,0,0,92,60,2.914409618,2.914409618,0,6,2.571428571,3.207134903,10.28571429,0,0,0,1,0,0,0,0,1,3.0,0.0,6.0,92,0,0,0,0,0,0,3,0,3,18,8192,0,0,28,0.0,0.0,0,0,0.0,0.0,0,0,Bot
997169,3,3,0,18,0,0,0.0,0.0,6,6,6.0,0.0,18.05110267,6.017034224,199433.8,272158.5087,498559,564,996605,498302.5,1262.185604,499195,497410,996335,498167.5,1351.281059,499123,497212,0,0,0,0,92,60,3.008517112,3.008517112,0,6,2.571428571,3.207134903,10.28571429,0,0,0,1,0,0,0,0,1,3.0,0.0,6.0,92,0,0,0,0,0,0,3,0,3,18,8192,0,0,28,0.0,0.0,0,0,0.0,0.0,0,0,Bot
61003896,10,10,413,256,413,0,41.3,130.6020674,256,0,25.6,80.95430809999998,10.9665127,0.327847913,3210731.368,4755442.875,10000000,41,60500000,6721470.0,5015273.783,10100000,127,61000000,6772520.444,4952988.279,10100000,774,0,0,0,0,328,328,0.1639239569999999,0.1639239569999999,0,413,31.85714286,103.6321792,10739.62857,0,0,0,1,0,0,0,0,1,33.45,41.3,25.6,328,0,0,0,0,0,0,10,413,10,256,29200,110,1,32,59809.66667000001,21491.2167,103678,50847,10000000.0,12608.76315,10000000,9997501,Bot
50856,1,1,0,0,0,0,0.0,0.0,0,0,0.0,0.0,0.0,39.32672644,50856.0,0.0,50856,50856,0,0.0,0.0,0,0,0,0.0,0.0,0,0,0,0,0,0,32,32,19.66336322,19.66336322,0,0,0.0,0.0,0.0,0,0,0,0,1,1,0,0,1,0.0,0.0,0.0,32,0,0,0,0,0,0,1,0,1,0,237,110,0,32,0.0,0.0,0,0,0.0,0.0,0,0,Bot
1003525,3,3,0,18,0,0,0.0,0.0,6,6,6.0,0.0,17.93677288,5.978924292,200705.0,273747.7061,500872,747,1002750,501375.0,479.4183976,501714,501036,1002683,501341.5,392.44426360000006,501619,501064,0,0,0,0,92,60,2.989462146,2.989462146,0,6,2.571428571,3.207134903,10.28571429,0,0,0,1,0,0,0,0,1,3.0,0.0,6.0,92,0,0,0,0,0,0,3,0,3,18,8192,0,0,28,0.0,0.0,0,0,0.0,0.0,0,0,Bot
998927,3,3,0,18,0,0,0.0,0.0,6,6,6.0,0.0,18.01933475,6.006444915,199785.4,272809.2372,499272,370,998180,499090.0,1028.13326,499817,498363,998557,499278.5,1047.225143,500019,498538,0,0,0,0,92,60,3.003222458,3.003222458,0,6,2.571428571,3.207134903,10.28571429,0,0,0,1,0,0,0,0,1,3.0,0.0,6.0,92,0,0,0,0,0,0,3,0,3,18,8192,0,0,28,0.0,0.0,0,0,0.0,0.0,0,0,Bot
1030566,3,3,0,18,0,0,0.0,0.0,6,6,6.0,0.0,17.46613026,5.822043421,206113.2,281424.5392,514970,432,1030134,515067.0,796.2022356000001,515630,514504,1029888,514944.0,647.7098116000002,515402,514486,0,0,0,0,92,60,2.91102171,2.91102171,0,6,2.571428571,3.207134903,10.28571429,0,0,0,1,0,0,0,0,1,3.0,0.0,6.0,92,0,0,0,0,0,0,3,0,3,18,8192,0,0,28,0.0,0.0,0,0,0.0,0.0,0,0,Bot
1001281,3,3,0,18,0,0,0.0,0.0,6,6,6.0,0.0,17.9769715,5.992323833,200256.2,273575.2766,509010,357,1000478,500239.0,12973.99522,509413,491065,1000878,500439.0,12626.09868,509367,491511,0,0,0,0,92,60,2.996161917,2.996161917,0,6,2.571428571,3.207134903,10.28571429,0,0,0,1,0,0,0,0,1,3.0,0.0,6.0,92,0,0,0,0,0,0,3,0,3,18,8192,0,0,28,0.0,0.0,0,0,0.0,0.0,0,0,Bot
999538,3,3,0,18,0,0,0.0,0.0,6,6,6.0,0.0,18.00831984,6.0027732810000005,199907.6,272951.3169,499445,563,998975,499487.5,758.7255762,500024,498951,998963,499481.5,744.5834406,500008,498955,0,0,0,0,92,60,3.0013866410000003,3.0013866410000003,0,6,2.571428571,3.207134903,10.28571429,0,0,0,1,0,0,0,0,1,3.0,0.0,6.0,92,0,0,0,0,0,0,3,0,3,18,8192,0,0,28,0.0,0.0,0,0,0.0,0.0,0,0,Bot
1002324,3,3,0,18,0,0,0.0,0.0,6,6,6.0,0.0,17.95826499,5.986088331,200464.8,273628.6958,500255,552,1001772,500886.0,212.1320344,501036,500736,1001753,500876.5,98.28784258,500946,500807,0,0,0,0,92,60,2.993044165,2.993044165,0,6,2.571428571,3.207134903,10.28571429,0,0,0,1,0,0,0,0,1,3.0,0.0,6.0,92,0,0,0,0,0,0,3,0,3,18,8192,0,0,28,0.0,0.0,0,0,0.0,0.0,0,0,Bot
994657,3,3,0,18,0,0,0.0,0.0,6,6,6.0,0.0,18.09669062,6.032230206,198931.4,271681.4195,499600,430,994097,497048.5,4216.477736,500030,494067,994058,497029.0,4427.902664,500160,493898,0,0,0,0,92,60,3.016115103,3.016115103,0,6,2.571428571,3.207134903,10.28571429,0,0,0,1,0,0,0,0,1,3.0,0.0,6.0,92,0,0,0,0,0,0,3,0,3,18,8192,0,0,28,0.0,0.0,0,0,0.0,0.0,0,0,Bot
1029319,3,3,0,18,0,0,0.0,0.0,6,6,6.0,0.0,17.48729014,5.829096712999999,205863.8,280913.0952,515065,560,1028699,514349.5,1803.829399,515625,513074,1028353,514176.5,2133.341159,515685,512668,0,0,0,0,92,60,2.914548357,2.914548357,0,6,2.571428571,3.207134903,10.28571429,0,0,0,1,0,0,0,0,1,3.0,0.0,6.0,92,0,0,0,0,0,0,3,0,3,18,8192,0,0,28,0.0,0.0,0,0,0.0,0.0,0,0,Bot
992727,3,3,0,18,0,0,0.0,0.0,6,6,6.0,0.0,18.13187311,6.043957703999999,198545.4,271141.6063,499486,478,992249,496124.5,5518.9684270000025,500027,492222,992120,496060.0,5521.089747999999,499964,492156,0,0,0,0,92,60,3.021978852,3.021978852,0,6,2.571428571,3.207134903,10.28571429,0,0,0,1,0,0,0,0,1,3.0,0.0,6.0,92,0,0,0,0,0,0,3,0,3,18,8192,0,0,28,0.0,0.0,0,0,0.0,0.0,0,0,Bot
1000712,3,3,0,18,0,0,0.0,0.0,6,6,6.0,0.0,17.98719312,5.995731039,200142.4,273413.6271,499697,382,1000319,500159.5,241.1234124,500330,499989,1000079,500039.5,55.86143571,500079,500000,0,0,0,0,92,60,2.99786552,2.99786552,0,6,2.571428571,3.207134903,10.28571429,0,0,0,1,0,0,0,0,1,3.0,0.0,6.0,92,0,0,0,0,0,0,3,0,3,18,8192,0,0,28,0.0,0.0,0,0,0.0,0.0,0,0,Bot
1000375,3,3,0,18,0,0,0.0,0.0,6,6,6.0,0.0,17.99325253,5.997750843,200075.0,273204.9203,500051,469,999707,499853.5,942.5733393,500520,499187,999848,499924.0,1124.299782,500719,499129,0,0,0,0,92,60,2.998875422,2.998875422,0,6,2.571428571,3.207134903,10.28571429,0,0,0,1,0,0,0,0,1,3.0,0.0,6.0,92,0,0,0,0,0,0,3,0,3,18,8192,0,0,28,0.0,0.0,0,0,0.0,0.0,0,0,Bot
1009525,3,3,0,18,0,0,0.0,0.0,6,6,6.0,0.0,17.83016765,5.943389217999999,201905.0,275714.7337,509156,544,1008951,504475.5,7455.026793999998,509747,499204,1008934,504467.0,7400.579572,509700,499234,0,0,0,0,92,60,2.971694609,2.971694609,0,6,2.571428571,3.207134903,10.28571429,0,0,0,1,0,0,0,0,1,3.0,0.0,6.0,92,0,0,0,0,0,0,3,0,3,18,8192,0,0,28,0.0,0.0,0,0,0.0,0.0,0,0,Bot
1002111,3,3,0,18,0,0,0.0,0.0,6,6,6.0,0.0,17.96208204,5.987360682,200422.2,273517.9085,500255,556,1001555,500777.5,369.8168466,501039,500516,1001432,500716.0,134.3502884,500811,500621,0,0,0,0,92,60,2.993680341,2.993680341,0,6,2.571428571,3.207134903,10.28571429,0,0,0,1,0,0,0,0,1,3.0,0.0,6.0,92,0,0,0,0,0,0,3,0,3,18,8192,0,0,28,0.0,0.0,0,0,0.0,0.0,0,0,Bot
993328,3,3,0,18,0,0,0.0,0.0,6,6,6.0,0.0,18.12090266,6.040300887999999,198665.6,271241.3764,499896,485,992843,496421.5,5991.315757,500658,492185,992804,496402.0,5627.155765,500381,492423,0,0,0,0,92,60,3.0201504439999995,3.0201504439999995,0,6,2.571428571,3.207134903,10.28571429,0,0,0,1,0,0,0,0,1,3.0,0.0,6.0,92,0,0,0,0,0,0,3,0,3,18,8192,0,0,28,0.0,0.0,0,0,0.0,0.0,0,0,Bot
1001557,3,3,0,18,0,0,0.0,0.0,6,6,6.0,0.0,17.97201757,5.990672523,200311.4,273162.2464,499576,438,1000734,500367.0,499.2173875,500720,500014,1000352,500176.0,315.3696244,500399,499953,0,0,0,0,92,60,2.9953362610000003,2.9953362610000003,0,6,2.571428571,3.207134903,10.28571429,0,0,0,1,0,0,0,0,1,3.0,0.0,6.0,92,0,0,0,0,0,0,3,0,3,18,8192,0,0,28,0.0,0.0,0,0,0.0,0.0,0,0,Bot
993810,3,3,0,18,0,0,0.0,0.0,6,6,6.0,0.0,18.11211399,6.037371329,198762.0,271519.026,499659,368,993242,496621.0,4816.811393,500027,493215,993304,496652.0,5055.8134850000015,500227,493077,0,0,0,0,92,60,3.018685664,3.018685664,0,6,2.571428571,3.207134903,10.28571429,0,0,0,1,0,0,0,0,1,3.0,0.0,6.0,92,0,0,0,0,0,0,3,0,3,18,8192,0,0,28,0.0,0.0,0,0,0.0,0.0,0,0,Bot
1000903,3,3,0,18,0,0,0.0,0.0,6,6,6.0,0.0,17.98376066,5.994586888,200180.6,273411.18,499844,360,1000543,500271.5,201.5254326,500414,500129,1000305,500152.5,72.83199846,500204,500101,0,0,0,0,92,60,2.997293444,2.997293444,0,6,2.571428571,3.207134903,10.28571429,0,0,0,1,0,0,0,0,1,3.0,0.0,6.0,92,0,0,0,0,0,0,3,0,3,18,8192,0,0,28,0.0,0.0,0,0,0.0,0.0,0,0,Bot
1014302,3,3,0,18,0,0,0.0,0.0,6,6,6.0,0.0,17.74619393,5.915397978,202860.4,277144.7465,513397,466,1013767,506883.5,9894.545189,513880,499887,1013819,506909.5,9833.734006,513863,499956,0,0,0,0,92,60,2.957698989,2.957698989,0,6,2.571428571,3.207134903,10.28571429,0,0,0,1,0,0,0,0,1,3.0,0.0,6.0,92,0,0,0,0,0,0,3,0,3,18,8192,0,0,28,0.0,0.0,0,0,0.0,0.0,0,0,Bot
1024441,3,3,0,18,0,0,0.0,0.0,6,6,6.0,0.0,17.57055799,5.856852664,204888.2,279871.708,514285,412,1024029,512014.5,3891.208617,514766,509263,1023822,511911.0,3939.998985,514697,509125,0,0,0,0,92,60,2.928426332,2.928426332,0,6,2.571428571,3.207134903,10.28571429,0,0,0,1,0,0,0,0,1,3.0,0.0,6.0,92,0,0,0,0,0,0,3,0,3,18,8192,0,0,28,0.0,0.0,0,0,0.0,0.0,0,0,Bot
1002156,3,3,0,18,0,0,0.0,0.0,6,6,6.0,0.0,17.96127549,5.98709183,200431.2,273702.3053,500486,516,1001584,500792.0,350.7249635,501040,500544,1001640,500820.0,336.5828278,501058,500582,0,0,0,0,92,60,2.993545915,2.993545915,0,6,2.571428571,3.207134903,10.28571429,0,0,0,1,0,0,0,0,1,3.0,0.0,6.0,92,0,0,0,0,0,0,3,0,3,18,8192,0,0,28,0.0,0.0,0,0,0.0,0.0,0,0,Bot
992615,3,3,0,18,0,0,0.0,0.0,6,6,6.0,0.0,18.13391899,6.044639664,198523.0,271181.9925,499290,354,992261,496130.5,5497.755224,500018,492243,992230,496115.0,4990.759662,499644,492586,0,0,0,0,92,60,3.022319832,3.022319832,0,6,2.571428571,3.207134903,10.28571429,0,0,0,1,0,0,0,0,1,3.0,0.0,6.0,92,0,0,0,0,0,0,3,0,3,18,8192,0,0,28,0.0,0.0,0,0,0.0,0.0,0,0,Bot
1000955,3,3,0,18,0,0,0.0,0.0,6,6,6.0,0.0,17.9828264,5.9942754670000005,200191.0,273428.1622,499780,376,1000548,500274.0,346.4823228,500519,500029,1000216,500108.0,67.88225099,500156,500060,0,0,0,0,92,60,2.997137733,2.997137733,0,6,2.571428571,3.207134903,10.28571429,0,0,0,1,0,0,0,0,1,3.0,0.0,6.0,92,0,0,0,0,0,0,3,0,3,18,8192,0,0,28,0.0,0.0,0,0,0.0,0.0,0,0,Bot
993100,3,3,0,18,0,0,0.0,0.0,6,6,6.0,0.0,18.12506293,6.041687645,198620.0,271080.4366,499563,470,992287,496143.5,5500.583651,500033,492254,992398,496199.0,5907.17005,500376,492022,0,0,0,0,92,60,3.020843822,3.020843822,0,6,2.571428571,3.207134903,10.28571429,0,0,0,1,0,0,0,0,1,3.0,0.0,6.0,92,0,0,0,0,0,0,3,0,3,18,8192,0,0,28,0.0,0.0,0,0,0.0,0.0,0,0,Bot
1009428,3,3,0,18,0,0,0.0,0.0,6,6,6.0,0.0,17.83188103,5.9439603420000005,201885.6,275561.3253,508778,607,1008804,504402.0,7047.026181,509385,499419,1008676,504338.0,7161.57748,509402,499274,0,0,0,0,92,60,2.971980171,2.971980171,0,6,2.571428571,3.207134903,10.28571429,0,0,0,1,0,0,0,0,1,3.0,0.0,6.0,92,0,0,0,0,0,0,3,0,3,18,8192,0,0,28,0.0,0.0,0,0,0.0,0.0,0,0,Bot
1015415,3,3,0,18,0,0,0.0,0.0,6,6,6.0,0.0,17.72674227,5.908914089,203083.0,277298.8767,513494,566,1014849,507424.5,9507.050673,514147,500702,1014762,507381.0,9475.230868,514081,500681,0,0,0,0,92,60,2.954457045,2.954457045,0,6,2.571428571,3.207134903,10.28571429,0,0,0,1,0,0,0,0,1,3.0,0.0,6.0,92,0,0,0,0,0,0,3,0,3,18,8192,0,0,28,0.0,0.0,0,0,0.0,0.0,0,0,Bot
1024737,3,3,0,18,0,0,0.0,0.0,6,6,6.0,0.0,17.56548266,5.855160885,204947.4,279770.4742,514198,581,1024004,512002.0,3949.89848,514795,509209,1024156,512078.0,4034.751293,514931,509225,0,0,0,0,92,60,2.927580443,2.927580443,0,6,2.571428571,3.207134903,10.28571429,0,0,0,1,0,0,0,0,1,3.0,0.0,6.0,92,0,0,0,0,0,0,3,0,3,18,8192,0,0,28,0.0,0.0,0,0,0.0,0.0,0,0,Bot
1028804,3,3,0,18,0,0,0.0,0.0,6,6,6.0,0.0,17.49604395,5.83201465,205760.8,280961.5296,515039,381,1028423,514211.5,2008.890365,515632,512791,1028047,514023.5,1974.94924,515420,512627,0,0,0,0,92,60,2.916007325,2.916007325,0,6,2.571428571,3.207134903,10.28571429,0,0,0,1,0,0,0,0,1,3.0,0.0,6.0,92,0,0,0,0,0,0,3,0,3,18,8192,0,0,28,0.0,0.0,0,0,0.0,0.0,0,0,Bot
993906,3,3,0,18,0,0,0.0,0.0,6,6,6.0,0.0,18.11036456,6.036788187000001,198781.2,271368.3621,499601,431,993288,496644.0,4791.355549,500032,493256,993124,496562.0,5171.778998,500219,492905,0,0,0,0,92,60,3.018394094,3.018394094,0,6,2.571428571,3.207134903,10.28571429,0,0,0,1,0,0,0,0,1,3.0,0.0,6.0,92,0,0,0,0,0,0,3,0,3,18,8192,0,0,28,0.0,0.0,0,0,0.0,0.0,0,0,Bot
1001993,3,3,0,18,0,0,0.0,0.0,6,6,6.0,0.0,17.96419735,5.988065785,200398.6,273566.8397,500274,504,1001489,500744.5,139.3000359,500843,500646,1001424,500712.0,466.6904756,501042,500382,0,0,0,0,92,60,2.994032892,2.994032892,0,6,2.571428571,3.207134903,10.28571429,0,0,0,1,0,0,0,0,1,3.0,0.0,6.0,92,0,0,0,0,0,0,3,0,3,18,8192,0,0,28,0.0,0.0,0,0,0.0,0.0,0,0,Bot
1028354,3,3,0,18,0,0,0.0,0.0,6,6,6.0,0.0,17.50370009,5.834566696,205670.8,280900.3253,514220,475,1027820,513910.0,1262.892711,514803,513017,1027879,513939.5,1151.876947,514754,513125,0,0,0,0,92,60,2.917283348,2.917283348,0,6,2.571428571,3.207134903,10.28571429,0,0,0,1,0,0,0,0,1,3.0,0.0,6.0,92,0,0,0,0,0,0,3,0,3,18,8192,0,0,28,0.0,0.0,0,0,0.0,0.0,0,0,Bot
1012495,3,3,0,18,0,0,0.0,0.0,6,6,6.0,0.0,17.77786557,5.92595519,202499.0,276579.1474,508270,452,1011907,505953.5,4008.588343,508788,503119,1011977,505988.5,3865.752773,508722,503255,0,0,0,0,92,60,2.962977595,2.962977595,0,6,2.571428571,3.207134903,10.28571429,0,0,0,1,0,0,0,0,1,3.0,0.0,6.0,92,0,0,0,0,0,0,3,0,3,18,8192,0,0,28,0.0,0.0,0,0,0.0,0.0,0,0,Bot
1016181,3,3,0,18,0,0,0.0,0.0,6,6,6.0,0.0,17.713379800000002,5.904459934,203236.2,277682.9715,514106,388,1015609,507804.5,9569.27607,514571,501038,1015716,507858.0,9384.7212,514494,501222,0,0,0,0,92,60,2.952229967,2.952229967,0,6,2.571428571,3.207134903,10.28571429,0,0,0,1,0,0,0,0,1,3.0,0.0,6.0,92,0,0,0,0,0,0,3,0,3,18,8192,0,0,28,0.0,0.0,0,0,0.0,0.0,0,0,Bot
1025053,3,3,0,18,0,0,0.0,0.0,6,6,6.0,0.0,17.56006763,5.853355875,205010.6,280027.845,514283,420,1024466,512233.0,3644.42835,514810,509656,1024633,512316.5,3611.194332,514870,509763,0,0,0,0,92,60,2.926677938,2.926677938,0,6,2.571428571,3.207134903,10.28571429,0,0,0,1,0,0,0,0,1,3.0,0.0,6.0,92,0,0,0,0,0,0,3,0,3,18,8192,0,0,28,0.0,0.0,0,0,0.0,0.0,0,0,Bot
1001088,3,3,0,18,0,0,0.0,0.0,6,6,6.0,0.0,17.98043728,5.993479095,200217.6,273475.9855,499914,356,1000572,500286.0,357.7960313,500539,500033,1000463,500231.5,54.44722215,500270,500193,0,0,0,0,92,60,2.996739547,2.996739547,0,6,2.571428571,3.207134903,10.28571429,0,0,0,1,0,0,0,0,1,3.0,0.0,6.0,92,0,0,0,0,0,0,3,0,3,18,8192,0,0,28,0.0,0.0,0,0,0.0,0.0,0,0,Bot
1012971,3,3,0,18,0,0,0.0,0.0,6,6,6.0,0.0,17.76951166,5.923170555,202594.2,276562.1982,512424,595,1012220,506110.0,9770.801502,513019,499201,1012376,506188.0,9687.362902,513038,499338,0,0,0,0,92,60,2.961585277,2.961585277,0,6,2.571428571,3.207134903,10.28571429,0,0,0,1,0,0,0,0,1,3.0,0.0,6.0,92,0,0,0,0,0,0,3,0,3,18,8192,0,0,28,0.0,0.0,0,0,0.0,0.0,0,0,Bot
1003027,3,3,0,18,0,0,0.0,0.0,6,6,6.0,0.0,17.94567843,5.98189281,200605.4,273858.2441,500674,391,1002636,501318.0,367.6955262,501578,501058,1002123,501061.5,198.6970055,501202,500921,0,0,0,0,92,60,2.990946405,2.990946405,0,6,2.571428571,3.207134903,10.28571429,0,0,0,1,0,0,0,0,1,3.0,0.0,6.0,92,0,0,0,0,0,0,3,0,3,18,8192,0,0,28,0.0,0.0,0,0,0.0,0.0,0,0,Bot
996527,3,3,0,18,0,0,0.0,0.0,6,6,6.0,0.0,18.06273187,6.020910623,199305.4,272082.8838,498466,428,996099,498049.5,1635.537985,499206,496893,995880,497940.0,1349.1597390000004,498894,496986,0,0,0,0,92,60,3.0104553110000003,3.0104553110000003,0,6,2.571428571,3.207134903,10.28571429,0,0,0,1,0,0,0,0,1,3.0,0.0,6.0,92,0,0,0,0,0,0,3,0,3,18,8192,0,0,28,0.0,0.0,0,0,0.0,0.0,0,0,Bot
1000602,3,3,0,18,0,0,0.0,0.0,6,6,6.0,0.0,17.98917052,5.996390172999999,200120.4,273430.5116,499756,386,1000212,500106.0,50.91168825,500142,500070,1000073,500036.5,154.8563851,500146,499927,0,0,0,0,92,60,2.998195087,2.998195087,0,6,2.571428571,3.207134903,10.28571429,0,0,0,1,0,0,0,0,1,3.0,0.0,6.0,92,0,0,0,0,0,0,3,0,3,18,8192,0,0,28,0.0,0.0,0,0,0.0,0.0,0,0,Bot
1016450,3,3,0,18,0,0,0.0,0.0,6,6,6.0,0.0,17.70869202,5.902897339,203290.0,277658.5581,515138,511,1015840,507920.0,10930.45662,515649,500191,1015902,507951.0,11026.62315,515748,500154,0,0,0,0,92,60,2.951448669,2.951448669,0,6,2.571428571,3.207134903,10.28571429,0,0,0,1,0,0,0,0,1,3.0,0.0,6.0,92,0,0,0,0,0,0,3,0,3,18,8192,0,0,28,0.0,0.0,0,0,0.0,0.0,0,0,Bot
1009438,3,3,0,18,0,0,0.0,0.0,6,6,6.0,0.0,17.83170437,5.943901457999999,201887.6,275842.3957,509273,357,1009081,504540.5,7552.607529999997,509881,499200,1008830,504415.0,7452.905473999999,509685,499145,0,0,0,0,92,60,2.971950729,2.971950729,0,6,2.571428571,3.207134903,10.28571429,0,0,0,1,0,0,0,0,1,3.0,0.0,6.0,92,0,0,0,0,0,0,3,0,3,18,8192,0,0,28,0.0,0.0,0,0,0.0,0.0,0,0,Bot
1001243,3,3,0,18,0,0,0.0,0.0,6,6,6.0,0.0,17.97765378,5.992551259,200248.6,273369.6653,499905,510,1000733,500366.5,471.64022310000007,500700,500033,1000448,500224.0,281.4284989,500423,500025,0,0,0,0,92,60,2.996275629,2.996275629,0,6,2.571428571,3.207134903,10.28571429,0,0,0,1,0,0,0,0,1,3.0,0.0,6.0,92,0,0,0,0,0,0,3,0,3,18,8192,0,0,28,0.0,0.0,0,0,0.0,0.0,0,0,Bot
994027,3,3,0,18,0,0,0.0,0.0,6,6,6.0,0.0,18.10816004,6.036053347,198805.4,271181.324,499255,735,993197,496598.5,4811.861646,500001,493196,993292,496646.0,4863.480441,500085,493207,0,0,0,0,92,60,3.018026673,3.018026673,0,6,2.571428571,3.207134903,10.28571429,0,0,0,1,0,0,0,0,1,3.0,0.0,6.0,92,0,0,0,0,0,0,3,0,3,18,8192,0,0,28,0.0,0.0,0,0,0.0,0.0,0,0,Bot
1060591,3,3,0,18,0,0,0.0,0.0,6,6,6.0,0.0,16.97166957,5.65722319,212118.2,289354.3718,530635,386,1060205,530102.5,1641.194839,531263,528942,1059189,529594.5,2017.375647,531021,528168,0,0,0,0,92,60,2.828611595,2.828611595,0,6,2.571428571,3.207134903,10.28571429,0,0,0,1,0,0,0,0,1,3.0,0.0,6.0,92,0,0,0,0,0,0,3,0,3,18,8192,0,0,28,0.0,0.0,0,0,0.0,0.0,0,0,Bot
997034,3,3,0,18,0,0,0.0,0.0,6,6,6.0,0.0,18.05354682,6.01784894,199406.8,272145.4864,499450,581,996269,498134.5,2682.056021,500031,496238,996393,498196.5,2854.590076,500215,496178,0,0,0,0,92,60,3.00892447,3.00892447,0,6,2.571428571,3.207134903,10.28571429,0,0,0,1,0,0,0,0,1,3.0,0.0,6.0,92,0,0,0,0,0,0,3,0,3,18,8192,0,0,28,0.0,0.0,0,0,0.0,0.0,0,0,Bot
1029871,3,3,0,18,0,0,0.0,0.0,6,6,6.0,0.0,17.47791714,5.825972379,205974.2,281313.592,515033,379,1029492,514746.0,1211.981023,515603,513889,1029223,514611.5,1132.077957,515412,513811,0,0,0,0,92,60,2.91298619,2.91298619,0,6,2.571428571,3.207134903,10.28571429,0,0,0,1,0,0,0,0,1,3.0,0.0,6.0,92,0,0,0,0,0,0,3,0,3,18,8192,0,0,28,0.0,0.0,0,0,0.0,0.0,0,0,Bot
1020129,3,3,0,18,0,0,0.0,0.0,6,6,6.0,0.0,17.64482727,5.8816090910000005,204025.8,278692.5506,512016,468,1019655,509827.5,3756.858328,512484,507171,1019564,509782.0,3829.690327,512490,507074,0,0,0,0,92,60,2.940804545,2.940804545,0,6,2.571428571,3.207134903,10.28571429,0,0,0,1,0,0,0,0,1,3.0,0.0,6.0,92,0,0,0,0,0,0,3,0,3,18,8192,0,0,28,0.0,0.0,0,0,0.0,0.0,0,0,Bot
1024853,3,3,0,18,0,0,0.0,0.0,6,6,6.0,0.0,17.56349447,5.854498157,204970.6,280096.8221,514332,373,1024480,512240.0,3623.215147,514802,509678,1024433,512216.5,3519.27045,514705,509728,0,0,0,0,92,60,2.927249079,2.927249079,0,6,2.571428571,3.207134903,10.28571429,0,0,0,1,0,0,0,0,1,3.0,0.0,6.0,92,0,0,0,0,0,0,3,0,3,18,8192,0,0,28,0.0,0.0,0,0,0.0,0.0,0,0,Bot
1029578,3,3,0,18,0,0,0.0,0.0,6,6,6.0,0.0,17.48289105,5.82763035,205915.6,281271.2695,515202,452,1029000,514500.0,1632.002451,515654,513346,1029093,514546.5,1744.432429,515780,513313,0,0,0,0,92,60,2.913815175,2.913815175,0,6,2.571428571,3.207134903,10.28571429,0,0,0,1,0,0,0,0,1,3.0,0.0,6.0,92,0,0,0,0,0,0,3,0,3,18,8192,0,0,28,0.0,0.0,0,0,0.0,0.0,0,0,Bot
997080,3,3,0,18,0,0,0.0,0.0,6,6,6.0,0.0,18.05271392,6.017571308,199416.0,272337.9517,498623,438,996501,498250.5,1332.896283,499193,497308,996642,498321.0,1245.922148,499202,497440,0,0,0,0,92,60,3.008785654,3.008785654,0,6,2.571428571,3.207134903,10.28571429,0,0,0,1,0,0,0,0,1,3.0,0.0,6.0,92,0,0,0,0,0,0,3,0,3,18,8192,0,0,28,0.0,0.0,0,0,0.0,0.0,0,0,Bot
1029378,3,3,0,18,0,0,0.0,0.0,6,6,6.0,0.0,17.48628784,5.828762612,205875.6,281154.7481,515170,428,1028950,514475.0,1636.245092,515632,513318,1028617,514308.5,1823.628389,515598,513019,0,0,0,0,92,60,2.914381306,2.914381306,0,6,2.571428571,3.207134903,10.28571429,0,0,0,1,0,0,0,0,1,3.0,0.0,6.0,92,0,0,0,0,0,0,3,0,3,18,8192,0,0,28,0.0,0.0,0,0,0.0,0.0,0,0,Bot
1012655,3,3,0,18,0,0,0.0,0.0,6,6,6.0,0.0,17.77505666,5.925018886,202531.0,276558.4096,514227,430,1012225,506112.5,12287.39454,514801,497424,1011821,505910.5,12369.41892,514657,497164,0,0,0,0,92,60,2.962509443,2.962509443,0,6,2.571428571,3.207134903,10.28571429,0,0,0,1,0,0,0,0,1,3.0,0.0,6.0,92,0,0,0,0,0,0,3,0,3,18,8192,0,0,28,0.0,0.0,0,0,0.0,0.0,0,0,Bot
1003671,3,3,0,18,0,0,0.0,0.0,6,6,6.0,0.0,17.93416369,5.9780545620000005,200734.2,274028.2494,501207,524,1003146,501573.0,223.4457429,501731,501415,1003147,501573.5,596.0910165,501995,501152,0,0,0,0,92,60,2.9890272810000003,2.9890272810000003,0,6,2.571428571,3.207134903,10.28571429,0,0,0,1,0,0,0,0,1,3.0,0.0,6.0,92,0,0,0,0,0,0,3,0,3,18,8192,0,0,28,0.0,0.0,0,0,0.0,0.0,0,0,Bot
1000116,3,3,0,18,0,0,0.0,0.0,6,6,6.0,0.0,17.99791224,5.999304081,200023.2,273180.7044,499671,426,999470,499735.0,601.040764,500160,499310,999690,499845.0,667.5088013999998,500317,499373,0,0,0,0,92,60,2.99965204,2.99965204,0,6,2.571428571,3.207134903,10.28571429,0,0,0,1,0,0,0,0,1,3.0,0.0,6.0,92,0,0,0,0,0,0,3,0,3,18,8192,0,0,28,0.0,0.0,0,0,0.0,0.0,0,0,Bot
1024402,3,3,0,18,0,0,0.0,0.0,6,6,6.0,0.0,17.57122692,5.85707564,204880.4,279972.3331,514377,400,1023947,511973.5,3983.132498,514790,509157,1024002,512001.0,4003.638595,514832,509170,0,0,0,0,92,60,2.92853782,2.92853782,0,6,2.571428571,3.207134903,10.28571429,0,0,0,1,0,0,0,0,1,3.0,0.0,6.0,92,0,0,0,0,0,0,3,0,3,18,8192,0,0,28,0.0,0.0,0,0,0.0,0.0,0,0,Bot
1045232,3,3,0,18,0,0,0.0,0.0,6,6,6.0,0.0,17.22105714,5.740352381,209046.4,285558.9989,530778,481,1044605,522302.5,12666.40377,531259,513346,1044674,522337.0,12824.08858,531405,513269,0,0,0,0,92,60,2.870176191,2.870176191,0,6,2.571428571,3.207134903,10.28571429,0,0,0,1,0,0,0,0,1,3.0,0.0,6.0,92,0,0,0,0,0,0,3,0,3,18,8192,0,0,28,0.0,0.0,0,0,0.0,0.0,0,0,Bot
1012602,3,3,0,18,0,0,0.0,0.0,6,6,6.0,0.0,17.77598701,5.925329004,202520.4,276717.5573,512404,340,1012262,506131.0,9772.215716,513041,499221,1011965,505982.5,9672.51366,512822,499143,0,0,0,0,92,60,2.962664502,2.962664502,0,6,2.571428571,3.207134903,10.28571429,0,0,0,1,0,0,0,0,1,3.0,0.0,6.0,92,0,0,0,0,0,0,3,0,3,18,8192,0,0,28,0.0,0.0,0,0,0.0,0.0,0,0,Bot
1029524,3,3,0,18,0,0,0.0,0.0,6,6,6.0,0.0,17.48380805,5.827936017000001,205904.8,281031.3024,515049,542,1028982,514491.0,1578.262336,515607,513375,1028615,514307.5,1815.143107,515591,513024,0,0,0,0,92,60,2.913968009,2.913968009,0,6,2.571428571,3.207134903,10.28571429,0,0,0,1,0,0,0,0,1,3.0,0.0,6.0,92,0,0,0,0,0,0,3,0,3,18,8192,0,0,28,0.0,0.0,0,0,0.0,0.0,0,0,Bot
997658,3,3,0,18,0,0,0.0,0.0,6,6,6.0,0.0,18.04225496,6.014084987,199531.6,272714.37,500657,359,997299,498649.5,3365.121172,501029,496270,997270,498635.0,3367.242492000001,501016,496254,0,0,0,0,92,60,3.007042494,3.007042494,0,6,2.571428571,3.207134903,10.28571429,0,0,0,1,0,0,0,0,1,3.0,0.0,6.0,92,0,0,0,0,0,0,3,0,3,18,8192,0,0,28,0.0,0.0,0,0,0.0,0.0,0,0,Bot
1002204,3,3,0,18,0,0,0.0,0.0,6,6,6.0,0.0,17.96041524,5.986805082,200440.8,273645.5995,500347,511,1001466,500733.0,226.27417000000003,500893,500573,1001693,500846.5,337.2899346000001,501085,500608,0,0,0,0,92,60,2.993402541,2.993402541,0,6,2.571428571,3.207134903,10.28571429,0,0,0,1,0,0,0,0,1,3.0,0.0,6.0,92,0,0,0,0,0,0,3,0,3,18,8192,0,0,28,0.0,0.0,0,0,0.0,0.0,0,0,Bot
1000711,3,3,0,18,0,0,0.0,0.0,6,6,6.0,0.0,17.98721109,5.995737031,200142.2,273298.7858,499587,421,1000037,500018.5,14.8492424,500029,500008,1000290,500145.0,8.485281374,500151,500139,0,0,0,0,92,60,2.997868515,2.997868515,0,6,2.571428571,3.207134903,10.28571429,0,0,0,1,0,0,0,0,1,3.0,0.0,6.0,92,0,0,0,0,0,0,3,0,3,18,8192,0,0,28,0.0,0.0,0,0,0.0,0.0,0,0,Bot
1014550,3,3,0,18,0,0,0.0,0.0,6,6,6.0,0.0,17.741856,5.913951998,202910.0,277105.5281,516342,507,1013801,506900.5,14148.499580000003,516905,496896,1013987,506993.5,13937.78176,516849,497138,0,0,0,0,92,60,2.956975999,2.956975999,0,6,2.571428571,3.207134903,10.28571429,0,0,0,1,0,0,0,0,1,3.0,0.0,6.0,92,0,0,0,0,0,0,3,0,3,18,8192,0,0,28,0.0,0.0,0,0,0.0,0.0,0,0,Bot
1029607,3,3,0,18,0,0,0.0,0.0,6,6,6.0,0.0,17.48239862,5.827466208,205921.4,281234.8933,515147,480,1029011,514505.5,1586.04051,515627,513384,1029071,514535.5,1707.662877,515743,513328,0,0,0,0,92,60,2.913733104,2.913733104,0,6,2.571428571,3.207134903,10.28571429,0,0,0,1,0,0,0,0,1,3.0,0.0,6.0,92,0,0,0,0,0,0,3,0,3,18,8192,0,0,28,0.0,0.0,0,0,0.0,0.0,0,0,Bot
999756,3,3,0,18,0,0,0.0,0.0,6,6,6.0,0.0,18.00439307,6.001464357000001,199951.2,273162.2918,500594,403,999234,499617.0,1951.614716,500997,498237,999292,499646.0,2078.8939370000007,501116,498176,0,0,0,0,92,60,3.000732179,3.000732179,0,6,2.571428571,3.207134903,10.28571429,0,0,0,1,0,0,0,0,1,3.0,0.0,6.0,92,0,0,0,0,0,0,3,0,3,18,8192,0,0,28,0.0,0.0,0,0,0.0,0.0,0,0,Bot
1045058,3,3,0,18,0,0,0.0,0.0,6,6,6.0,0.0,17.22392441,5.741308138,209011.6,285078.7607,523231,567,1044491,522245.5,2298.804146,523871,520620,1043799,521899.5,2684.884448,523798,520001,0,0,0,0,92,60,2.870654069,2.870654069,0,6,2.571428571,3.207134903,10.28571429,0,0,0,1,0,0,0,0,1,3.0,0.0,6.0,92,0,0,0,0,0,0,3,0,3,18,8192,0,0,28,0.0,0.0,0,0,0.0,0.0,0,0,Bot
997000,3,3,0,18,0,0,0.0,0.0,6,6,6.0,0.0,18.05416249,6.018054162,199400.0,272221.4477,498391,435,996422,498211.0,1359.059233,499172,497250,996565,498282.5,970.8576106,498969,497596,0,0,0,0,92,60,3.009027081,3.009027081,0,6,2.571428571,3.207134903,10.28571429,0,0,0,1,0,0,0,0,1,3.0,0.0,6.0,92,0,0,0,0,0,0,3,0,3,18,8192,0,0,28,0.0,0.0,0,0,0.0,0.0,0,0,Bot
1001488,3,3,0,18,0,0,0.0,0.0,6,6,6.0,0.0,17.9732558,5.991085265,200297.6,273481.0177,500061,447,1001041,500520.5,242.5376259,500692,500349,1000857,500428.5,396.6869042,500709,500148,0,0,0,0,92,60,2.995542633,2.995542633,0,6,2.571428571,3.207134903,10.28571429,0,0,0,1,0,0,0,0,1,3.0,0.0,6.0,92,0,0,0,0,0,0,3,0,3,18,8192,0,0,28,0.0,0.0,0,0,0.0,0.0,0,0,Bot
1003027,3,3,0,18,0,0,0.0,0.0,6,6,6.0,0.0,17.94567843,5.98189281,200605.4,273977.4912,506153,409,1002430,501215.0,7853.127912000001,506768,495662,1002412,501206.0,7574.527840000002,506562,495850,0,0,0,0,92,60,2.990946405,2.990946405,0,6,2.571428571,3.207134903,10.28571429,0,0,0,1,0,0,0,0,1,3.0,0.0,6.0,92,0,0,0,0,0,0,3,0,3,18,8192,0,0,28,0.0,0.0,0,0,0.0,0.0,0,0,Bot
1000275,3,3,0,18,0,0,0.0,0.0,6,6,6.0,0.0,17.99505136,5.998350454,200055.0,273092.6712,499363,538,999693,499846.5,347.1894296,500092,499601,999737,499868.5,108.1873375,499945,499792,0,0,0,0,92,60,2.999175227,2.999175227,0,6,2.571428571,3.207134903,10.28571429,0,0,0,1,0,0,0,0,1,3.0,0.0,6.0,92,0,0,0,0,0,0,3,0,3,18,8192,0,0,28,0.0,0.0,0,0,0.0,0.0,0,0,Bot
1029630,3,3,0,18,0,0,0.0,0.0,6,6,6.0,0.0,17.4820081,5.827336033,205926.0,281244.9334,515203,430,1029004,514502.0,1599.475539,515633,513371,1029082,514541.0,1821.507068,515829,513253,0,0,0,0,92,60,2.913668017,2.913668017,0,6,2.571428571,3.207134903,10.28571429,0,0,0,1,0,0,0,0,1,3.0,0.0,6.0,92,0,0,0,0,0,0,3,0,3,18,8192,0,0,28,0.0,0.0,0,0,0.0,0.0,0,0,Bot
997076,3,3,0,18,0,0,0.0,0.0,6,6,6.0,0.0,18.05278635,6.017595449,199415.2,272207.9234,498613,507,996569,498284.5,1345.624205,499236,497333,996336,498168.0,1346.331311,499120,497216,0,0,0,0,92,60,3.008797725,3.008797725,0,6,2.571428571,3.207134903,10.28571429,0,0,0,1,0,0,0,0,1,3.0,0.0,6.0,92,0,0,0,0,0,0,3,0,3,18,8192,0,0,28,0.0,0.0,0,0,0.0,0.0,0,0,Bot
1013917,3,3,0,18,0,0,0.0,0.0,6,6,6.0,0.0,17.75293244,5.917644146000001,202783.4,276914.0541,512565,404,1013330,506665.0,9410.177044,513319,500011,1013163,506581.5,9033.28913,512969,500194,0,0,0,0,92,60,2.9588220730000003,2.9588220730000003,0,6,2.571428571,3.207134903,10.28571429,0,0,0,1,0,0,0,0,1,3.0,0.0,6.0,92,0,0,0,0,0,0,3,0,3,18,8192,0,0,28,0.0,0.0,0,0,0.0,0.0,0,0,Bot
997090,3,3,0,18,0,0,0.0,0.0,6,6,6.0,0.0,18.05253287,6.017510957000001,199418.0,272515.9608,498820,355,996600,498300.0,1237.436867,499175,497425,996732,498366.0,1335.017603,499310,497422,0,0,0,0,92,60,3.0087554780000003,3.0087554780000003,0,6,2.571428571,3.207134903,10.28571429,0,0,0,1,0,0,0,0,1,3.0,0.0,6.0,92,0,0,0,0,0,0,3,0,3,18,8192,0,0,28,0.0,0.0,0,0,0.0,0.0,0,0,Bot
1001534,3,3,0,18,0,0,0.0,0.0,6,6,6.0,0.0,17.97243029,5.990810097000001,200306.8,273554.7882,500194,447,1000999,500499.5,200.1112191,500641,500358,1000924,500462.0,377.5950212,500729,500195,0,0,0,0,92,60,2.995405049,2.995405049,0,6,2.571428571,3.207134903,10.28571429,0,0,0,1,0,0,0,0,1,3.0,0.0,6.0,92,0,0,0,0,0,0,3,0,3,18,8192,0,0,28,0.0,0.0,0,0,0.0,0.0,0,0,Bot
993830,3,3,0,18,0,0,0.0,0.0,6,6,6.0,0.0,18.11174949,6.0372498310000005,198766.0,271424.3718,497092,535,993289,496644.5,1429.062805,497655,495634,993267,496633.5,1405.021174,497627,495640,0,0,0,0,92,60,3.0186249160000003,3.0186249160000003,0,6,2.571428571,3.207134903,10.28571429,0,0,0,1,0,0,0,0,1,3.0,0.0,6.0,92,0,0,0,0,0,0,3,0,3,18,8192,0,0,28,0.0,0.0,0,0,0.0,0.0,0,0,Bot
1007907,3,3,0,18,0,0,0.0,0.0,6,6,6.0,0.0,17.85879054,5.952930181,201581.4,275329.3103,506510,424,1007303,503651.5,4780.748948,507032,500271,1007483,503741.5,4769.435239,507114,500369,0,0,0,0,92,60,2.976465091,2.976465091,0,6,2.571428571,3.207134903,10.28571429,0,0,0,1,0,0,0,0,1,3.0,0.0,6.0,92,0,0,0,0,0,0,3,0,3,18,8192,0,0,28,0.0,0.0,0,0,0.0,0.0,0,0,Bot
1029222,3,3,0,18,0,0,0.0,0.0,6,6,6.0,0.0,17.48893825,5.829646082000001,205844.4,281146.4081,515192,392,1028830,514415.0,1729.5831870000006,515638,513192,1028484,514242.0,1897.874601,515584,512900,0,0,0,0,92,60,2.9148230410000004,2.9148230410000004,0,6,2.571428571,3.207134903,10.28571429,0,0,0,1,0,0,0,0,1,3.0,0.0,6.0,92,0,0,0,0,0,0,3,0,3,18,8192,0,0,28,0.0,0.0,0,0,0.0,0.0,0,0,Bot
997356,3,3,0,18,0,0,0.0,0.0,6,6,6.0,0.0,18.04771817,6.015906056,199471.2,272198.5193,498503,614,996609,498304.5,1266.4282449999996,499200,497409,996742,498371.0,1243.0937210000004,499250,497492,0,0,0,0,92,60,3.007953028,3.007953028,0,6,2.571428571,3.207134903,10.28571429,0,0,0,1,0,0,0,0,1,3.0,0.0,6.0,92,0,0,0,0,0,0,3,0,3,18,8192,0,0,28,0.0,0.0,0,0,0.0,0.0,0,0,Bot
1029434,3,3,0,18,0,0,0.0,0.0,6,6,6.0,0.0,17.4853366,5.828445534,205886.8,281138.7941,515239,408,1028976,514488.0,1639.073519,515647,513329,1028580,514290.0,1989.798482,515697,512883,0,0,0,0,92,60,2.914222767,2.914222767,0,6,2.571428571,3.207134903,10.28571429,0,0,0,1,0,0,0,0,1,3.0,0.0,6.0,92,0,0,0,0,0,0,3,0,3,18,8192,0,0,28,0.0,0.0,0,0,0.0,0.0,0,0,Bot
994727,3,3,0,18,0,0,0.0,0.0,6,6,6.0,0.0,18.09541713,6.031805712000001,198945.4,271746.3256,499619,404,994291,497145.5,4069.399526,500023,494268,994079,497039.5,4264.560997,500055,494024,0,0,0,0,92,60,3.0159028560000003,3.0159028560000003,0,6,2.571428571,3.207134903,10.28571429,0,0,0,1,0,0,0,0,1,3.0,0.0,6.0,92,0,0,0,0,0,0,3,0,3,18,8192,0,0,28,0.0,0.0,0,0,0.0,0.0,0,0,Bot
1002845,3,3,0,18,0,0,0.0,0.0,6,6,6.0,0.0,17.94893528,5.982978426,200569.0,273935.6912,500702,408,1002337,501168.5,228.3954903,501330,501007,1002217,501108.5,2.121320344,501110,501107,0,0,0,0,92,60,2.991489213,2.991489213,0,6,2.571428571,3.207134903,10.28571429,0,0,0,1,0,0,0,0,1,3.0,0.0,6.0,92,0,0,0,0,0,0,3,0,3,18,8192,0,0,28,0.0,0.0,0,0,0.0,0.0,0,0,Bot
1003379,3,3,0,18,0,0,0.0,0.0,6,6,6.0,0.0,17.93938283,5.979794275,200675.8,274079.1762,501607,421,1002958,501479.0,854.1849917000003,502083,500875,1002725,501362.5,941.1591258,502028,500697,0,0,0,0,92,60,2.989897138,2.989897138,0,6,2.571428571,3.207134903,10.28571429,0,0,0,1,0,0,0,0,1,3.0,0.0,6.0,92,0,0,0,0,0,0,3,0,3,18,8192,0,0,28,0.0,0.0,0,0,0.0,0.0,0,0,Bot
1008976,3,3,0,18,0,0,0.0,0.0,6,6,6.0,0.0,17.83986933,5.946623111,201795.2,275631.3663,507230,458,1008506,504253.0,4857.823587,507688,500818,1008372,504186.0,4969.546458,507700,500672,0,0,0,0,92,60,2.973311555,2.973311555,0,6,2.571428571,3.207134903,10.28571429,0,0,0,1,0,0,0,0,1,3.0,0.0,6.0,92,0,0,0,0,0,0,3,0,3,18,8192,0,0,28,0.0,0.0,0,0,0.0,0.0,0,0,Bot
1029384,3,3,0,18,0,0,0.0,0.0,6,6,6.0,0.0,17.48618591,5.828728637999999,205876.8,281229.1403,514557,389,1028969,514484.5,1071.266773,515242,513727,1028699,514349.5,843.57839,514946,513753,0,0,0,0,92,60,2.914364319,2.914364319,0,6,2.571428571,3.207134903,10.28571429,0,0,0,1,0,0,0,0,1,3.0,0.0,6.0,92,0,0,0,0,0,0,3,0,3,18,8192,0,0,28,0.0,0.0,0,0,0.0,0.0,0,0,Bot
996791,3,3,0,18,0,0,0.0,0.0,6,6,6.0,0.0,18.05794795,6.019315985,199358.2,272208.106,499468,455,996336,498168.0,2630.437226,500028,496308,996102,498051.0,2647.407789,499923,496179,0,0,0,0,92,60,3.009657992,3.009657992,0,6,2.571428571,3.207134903,10.28571429,0,0,0,1,0,0,0,0,1,3.0,0.0,6.0,92,0,0,0,0,0,0,3,0,3,18,8192,0,0,28,0.0,0.0,0,0,0.0,0.0,0,0,Bot
1029394,3,3,0,18,0,0,0.0,0.0,6,6,6.0,0.0,17.48601604,5.828672015,205878.8,281045.2854,514966,423,1028971,514485.5,1625.63849,515635,513336,1028586,514293.0,1549.978064,515389,513197,0,0,0,0,92,60,2.914336007,2.914336007,0,6,2.571428571,3.207134903,10.28571429,0,0,0,1,0,0,0,0,1,3.0,0.0,6.0,92,0,0,0,0,0,0,3,0,3,18,8192,0,0,28,0.0,0.0,0,0,0.0,0.0,0,0,Bot
997230,3,3,0,18,0,0,0.0,0.0,6,6,6.0,0.0,18.0499985,6.016666165,199446.0,272432.5287,498813,394,996665,498332.5,1236.72976,499207,497458,996719,498359.5,1440.3765130000006,499378,497341,0,0,0,0,92,60,3.008333083,3.008333083,0,6,2.571428571,3.207134903,10.28571429,0,0,0,1,0,0,0,0,1,3.0,0.0,6.0,92,0,0,0,0,0,0,3,0,3,18,8192,0,0,28,0.0,0.0,0,0,0.0,0.0,0,0,Bot
1002296,3,3,0,18,0,0,0.0,0.0,6,6,6.0,0.0,17.95876667,5.986255557000001,200459.2,273868.8845,500635,387,1001909,500954.5,260.9224023,501139,500770,1001826,500913.0,154.1492783,501022,500804,0,0,0,0,92,60,2.993127779,2.993127779,0,6,2.571428571,3.207134903,10.28571429,0,0,0,1,0,0,0,0,1,3.0,0.0,6.0,92,0,0,0,0,0,0,3,0,3,18,8192,0,0,28,0.0,0.0,0,0,0.0,0.0,0,0,Bot
1093860,3,3,0,18,0,0,0.0,0.0,6,6,6.0,0.0,16.45548791,5.485162635,218772.0,300798.4627,592995,368,1093403,546701.5,65989.32614,593363,500040,1093492,546746.0,66055.08707000001,593454,500038,0,0,0,0,92,60,2.742581318,2.742581318,0,6,2.571428571,3.207134903,10.28571429,0,0,0,1,0,0,0,0,1,3.0,0.0,6.0,92,0,0,0,0,0,0,3,0,3,18,8192,0,0,28,0.0,0.0,0,0,0.0,0.0,0,0,Bot
1020972,3,3,0,18,0,0,0.0,0.0,6,6,6.0,0.0,17.63025822,5.876752742000001,204194.4,278786.8272,512530,500,1020460,510230.0,4379.819403,513327,507133,1020472,510236.0,3968.283256,513042,507430,0,0,0,0,92,60,2.9383763710000004,2.9383763710000004,0,6,2.571428571,3.207134903,10.28571429,0,0,0,1,0,0,0,0,1,3.0,0.0,6.0,92,0,0,0,0,0,0,3,0,3,18,8192,0,0,28,0.0,0.0,0,0,0.0,0.0,0,0,Bot
1046781,3,3,0,18,0,0,0.0,0.0,6,6,6.0,0.0,17.19557386,5.731857953,209356.2,285836.9474,528026,475,1046306,523153.0,8127.485343,528900,517406,1045907,522953.5,7940.102045999999,528568,517339,0,0,0,0,92,60,2.865928977,2.865928977,0,6,2.571428571,3.207134903,10.28571429,0,0,0,1,0,0,0,0,1,3.0,0.0,6.0,92,0,0,0,0,0,0,3,0,3,18,8192,0,0,28,0.0,0.0,0,0,0.0,0.0,0,0,Bot
997166,3,3,0,18,0,0,0.0,0.0,6,6,6.0,0.0,18.05115698,6.017052326,199433.2,272289.9059,498628,555,996611,498305.5,1252.286109,499191,497420,996540,498270.0,1291.176982,499183,497357,0,0,0,0,92,60,3.008526163,3.008526163,0,6,2.571428571,3.207134903,10.28571429,0,0,0,1,0,0,0,0,1,3.0,0.0,6.0,92,0,0,0,0,0,0,3,0,3,18,8192,0,0,28,0.0,0.0,0,0,0.0,0.0,0,0,Bot
1029497,3,3,0,18,0,0,0.0,0.0,6,6,6.0,0.0,17.48426659,5.828088863,205899.4,281055.4993,515112,514,1028983,514491.5,1645.43748,515655,513328,1028614,514307.0,1865.347689,515626,512988,0,0,0,0,92,60,2.914044431,2.914044431,0,6,2.571428571,3.207134903,10.28571429,0,0,0,1,0,0,0,0,1,3.0,0.0,6.0,92,0,0,0,0,0,0,3,0,3,18,8192,0,0,28,0.0,0.0,0,0,0.0,0.0,0,0,Bot
996999,3,3,0,18,0,0,0.0,0.0,6,6,6.0,0.0,18.0541806,6.018060199,199399.8,272323.5177,498583,433,996480,498240.0,1359.059233,499201,497279,996566,498283.0,1158.240908,499102,497464,0,0,0,0,92,60,3.009030099,3.009030099,0,6,2.571428571,3.207134903,10.28571429,0,0,0,1,0,0,0,0,1,3.0,0.0,6.0,92,0,0,0,0,0,0,3,0,3,18,8192,0,0,28,0.0,0.0,0,0,0.0,0.0,0,0,Bot
1001385,3,3,0,18,0,0,0.0,0.0,6,6,6.0,0.0,17.97510448,5.991701493,200277.0,273435.516,500056,388,1000997,500498.5,207.1822869,500645,500352,1000598,500299.0,205.0609665,500444,500154,0,0,0,0,92,60,2.995850747,2.995850747,0,6,2.571428571,3.207134903,10.28571429,0,0,0,1,0,0,0,0,1,3.0,0.0,6.0,92,0,0,0,0,0,0,3,0,3,18,8192,0,0,28,0.0,0.0,0,0,0.0,0.0,0,0,Bot
999718,3,3,0,18,0,0,0.0,0.0,6,6,6.0,0.0,18.00507743,6.001692477000001,199943.6,273089.5576,499565,471,999239,499619.5,589.0199487000001,500036,499203,999146,499573.0,666.0945879,500044,499102,0,0,0,0,92,60,3.000846239,3.000846239,0,6,2.571428571,3.207134903,10.28571429,0,0,0,1,0,0,0,0,1,3.0,0.0,6.0,92,0,0,0,0,0,0,3,0,3,18,8192,0,0,28,0.0,0.0,0,0,0.0,0.0,0,0,Bot
1011601,3,3,0,18,0,0,0.0,0.0,6,6,6.0,0.0,17.79357672,5.931192239,202320.2,276278.1262,509233,384,1011044,505522.0,6324.3630509999975,509994,501050,1011217,505608.5,5913.534011,509790,501427,0,0,0,0,92,60,2.965596119,2.965596119,0,6,2.571428571,3.207134903,10.28571429,0,0,0,1,0,0,0,0,1,3.0,0.0,6.0,92,0,0,0,0,0,0,3,0,3,18,8192,0,0,28,0.0,0.0,0,0,0.0,0.0,0,0,Bot
1004303,3,3,0,18,0,0,0.0,0.0,6,6,6.0,0.0,17.92287786,5.974292619,200860.6,274347.8254,501658,375,1003783,501891.5,200.1112191,502033,501750,1003682,501841.0,476.5899705,502178,501504,0,0,0,0,92,60,2.987146309,2.987146309,0,6,2.571428571,3.207134903,10.28571429,0,0,0,1,0,0,0,0,1,3.0,0.0,6.0,92,0,0,0,0,0,0,3,0,3,18,8192,0,0,28,0.0,0.0,0,0,0.0,0.0,0,0,Bot
998071,3,3,0,18,0,0,0.0,0.0,6,6,6.0,0.0,18.03478911,6.011596368999999,199614.2,272348.544,508239,780,997291,498645.5,14684.48652,509029,488262,997267,498633.5,14687.31495,509019,488248,0,0,0,0,92,60,3.005798185,3.005798185,0,6,2.571428571,3.207134903,10.28571429,0,0,0,1,0,0,0,0,1,3.0,0.0,6.0,92,0,0,0,0,0,0,3,0,3,18,8192,0,0,28,0.0,0.0,0,0,0.0,0.0,0,0,Bot
1029531,3,3,0,18,0,0,0.0,0.0,6,6,6.0,0.0,17.48368917,5.827896392,205906.2,281093.9747,515149,501,1028938,514469.0,1670.186217,515650,513288,1028749,514374.5,1933.937047,515742,513007,0,0,0,0,92,60,2.913948196,2.913948196,0,6,2.571428571,3.207134903,10.28571429,0,0,0,1,0,0,0,0,1,3.0,0.0,6.0,92,0,0,0,0,0,0,3,0,3,18,8192,0,0,28,0.0,0.0,0,0,0.0,0.0,0,0,Bot
1001004,3,3,0,18,0,0,0.0,0.0,6,6,6.0,0.0,17.98194613,5.993982042000001,200200.8,273190.967,499527,618,1000226,500113.0,125.8650071,500202,500024,1000329,500164.5,27.57716447,500184,500145,0,0,0,0,92,60,2.9969910210000004,2.9969910210000004,0,6,2.571428571,3.207134903,10.28571429,0,0,0,1,0,0,0,0,1,3.0,0.0,6.0,92,0,0,0,0,0,0,3,0,3,18,8192,0,0,28,0.0,0.0,0,0,0.0,0.0,0,0,Bot
1002007,3,3,0,18,0,0,0.0,0.0,6,6,6.0,0.0,17.96394636,5.98798212,200401.4,273795.2712,500630,401,1001535,500767.5,372.6452737,501031,500504,1001531,500765.5,475.8828637,501102,500429,0,0,0,0,92,60,2.99399106,2.99399106,0,6,2.571428571,3.207134903,10.28571429,0,0,0,1,0,0,0,0,1,3.0,0.0,6.0,92,0,0,0,0,0,0,3,0,3,18,8192,0,0,28,0.0,0.0,0,0,0.0,0.0,0,0,Bot
1011502,3,3,0,18,0,0,0.0,0.0,6,6,6.0,0.0,17.79531825,5.93177275,202300.4,276200.5675,513280,578,1010749,505374.5,11997.48076,513858,496891,1010924,505462.0,11887.87921,513868,497056,0,0,0,0,92,60,2.965886375,2.965886375,0,6,2.571428571,3.207134903,10.28571429,0,0,0,1,0,0,0,0,1,3.0,0.0,6.0,92,0,0,0,0,0,0,3,0,3,18,8192,0,0,28,0.0,0.0,0,0,0.0,0.0,0,0,Bot
1000671,3,3,0,18,0,0,0.0,0.0,6,6,6.0,0.0,17.9879301,5.9959767,200134.2,273385.0349,499642,472,1000180,500090.0,33.9411255,500114,500066,1000199,500099.5,36.06244584,500125,500074,0,0,0,0,92,60,2.99798835,2.99798835,0,6,2.571428571,3.207134903,10.28571429,0,0,0,1,0,0,0,0,1,3.0,0.0,6.0,92,0,0,0,0,0,0,3,0,3,18,8192,0,0,28,0.0,0.0,0,0,0.0,0.0,0,0,Bot
1029339,3,3,0,18,0,0,0.0,0.0,6,6,6.0,0.0,17.48695036,5.828983453999999,205867.8,281220.4508,515110,399,1028940,514470.0,1609.375034,515608,513332,1028753,514376.5,1601.596859,515509,513244,0,0,0,0,92,60,2.914491727,2.914491727,0,6,2.571428571,3.207134903,10.28571429,0,0,0,1,0,0,0,0,1,3.0,0.0,6.0,92,0,0,0,0,0,0,3,0,3,18,8192,0,0,28,0.0,0.0,0,0,0.0,0.0,0,0,Bot
1013010,3,3,0,18,0,0,0.0,0.0,6,6,6.0,0.0,17.76882755,5.922942517999999,202602.0,276510.9157,514244,503,1012226,506113.0,12210.3199,514747,497479,1012142,506071.0,12667.11088,515028,497114,0,0,0,0,92,60,2.961471259,2.961471259,0,6,2.571428571,3.207134903,10.28571429,0,0,0,1,0,0,0,0,1,3.0,0.0,6.0,92,0,0,0,0,0,0,3,0,3,18,8192,0,0,28,0.0,0.0,0,0,0.0,0.0,0,0,Bot
1029477,3,3,0,18,0,0,0.0,0.0,6,6,6.0,0.0,17.48460626,5.828202087,205895.4,281088.1498,515228,404,1028972,514486.0,1620.688742,515632,513340,1028529,514264.5,2076.772616,515733,512796,0,0,0,0,92,60,2.914101044,2.914101044,0,6,2.571428571,3.207134903,10.28571429,0,0,0,1,0,0,0,0,1,3.0,0.0,6.0,92,0,0,0,0,0,0,3,0,3,18,8192,0,0,28,0.0,0.0,0,0,0.0,0.0,0,0,Bot
997174,3,3,0,18,0,0,0.0,0.0,6,6,6.0,0.0,18.05101216,6.017004053,199434.8,272291.2145,498647,522,996652,498326.0,1248.750576,499209,497443,996512,498256.0,1291.176982,499169,497343,0,0,0,0,92,60,3.008502027,3.008502027,0,6,2.571428571,3.207134903,10.28571429,0,0,0,1,0,0,0,0,1,3.0,0.0,6.0,92,0,0,0,0,0,0,3,0,3,18,8192,0,0,28,0.0,0.0,0,0,0.0,0.0,0,0,Bot
1001473,3,3,0,18,0,0,0.0,0.0,6,6,6.0,0.0,17.973525,5.991174999,200294.6,273614.2666,500099,388,1001085,500542.5,135.05739519999997,500638,500447,1000934,500467.0,183.8477631,500597,500337,0,0,0,0,92,60,2.9955875,2.9955875,0,6,2.571428571,3.207134903,10.28571429,0,0,0,1,0,0,0,0,1,3.0,0.0,6.0,92,0,0,0,0,0,0,3,0,3,18,8192,0,0,28,0.0,0.0,0,0,0.0,0.0,0,0,Bot
1016783,3,3,0,18,0,0,0.0,0.0,6,6,6.0,0.0,17.70289236,5.900964119,203356.6,277722.1153,511890,454,1016241,508120.5,5972.930981,512344,503897,1016131,508065.5,6175.16352,512432,503699,0,0,0,0,92,60,2.95048206,2.95048206,0,6,2.571428571,3.207134903,10.28571429,0,0,0,1,0,0,0,0,1,3.0,0.0,6.0,92,0,0,0,0,0,0,3,0,3,18,8192,0,0,28,0.0,0.0,0,0,0.0,0.0,0,0,Bot
1000514,3,3,0,18,0,0,0.0,0.0,6,6,6.0,0.0,17.99075275,5.996917584,200102.8,273361.2113,499572,403,1000111,500055.5,40.30508653,500084,500027,1000002,500001.0,84.85281374,500061,499941,0,0,0,0,92,60,2.998458792,2.998458792,0,6,2.571428571,3.207134903,10.28571429,0,0,0,1,0,0,0,0,1,3.0,0.0,6.0,92,0,0,0,0,0,0,3,0,3,18,8192,0,0,28,0.0,0.0,0,0,0.0,0.0,0,0,Bot
1029770,3,3,0,18,0,0,0.0,0.0,6,6,6.0,0.0,17.47963137,5.826543791000001,205954.0,281114.38300000003,515080,551,1028967,514483.5,1622.810063,515631,513336,1029150,514575.0,1849.79134,515883,513267,0,0,0,0,92,60,2.9132718960000004,2.9132718960000004,0,6,2.571428571,3.207134903,10.28571429,0,0,0,1,0,0,0,0,1,3.0,0.0,6.0,92,0,0,0,0,0,0,3,0,3,18,8192,0,0,28,0.0,0.0,0,0,0.0,0.0,0,0,Bot
997064,3,3,0,18,0,0,0.0,0.0,6,6,6.0,0.0,18.05300362,6.017667873,199412.8,272305.7214,498578,430,996634,498317.0,1254.40743,499204,497430,996472,498236.0,1091.77287,499008,497464,0,0,0,0,92,60,3.0088339360000003,3.0088339360000003,0,6,2.571428571,3.207134903,10.28571429,0,0,0,1,0,0,0,0,1,3.0,0.0,6.0,92,0,0,0,0,0,0,3,0,3,18,8192,0,0,28,0.0,0.0,0,0,0.0,0.0,0,0,Bot
1029408,3,3,0,18,0,0,0.0,0.0,6,6,6.0,0.0,17.48577823,5.828592745,205881.6,281023.2556,515022,559,1028849,514424.5,1704.834449,515630,513219,1028618,514309.0,1798.8796510000002,515581,513037,0,0,0,0,92,60,2.914296372,2.914296372,0,6,2.571428571,3.207134903,10.28571429,0,0,0,1,0,0,0,0,1,3.0,0.0,6.0,92,0,0,0,0,0,0,3,0,3,18,8192,0,0,28,0.0,0.0,0,0,0.0,0.0,0,0,Bot
997979,3,3,0,18,0,0,0.0,0.0,6,6,6.0,0.0,18.03645167,6.012150556,199595.8,272549.1981,499559,463,997309,498654.5,1933.937047,500022,497287,997446,498723.0,2129.805625,500229,497217,0,0,0,0,92,60,3.006075278,3.006075278,0,6,2.571428571,3.207134903,10.28571429,0,0,0,1,0,0,0,0,1,3.0,0.0,6.0,92,0,0,0,0,0,0,3,0,3,18,8192,0,0,28,0.0,0.0,0,0,0.0,0.0,0,0,Bot
1000577,3,3,0,18,0,0,0.0,0.0,6,6,6.0,0.0,17.98961999,5.996539996,200115.4,273272.5966,499536,367,1000210,500105.0,18.38477631,500118,500092,999890,499945.0,59.39696962,499987,499903,0,0,0,0,92,60,2.998269998,2.998269998,0,6,2.571428571,3.207134903,10.28571429,0,0,0,1,0,0,0,0,1,3.0,0.0,6.0,92,0,0,0,0,0,0,3,0,3,18,8192,0,0,28,0.0,0.0,0,0,0.0,0.0,0,0,Bot
1016964,3,3,0,18,0,0,0.0,0.0,6,6,6.0,0.0,17.69974158,5.899913861,203392.8,277682.2167,516929,410,1016554,508277.0,13212.99731,517620,498934,1016082,508041.0,13149.3577,517339,498743,0,0,0,0,92,60,2.9499569310000004,2.9499569310000004,0,6,2.571428571,3.207134903,10.28571429,0,0,0,1,0,0,0,0,1,3.0,0.0,6.0,92,0,0,0,0,0,0,3,0,3,18,8192,0,0,28,0.0,0.0,0,0,0.0,0.0,0,0,Bot
1000199,3,3,0,18,0,0,0.0,0.0,6,6,6.0,0.0,17.99641871,5.998806237999999,200039.8,273312.8486,499586,382,999703,499851.5,251.02290730000004,500029,499674,999817,499908.5,245.3660531,500082,499735,0,0,0,0,92,60,2.999403119,2.999403119,0,6,2.571428571,3.207134903,10.28571429,0,0,0,1,0,0,0,0,1,3.0,0.0,6.0,92,0,0,0,0,0,0,3,0,3,18,8192,0,0,28,0.0,0.0,0,0,0.0,0.0,0,0,Bot
1029653,3,3,0,18,0,0,0.0,0.0,6,6,6.0,0.0,17.48161759,5.827205864,205930.6,281161.5367,515001,522,1028960,514480.0,1564.1202,515586,513374,1029131,514565.5,1595.9400050000006,515694,513437,0,0,0,0,92,60,2.913602932,2.913602932,0,6,2.571428571,3.207134903,10.28571429,0,0,0,1,0,0,0,0,1,3.0,0.0,6.0,92,0,0,0,0,0,0,3,0,3,18,8192,0,0,28,0.0,0.0,0,0,0.0,0.0,0,0,Bot
995753,3,3,0,18,0,0,0.0,0.0,6,6,6.0,0.0,18.07677205,6.025590684,199150.6,271880.0532,499463,454,995299,497649.5,3324.108978,500000,495299,994939,497469.5,3461.287694,499917,495022,0,0,0,0,92,60,3.012795342,3.012795342,0,6,2.571428571,3.207134903,10.28571429,0,0,0,1,0,0,0,0,1,3.0,0.0,6.0,92,0,0,0,0,0,0,3,0,3,18,8192,0,0,28,0.0,0.0,0,0,0.0,0.0,0,0,Bot
1029548,3,3,0,18,0,0,0.0,0.0,6,6,6.0,0.0,17.48340048,5.827800161,205909.6,281115.4215,515134,514,1029002,514501.0,1622.102956,515648,513354,1028769,514384.5,1832.11367,515680,513089,0,0,0,0,92,60,2.91390008,2.91390008,0,6,2.571428571,3.207134903,10.28571429,0,0,0,1,0,0,0,0,1,3.0,0.0,6.0,92,0,0,0,0,0,0,3,0,3,18,8192,0,0,28,0.0,0.0,0,0,0.0,0.0,0,0,Bot
997128,3,3,0,18,0,0,0.0,0.0,6,6,6.0,0.0,18.0518449,6.017281633,199425.6,272364.3581,498679,480,996648,498324.0,1226.123159,499191,497457,996562,498281.0,1241.679508,499159,497403,0,0,0,0,92,60,3.008640816,3.008640816,0,6,2.571428571,3.207134903,10.28571429,0,0,0,1,0,0,0,0,1,3.0,0.0,6.0,92,0,0,0,0,0,0,3,0,3,18,8192,0,0,28,0.0,0.0,0,0,0.0,0.0,0,0,Bot
1002015,3,3,0,18,0,0,0.0,0.0,6,6,6.0,0.0,17.96380294,5.987934312,200403.0,273527.7555,500392,540,1001475,500737.5,365.5742059,500996,500479,1001219,500609.5,456.0838739,500932,500287,0,0,0,0,92,60,2.993967156,2.993967156,0,6,2.571428571,3.207134903,10.28571429,0,0,0,1,0,0,0,0,1,3.0,0.0,6.0,92,0,0,0,0,0,0,3,0,3,18,8192,0,0,28,0.0,0.0,0,0,0.0,0.0,0,0,Bot
1017741,3,3,0,18,0,0,0.0,0.0,6,6,6.0,0.0,17.68622862,5.895409539,203548.2,278080.3174,509136,418,1017299,508649.5,1279.156167,509554,507745,1017198,508599.0,1384.515078,509578,507620,0,0,0,0,92,60,2.94770477,2.94770477,0,6,2.571428571,3.207134903,10.28571429,0,0,0,1,0,0,0,0,1,3.0,0.0,6.0,92,0,0,0,0,0,0,3,0,3,18,8192,0,0,28,0.0,0.0,0,0,0.0,0.0,0,0,Bot
1008804,3,3,0,18,0,0,0.0,0.0,6,6,6.0,0.0,17.84291101,5.947637004,201760.8,275538.2526,507696,496,1008308,504154.0,5840.702013,508284,500024,1008216,504108.0,5863.32943,508254,499962,0,0,0,0,92,60,2.973818502,2.973818502,0,6,2.571428571,3.207134903,10.28571429,0,0,0,1,0,0,0,0,1,3.0,0.0,6.0,92,0,0,0,0,0,0,3,0,3,18,8192,0,0,28,0.0,0.0,0,0,0.0,0.0,0,0,Bot
1029477,3,3,0,18,0,0,0.0,0.0,6,6,6.0,0.0,17.48460626,5.828202087,205895.4,281253.4882,515083,467,1028959,514479.5,1571.898375,515591,513368,1029010,514505.0,1549.978064,515601,513409,0,0,0,0,92,60,2.914101044,2.914101044,0,6,2.571428571,3.207134903,10.28571429,0,0,0,1,0,0,0,0,1,3.0,0.0,6.0,92,0,0,0,0,0,0,3,0,3,18,8192,0,0,28,0.0,0.0,0,0,0.0,0.0,0,0,Bot
997157,3,3,0,18,0,0,0.0,0.0,6,6,6.0,0.0,18.0513199,6.017106634,199431.4,272406.9093,498682,462,996666,498333.0,1241.679508,499211,497455,996695,498347.5,1167.4332960000004,499173,497522,0,0,0,0,92,60,3.008553317,3.008553317,0,6,2.571428571,3.207134903,10.28571429,0,0,0,1,0,0,0,0,1,3.0,0.0,6.0,92,0,0,0,0,0,0,3,0,3,18,8192,0,0,28,0.0,0.0,0,0,0.0,0.0,0,0,Bot
1014026,3,3,0,18,0,0,0.0,0.0,6,6,6.0,0.0,17.75102414,5.917008045,202805.2,276766.7132,512416,549,1013316,506658.0,9379.064346,513290,500026,1013152,506576.0,9035.41045,512965,500187,0,0,0,0,92,60,2.958504023,2.958504023,0,6,2.571428571,3.207134903,10.28571429,0,0,0,1,0,0,0,0,1,3.0,0.0,6.0,92,0,0,0,0,0,0,3,0,3,18,8192,0,0,28,0.0,0.0,0,0,0.0,0.0,0,0,Bot
997066,3,3,0,18,0,0,0.0,0.0,6,6,6.0,0.0,18.05296741,6.017655802,199413.2,272319.5653,498628,402,996664,498332.0,1248.750576,499215,497449,996436,498218.0,1148.341413,499030,497406,0,0,0,0,92,60,3.008827901,3.008827901,0,6,2.571428571,3.207134903,10.28571429,0,0,0,1,0,0,0,0,1,3.0,0.0,6.0,92,0,0,0,0,0,0,3,0,3,18,8192,0,0,28,0.0,0.0,0,0,0.0,0.0,0,0,Bot
1002747,3,3,0,18,0,0,0.0,0.0,6,6,6.0,0.0,17.95068946,5.983563152,200549.4,273906.3913,501160,454,1002185,501092.5,737.5123727999999,501614,500571,1002293,501146.5,774.2819254,501694,500599,0,0,0,0,92,60,2.991781576,2.991781576,0,6,2.571428571,3.207134903,10.28571429,0,0,0,1,0,0,0,0,1,3.0,0.0,6.0,92,0,0,0,0,0,0,3,0,3,18,8192,0,0,28,0.0,0.0,0,0,0.0,0.0,0,0,Bot
1000635,3,3,0,18,0,0,0.0,0.0,6,6,6.0,0.0,17.98857725,5.996192418,200127.0,273284.1781,500395,478,1000157,500078.5,1308.854652,501004,499153,1000075,500037.5,1181.575431,500873,499202,0,0,0,0,92,60,2.998096209,2.998096209,0,6,2.571428571,3.207134903,10.28571429,0,0,0,1,0,0,0,0,1,3.0,0.0,6.0,92,0,0,0,0,0,0,3,0,3,18,8192,0,0,28,0.0,0.0,0,0,0.0,0.0,0,0,Bot
1002485,3,3,0,18,0,0,0.0,0.0,6,6,6.0,0.0,17.95538088,5.98512696,200497.0,273722.9996,500423,483,1002002,501001.0,7.071067812000001,501006,500996,1001912,500956.0,289.9137803000001,501161,500751,0,0,0,0,92,60,2.99256348,2.99256348,0,6,2.571428571,3.207134903,10.28571429,0,0,0,1,0,0,0,0,1,3.0,0.0,6.0,92,0,0,0,0,0,0,3,0,3,18,8192,0,0,28,0.0,0.0,0,0,0.0,0.0,0,0,Bot
1029263,3,3,0,18,0,0,0.0,0.0,6,6,6.0,0.0,17.48824159,5.829413862000001,205852.6,281263.4432,515095,330,1028933,514466.5,1636.952198,515624,513309,1028779,514389.5,1464.418144,515425,513354,0,0,0,0,92,60,2.9147069310000004,2.9147069310000004,0,6,2.571428571,3.207134903,10.28571429,0,0,0,1,0,0,0,0,1,3.0,0.0,6.0,92,0,0,0,0,0,0,3,0,3,18,8192,0,0,28,0.0,0.0,0,0,0.0,0.0,0,0,Bot
997151,3,3,0,18,0,0,0.0,0.0,6,6,6.0,0.0,18.05142852,6.01714284,199430.2,272382.3731,498603,431,996647,498323.5,1239.558187,499200,497447,996720,498360.0,1056.417531,499107,497613,0,0,0,0,92,60,3.00857142,3.00857142,0,6,2.571428571,3.207134903,10.28571429,0,0,0,1,0,0,0,0,1,3.0,0.0,6.0,92,0,0,0,0,0,0,3,0,3,18,8192,0,0,28,0.0,0.0,0,0,0.0,0.0,0,0,Bot
1002549,3,3,0,18,0,0,0.0,0.0,6,6,6.0,0.0,17.95423466,5.984744885,200509.8,273515.0767,500349,668,1001751,500875.5,200.1112191,501017,500734,1001727,500863.5,400.9295449,501147,500580,0,0,0,0,92,60,2.9923724430000003,2.9923724430000003,0,6,2.571428571,3.207134903,10.28571429,0,0,0,1,0,0,0,0,1,3.0,0.0,6.0,92,0,0,0,0,0,0,3,0,3,18,8192,0,0,28,0.0,0.0,0,0,0.0,0.0,0,0,Bot
999865,3,3,0,18,0,0,0.0,0.0,6,6,6.0,0.0,18.00243033,6.000810109,199973.0,272985.9921,499427,593,999252,499626.0,557.2001436,500020,499232,999234,499617.0,598.2123369,500040,499194,0,0,0,0,92,60,3.000405055,3.000405055,0,6,2.571428571,3.207134903,10.28571429,0,0,0,1,0,0,0,0,1,3.0,0.0,6.0,92,0,0,0,0,0,0,3,0,3,18,8192,0,0,28,0.0,0.0,0,0,0.0,0.0,0,0,Bot
1025506,3,3,0,18,0,0,0.0,0.0,6,6,6.0,0.0,17.55231076,5.850770254,205101.2,280086.1298,512338,430,1024906,512453.0,445.4772721,512768,512138,1024870,512435.0,711.3494218999997,512938,511932,0,0,0,0,92,60,2.925385127,2.925385127,0,6,2.571428571,3.207134903,10.28571429,0,0,0,1,0,0,0,0,1,3.0,0.0,6.0,92,0,0,0,0,0,0,3,0,3,18,8192,0,0,28,0.0,0.0,0,0,0.0,0.0,0,0,Bot
1025108,3,3,0,18,0,0,0.0,0.0,6,6,6.0,0.0,17.55912548,5.853041826,205021.6,280009.4809,514350,470,1024482,512241.0,3647.2567770000014,514820,509662,1024596,512298.0,3787.26392,514976,509620,0,0,0,0,92,60,2.926520913,2.926520913,0,6,2.571428571,3.207134903,10.28571429,0,0,0,1,0,0,0,0,1,3.0,0.0,6.0,92,0,0,0,0,0,0,3,0,3,18,8192,0,0,28,0.0,0.0,0,0,0.0,0.0,0,0,Bot
1029731,3,3,0,18,0,0,0.0,0.0,6,6,6.0,0.0,17.480293399999997,5.826764466,205946.2,281190.901,515161,470,1028949,514474.5,1635.537985,515631,513318,1029200,514600.0,1899.288814,515943,513257,0,0,0,0,92,60,2.913382233,2.913382233,0,6,2.571428571,3.207134903,10.28571429,0,0,0,1,0,0,0,0,1,3.0,0.0,6.0,92,0,0,0,0,0,0,3,0,3,18,8192,0,0,28,0.0,0.0,0,0,0.0,0.0,0,0,Bot
1001208,3,3,0,18,0,0,0.0,0.0,6,6,6.0,0.0,17.97828224,5.992760745,200241.6,273435.0179,500151,433,1000775,500387.5,471.64022310000007,500721,500054,1000638,500319.0,690.1362184,500807,499831,0,0,0,0,92,60,2.996380373,2.996380373,0,6,2.571428571,3.207134903,10.28571429,0,0,0,1,0,0,0,0,1,3.0,0.0,6.0,92,0,0,0,0,0,0,3,0,3,18,8192,0,0,28,0.0,0.0,0,0,0.0,0.0,0,0,Bot
991947,3,3,0,18,0,0,0.0,0.0,6,6,6.0,0.0,18.14613079,6.048710264,198389.4,270743.6782,499201,588,991297,495648.5,6151.121889999999,499998,491299,991359,495679.5,5899.391875,499851,491508,0,0,0,0,92,60,3.024355132,3.024355132,0,6,2.571428571,3.207134903,10.28571429,0,0,0,1,0,0,0,0,1,3.0,0.0,6.0,92,0,0,0,0,0,0,3,0,3,18,8192,0,0,28,0.0,0.0,0,0,0.0,0.0,0,0,Bot
1002254,3,3,0,18,0,0,0.0,0.0,6,6,6.0,0.0,17.95951924,5.986506415,200450.8,273506.5141,500410,557,1001697,500848.5,224.1528496,501007,500690,1001278,500639.0,463.8620485,500967,500311,0,0,0,0,92,60,2.993253207,2.993253207,0,6,2.571428571,3.207134903,10.28571429,0,0,0,1,0,0,0,0,1,3.0,0.0,6.0,92,0,0,0,0,0,0,3,0,3,18,8192,0,0,28,0.0,0.0,0,0,0.0,0.0,0,0,Bot
1028597,3,3,0,18,0,0,0.0,0.0,6,6,6.0,0.0,17.49956494,5.833188314,205719.4,281101.8201,528137,467,1027862,513931.0,20817.22364,528651,499211,1028083,514041.5,20594.485,528604,499479,0,0,0,0,92,60,2.916594157,2.916594157,0,6,2.571428571,3.207134903,10.28571429,0,0,0,1,0,0,0,0,1,3.0,0.0,6.0,92,0,0,0,0,0,0,3,0,3,18,8192,0,0,28,0.0,0.0,0,0,0.0,0.0,0,0,Bot
1014432,3,3,0,18,0,0,0.0,0.0,6,6,6.0,0.0,17.74391975,5.914639917000001,202886.4,277281.5987,510537,355,1014077,507038.5,5480.784661,510914,503163,1014055,507027.5,5619.37759,511001,503054,0,0,0,0,92,60,2.957319958,2.957319958,0,6,2.571428571,3.207134903,10.28571429,0,0,0,1,0,0,0,0,1,3.0,0.0,6.0,92,0,0,0,0,0,0,3,0,3,18,8192,0,0,28,0.0,0.0,0,0,0.0,0.0,0,0,Bot
1024980,3,3,0,18,0,0,0.0,0.0,6,6,6.0,0.0,17.56131827,5.853772757000001,204996.0,279972.3863,514237,445,1024535,512267.5,3656.449166,514853,509682,1024429,512214.5,3489.571965,514682,509747,0,0,0,0,92,60,2.9268863780000003,2.9268863780000003,0,6,2.571428571,3.207134903,10.28571429,0,0,0,1,0,0,0,0,1,3.0,0.0,6.0,92,0,0,0,0,0,0,3,0,3,18,8192,0,0,28,0.0,0.0,0,0,0.0,0.0,0,0,Bot
1013856,3,3,0,18,0,0,0.0,0.0,6,6,6.0,0.0,17.75400057,5.918000189,202771.2,276947.5316,512817,501,1013355,506677.5,9478.766402,513380,499975,1013293,506646.5,9542.406012,513394,499899,0,0,0,0,92,60,2.959000095,2.959000095,0,6,2.571428571,3.207134903,10.28571429,0,0,0,1,0,0,0,0,1,3.0,0.0,6.0,92,0,0,0,0,0,0,3,0,3,18,8192,0,0,28,0.0,0.0,0,0,0.0,0.0,0,0,Bot
1003334,3,3,0,18,0,0,0.0,0.0,6,6,6.0,0.0,17.94018742,5.980062472,200666.8,274057.1257,501460,446,1002772,501386.0,902.2682528,502024,500748,1002888,501444.0,817.4154391,502022,500866,0,0,0,0,92,60,2.990031236,2.990031236,0,6,2.571428571,3.207134903,10.28571429,0,0,0,1,0,0,0,0,1,3.0,0.0,6.0,92,0,0,0,0,0,0,3,0,3,18,8192,0,0,28,0.0,0.0,0,0,0.0,0.0,0,0,Bot
997000,3,3,0,18,0,0,0.0,0.0,6,6,6.0,0.0,18.05416249,6.018054162,199400.0,272370.5941,498772,404,996596,498298.0,1257.235857,499187,497409,996351,498175.5,1414.920669,499176,497175,0,0,0,0,92,60,3.009027081,3.009027081,0,6,2.571428571,3.207134903,10.28571429,0,0,0,1,0,0,0,0,1,3.0,0.0,6.0,92,0,0,0,0,0,0,3,0,3,18,8192,0,0,28,0.0,0.0,0,0,0.0,0.0,0,0,Bot
1002340,3,3,0,18,0,0,0.0,0.0,6,6,6.0,0.0,17.95797833,5.985992777000001,200468.0,273503.9335,500253,580,1001760,500880.0,255.9726548,501061,500699,1001541,500770.5,88.38834765,500833,500708,0,0,0,0,92,60,2.9929963880000003,2.9929963880000003,0,6,2.571428571,3.207134903,10.28571429,0,0,0,1,0,0,0,0,1,3.0,0.0,6.0,92,0,0,0,0,0,0,3,0,3,18,8192,0,0,28,0.0,0.0,0,0,0.0,0.0,0,0,Bot
997474,3,3,0,18,0,0,0.0,0.0,6,6,6.0,0.0,18.04558314,6.015194381000001,199494.8,272249.5606,498588,615,996698,498349.0,1223.294731,499214,497484,996859,498429.5,1321.582574,499364,497495,0,0,0,0,92,60,3.0075971910000003,3.0075971910000003,0,6,2.571428571,3.207134903,10.28571429,0,0,0,1,0,0,0,0,1,3.0,0.0,6.0,92,0,0,0,0,0,0,3,0,3,18,8192,0,0,28,0.0,0.0,0,0,0.0,0.0,0,0,Bot
1015739,3,3,0,18,0,0,0.0,0.0,6,6,6.0,0.0,17.7210878,5.907029266,203147.8,277470.2291,513283,393,1015346,507673.0,8707.312904,513830,501516,1015066,507533.0,8687.513914,513676,501390,0,0,0,0,92,60,2.953514633,2.953514633,0,6,2.571428571,3.207134903,10.28571429,0,0,0,1,0,0,0,0,1,3.0,0.0,6.0,92,0,0,0,0,0,0,3,0,3,18,8192,0,0,28,0.0,0.0,0,0,0.0,0.0,0,0,Bot
1013876,3,3,0,18,0,0,0.0,0.0,6,6,6.0,0.0,17.75365035,5.917883449,202775.2,276960.5473,508776,376,1013500,506750.0,3869.288307,509486,504014,1013413,506706.5,3458.459267,509152,504261,0,0,0,0,92,60,2.958941725,2.958941725,0,6,2.571428571,3.207134903,10.28571429,0,0,0,1,0,0,0,0,1,3.0,0.0,6.0,92,0,0,0,0,0,0,3,0,3,18,8192,0,0,28,0.0,0.0,0,0,0.0,0.0,0,0,Bot
1025021,3,3,0,18,0,0,0.0,0.0,6,6,6.0,0.0,17.56061583,5.85353861,205004.2,280061.9408,514305,428,1024593,512296.5,3534.8267990000004,514796,509797,1024500,512250.0,3511.492275,514733,509767,0,0,0,0,92,60,2.926769305,2.926769305,0,6,2.571428571,3.207134903,10.28571429,0,0,0,1,0,0,0,0,1,3.0,0.0,6.0,92,0,0,0,0,0,0,3,0,3,18,8192,0,0,28,0.0,0.0,0,0,0.0,0.0,0,0,Bot
1004145,3,3,0,18,0,0,0.0,0.0,6,6,6.0,0.0,17.92569798,5.975232661000001,200829.0,274181.8012,501436,371,1003774,501887.0,209.3036072,502035,501739,1003330,501665.0,200.8183259,501807,501523,0,0,0,0,92,60,2.98761633,2.98761633,0,6,2.571428571,3.207134903,10.28571429,0,0,0,1,0,0,0,0,1,3.0,0.0,6.0,92,0,0,0,0,0,0,3,0,3,18,8192,0,0,28,0.0,0.0,0,0,0.0,0.0,0,0,Bot
999172,3,3,0,18,0,0,0.0,0.0,6,6,6.0,0.0,18.01491635,6.004972117,199834.4,272915.9874,499972,489,998629,499314.5,1700.591809,500517,498112,998683,499341.5,1659.579615,500515,498168,0,0,0,0,92,60,3.002486058,3.002486058,0,6,2.571428571,3.207134903,10.28571429,0,0,0,1,0,0,0,0,1,3.0,0.0,6.0,92,0,0,0,0,0,0,3,0,3,18,8192,0,0,28,0.0,0.0,0,0,0.0,0.0,0,0,Bot
1001159,3,3,0,18,0,0,0.0,0.0,6,6,6.0,0.0,17.97916215,5.99305405,200231.8,273555.2666,500139,369,1000790,500395.0,521.8448045,500764,500026,1000534,500267.0,345.0681092,500511,500023,0,0,0,0,92,60,2.996527025,2.996527025,0,6,2.571428571,3.207134903,10.28571429,0,0,0,1,0,0,0,0,1,3.0,0.0,6.0,92,0,0,0,0,0,0,3,0,3,18,8192,0,0,28,0.0,0.0,0,0,0.0,0.0,0,0,Bot
997048,3,3,0,18,0,0,0.0,0.0,6,6,6.0,0.0,18.05329332,6.017764441000001,199409.6,272407.1494,498633,364,996684,498342.0,1206.324169,499195,497489,996558,498279.0,1015.405338,498997,497561,0,0,0,0,92,60,3.00888222,3.00888222,0,6,2.571428571,3.207134903,10.28571429,0,0,0,1,0,0,0,0,1,3.0,0.0,6.0,92,0,0,0,0,0,0,3,0,3,18,8192,0,0,28,0.0,0.0,0,0,0.0,0.0,0,0,Bot
1027298,3,3,0,18,0,0,0.0,0.0,6,6,6.0,0.0,17.52169283,5.840564276,205459.6,280650.867,513745,355,1026943,513471.5,1277.741954,514375,512568,1026778,513389.0,1005.505843,514100,512678,0,0,0,0,92,60,2.920282138,2.920282138,0,6,2.571428571,3.207134903,10.28571429,0,0,0,1,0,0,0,0,1,3.0,0.0,6.0,92,0,0,0,0,0,0,3,0,3,18,8192,0,0,28,0.0,0.0,0,0,0.0,0.0,0,0,Bot
1006904,3,3,0,18,0,0,0.0,0.0,6,6,6.0,0.0,17.87658009,5.95886003,201380.8,275083.1491,505843,383,1006268,503134.0,4372.748335,506226,500042,1006521,503260.5,4311.230045,506309,500212,0,0,0,0,92,60,2.979430015,2.979430015,0,6,2.571428571,3.207134903,10.28571429,0,0,0,1,0,0,0,0,1,3.0,0.0,6.0,92,0,0,0,0,0,0,3,0,3,18,8192,0,0,28,0.0,0.0,0,0,0.0,0.0,0,0,Bot
1020080,3,3,0,18,0,0,0.0,0.0,6,6,6.0,0.0,17.64567485,5.881891616,204016.0,278717.9351,518150,421,1019554,509777.0,12712.36571,518766,500788,1019659,509829.5,12510.84028,518676,500983,0,0,0,0,92,60,2.940945808,2.940945808,0,6,2.571428571,3.207134903,10.28571429,0,0,0,1,0,0,0,0,1,3.0,0.0,6.0,92,0,0,0,0,0,0,3,0,3,18,8192,0,0,28,0.0,0.0,0,0,0.0,0.0,0,0,Bot
1003247,3,3,0,18,0,0,0.0,0.0,6,6,6.0,0.0,17.94174316,5.980581053,200649.4,273927.0398,501375,493,1002754,501377.0,876.8124087000001,501997,500757,1002557,501278.5,833.678895,501868,500689,0,0,0,0,92,60,2.990290527,2.990290527,0,6,2.571428571,3.207134903,10.28571429,0,0,0,1,0,0,0,0,1,3.0,0.0,6.0,92,0,0,0,0,0,0,3,0,3,18,8192,0,0,28,0.0,0.0,0,0,0.0,0.0,0,0,Bot
997270,3,3,0,18,0,0,0.0,0.0,6,6,6.0,0.0,18.04927452,6.01642484,199454.0,272381.5247,498825,377,996674,498337.0,1223.294731,499202,497472,996637,498318.5,1559.170453,499421,497216,0,0,0,0,92,60,3.00821242,3.00821242,0,6,2.571428571,3.207134903,10.28571429,0,0,0,1,0,0,0,0,1,3.0,0.0,6.0,92,0,0,0,0,0,0,3,0,3,18,8192,0,0,28,0.0,0.0,0,0,0.0,0.0,0,0,Bot
1029384,3,3,0,18,0,0,0.0,0.0,6,6,6.0,0.0,17.48618591,5.828728637999999,205876.8,280778.5809,514918,415,1028969,514484.5,1610.082141,515623,513346,1028024,514012.0,1868.176116,515333,512691,0,0,0,0,92,60,2.914364319,2.914364319,0,6,2.571428571,3.207134903,10.28571429,0,0,0,1,0,0,0,0,1,3.0,0.0,6.0,92,0,0,0,0,0,0,3,0,3,18,8192,0,0,28,0.0,0.0,0,0,0.0,0.0,0,0,Bot
997309,3,3,0,18,0,0,0.0,0.0,6,6,6.0,0.0,18.0485687,6.016189566,199461.8,272377.8053,498684,448,996637,498318.5,1248.043469,499201,497436,996861,498430.5,1308.854652,499356,497505,0,0,0,0,92,60,3.008094783,3.008094783,0,6,2.571428571,3.207134903,10.28571429,0,0,0,1,0,0,0,0,1,3.0,0.0,6.0,92,0,0,0,0,0,0,3,0,3,18,8192,0,0,28,0.0,0.0,0,0,0.0,0.0,0,0,Bot
1005504,3,3,0,18,0,0,0.0,0.0,6,6,6.0,0.0,17.90147031,5.967156769,201100.8,274634.3509,503859,505,1004931,502465.5,2731.553496,504397,500534,1004999,502499.5,2732.967709,504432,500567,0,0,0,0,92,60,2.983578385,2.983578385,0,6,2.571428571,3.207134903,10.28571429,0,0,0,1,0,0,0,0,1,3.0,0.0,6.0,92,0,0,0,0,0,0,3,0,3,18,8192,0,0,28,0.0,0.0,0,0,0.0,0.0,0,0,Bot
1000555,3,3,0,18,0,0,0.0,0.0,6,6,6.0,0.0,17.99001554,5.996671847000001,200111.0,273146.0544,499351,556,999999,499999.5,75.66042559,500053,499946,999960,499980.0,169.7056275,500100,499860,0,0,0,0,92,60,2.998335924,2.998335924,0,6,2.571428571,3.207134903,10.28571429,0,0,0,1,0,0,0,0,1,3.0,0.0,6.0,92,0,0,0,0,0,0,3,0,3,18,8192,0,0,28,0.0,0.0,0,0,0.0,0.0,0,0,Bot
997742,3,3,0,18,0,0,0.0,0.0,6,6,6.0,0.0,18.04073598,6.013578661,199548.4,272550.0665,499531,445,997287,498643.5,1884.439572,499976,497311,997120,498560.0,2016.66854,499986,497134,0,0,0,0,92,60,3.00678933,3.00678933,0,6,2.571428571,3.207134903,10.28571429,0,0,0,1,0,0,0,0,1,3.0,0.0,6.0,92,0,0,0,0,0,0,3,0,3,18,8192,0,0,28,0.0,0.0,0,0,0.0,0.0,0,0,Bot
1029326,3,3,0,18,0,0,0.0,0.0,6,6,6.0,0.0,17.48717122,5.829057072,205865.2,281198.9842,515028,347,1028979,514489.5,1597.354219,515619,513360,1028742,514371.0,1419.870417,515375,513367,0,0,0,0,92,60,2.914528536,2.914528536,0,6,2.571428571,3.207134903,10.28571429,0,0,0,1,0,0,0,0,1,3.0,0.0,6.0,92,0,0,0,0,0,0,3,0,3,18,8192,0,0,28,0.0,0.0,0,0,0.0,0.0,0,0,Bot
997119,3,3,0,18,0,0,0.0,0.0,6,6,6.0,0.0,18.05200783,6.017335945,199423.8,272432.2098,498767,428,996605,498302.5,1262.185604,499195,497410,996657,498328.5,1347.038418,499281,497376,0,0,0,0,92,60,3.008667972,3.008667972,0,6,2.571428571,3.207134903,10.28571429,0,0,0,1,0,0,0,0,1,3.0,0.0,6.0,92,0,0,0,0,0,0,3,0,3,18,8192,0,0,28,0.0,0.0,0,0,0.0,0.0,0,0,Bot
1045074,3,3,0,18,0,0,0.0,0.0,6,6,6.0,0.0,17.22366072,5.741220239,209014.8,285471.4657,528115,349,1044578,522289.0,9429.976034,528957,515621,1044232,522116.0,8977.427694,528464,515768,0,0,0,0,92,60,2.870610119,2.870610119,0,6,2.571428571,3.207134903,10.28571429,0,0,0,1,0,0,0,0,1,3.0,0.0,6.0,92,0,0,0,0,0,0,3,0,3,18,8192,0,0,28,0.0,0.0,0,0,0.0,0.0,0,0,Bot
998068,3,3,0,18,0,0,0.0,0.0,6,6,6.0,0.0,18.03484332,6.011614439,199613.6,272474.0891,499497,531,997255,498627.5,1980.606094,500028,497227,997528,498764.0,2186.3741670000004,500310,497218,0,0,0,0,92,60,3.00580722,3.00580722,0,6,2.571428571,3.207134903,10.28571429,0,0,0,1,0,0,0,0,1,3.0,0.0,6.0,92,0,0,0,0,0,0,3,0,3,18,8192,0,0,28,0.0,0.0,0,0,0.0,0.0,0,0,Bot
1002499,3,3,0,18,0,0,0.0,0.0,6,6,6.0,0.0,17.95513013,5.985043377,200499.8,273600.6669,500748,502,1001759,500879.5,986.4139598,501577,500182,1001670,500835.0,586.8986284,501250,500420,0,0,0,0,92,60,2.992521688,2.992521688,0,6,2.571428571,3.207134903,10.28571429,0,0,0,1,0,0,0,0,1,3.0,0.0,6.0,92,0,0,0,0,0,0,3,0,3,18,8192,0,0,28,0.0,0.0,0,0,0.0,0.0,0,0,Bot
1002068,3,3,0,18,0,0,0.0,0.0,6,6,6.0,0.0,17.96285282,5.987617607000001,200413.6,273751.2274,500480,380,1001513,500756.5,382.5447686,501027,500486,1001688,500844.0,270.11479039999995,501035,500653,0,0,0,0,92,60,2.9938088030000003,2.9938088030000003,0,6,2.571428571,3.207134903,10.28571429,0,0,0,1,0,0,0,0,1,3.0,0.0,6.0,92,0,0,0,0,0,0,3,0,3,18,8192,0,0,28,0.0,0.0,0,0,0.0,0.0,0,0,Bot
1029901,3,3,0,18,0,0,0.0,0.0,6,6,6.0,0.0,17.47740802,5.825802674,205980.2,281282.3053,515134,495,1029319,514659.5,1371.080049,515629,513690,1029294,514647.0,1511.794298,515716,513578,0,0,0,0,92,60,2.912901337,2.912901337,0,6,2.571428571,3.207134903,10.28571429,0,0,0,1,0,0,0,0,1,3.0,0.0,6.0,92,0,0,0,0,0,0,3,0,3,18,8192,0,0,28,0.0,0.0,0,0,0.0,0.0,0,0,Bot
1045315,3,3,0,18,0,0,0.0,0.0,6,6,6.0,0.0,17.21968976,5.739896586,209063.0,285441.7198,530586,624,1044623,522311.5,12584.37938,531210,513413,1044661,522330.5,12653.67585,531278,513383,0,0,0,0,92,60,2.869948293,2.869948293,0,6,2.571428571,3.207134903,10.28571429,0,0,0,1,0,0,0,0,1,3.0,0.0,6.0,92,0,0,0,0,0,0,3,0,3,18,8192,0,0,28,0.0,0.0,0,0,0.0,0.0,0,0,Bot
996828,3,3,0,18,0,0,0.0,0.0,6,6,6.0,0.0,18.05727768,6.019092562000001,199365.6,272339.1206,499601,424,996277,498138.5,2667.913885,500025,496252,996364,498182.0,2786.000718,500152,496212,0,0,0,0,92,60,3.0095462810000004,3.0095462810000004,0,6,2.571428571,3.207134903,10.28571429,0,0,0,1,0,0,0,0,1,3.0,0.0,6.0,92,0,0,0,0,0,0,3,0,3,18,8192,0,0,28,0.0,0.0,0,0,0.0,0.0,0,0,Bot
1045199,3,3,0,18,0,0,0.0,0.0,6,6,6.0,0.0,17.22160086,5.740533621,209039.8,285281.7495,530445,610,1044589,522294.5,12650.84742,531240,513349,1044351,522175.5,12557.50933,531055,513296,0,0,0,0,92,60,2.87026681,2.87026681,0,6,2.571428571,3.207134903,10.28571429,0,0,0,1,0,0,0,0,1,3.0,0.0,6.0,92,0,0,0,0,0,0,3,0,3,18,8192,0,0,28,0.0,0.0,0,0,0.0,0.0,0,0,Bot
997141,3,3,0,18,0,0,0.0,0.0,6,6,6.0,0.0,18.05160955,6.017203184,199428.2,272294.8954,498609,512,996629,498314.5,1259.357177,499205,497424,996531,498265.5,1209.859703,499121,497410,0,0,0,0,92,60,3.008601592,3.008601592,0,6,2.571428571,3.207134903,10.28571429,0,0,0,1,0,0,0,0,1,3.0,0.0,6.0,92,0,0,0,0,0,0,3,0,3,18,8192,0,0,28,0.0,0.0,0,0,0.0,0.0,0,0,Bot
1023863,3,3,0,18,0,0,0.0,0.0,6,6,6.0,0.0,17.58047708,5.860159025,204772.6,279534.8738,511831,560,1023095,511547.5,1194.303353,512392,510703,1023302,511651.0,1046.518036,512391,510911,0,0,0,0,92,60,2.930079513,2.930079513,0,6,2.571428571,3.207134903,10.28571429,0,0,0,1,0,0,0,0,1,3.0,0.0,6.0,92,0,0,0,0,0,0,3,0,3,18,8192,0,0,28,0.0,0.0,0,0,0.0,0.0,0,0,Bot
998848,3,3,0,18,0,0,0.0,0.0,6,6,6.0,0.0,18.02075992,6.006919972,199769.6,272640.0586,499331,581,998104,499052.0,1329.360749,499992,498112,998267,499133.5,1331.482069,500075,498192,0,0,0,0,92,60,3.003459986,3.003459986,0,6,2.571428571,3.207134903,10.28571429,0,0,0,1,0,0,0,0,1,3.0,0.0,6.0,92,0,0,0,0,0,0,3,0,3,18,8192,0,0,28,0.0,0.0,0,0,0.0,0.0,0,0,Bot
999875,3,3,0,18,0,0,0.0,0.0,6,6,6.0,0.0,18.00225028,6.000750094,199975.0,273148.4512,499554,424,999451,499725.5,434.8706704,500033,499418,999291,499645.5,470.2260095,499978,499313,0,0,0,0,92,60,3.000375047,3.000375047,0,6,2.571428571,3.207134903,10.28571429,0,0,0,1,0,0,0,0,1,3.0,0.0,6.0,92,0,0,0,0,0,0,3,0,3,18,8192,0,0,28,0.0,0.0,0,0,0.0,0.0,0,0,Bot
1029369,3,3,0,18,0,0,0.0,0.0,6,6,6.0,0.0,17.48644072,5.828813574,205873.8,281205.0911,515165,393,1028976,514488.0,1582.504976,515607,513369,1028669,514334.5,1730.290294,515558,513111,0,0,0,0,92,60,2.914406787,2.914406787,0,6,2.571428571,3.207134903,10.28571429,0,0,0,1,0,0,0,0,1,3.0,0.0,6.0,92,0,0,0,0,0,0,3,0,3,18,8192,0,0,28,0.0,0.0,0,0,0.0,0.0,0,0,Bot
997095,3,3,0,18,0,0,0.0,0.0,6,6,6.0,0.0,18.05244235,6.017480782000001,199419.0,272283.2452,498601,438,996657,498328.5,1232.48712,499200,497457,996416,498208.0,1175.21147,499039,497377,0,0,0,0,92,60,3.0087403910000003,3.0087403910000003,0,6,2.571428571,3.207134903,10.28571429,0,0,0,1,0,0,0,0,1,3.0,0.0,6.0,92,0,0,0,0,0,0,3,0,3,18,8192,0,0,28,0.0,0.0,0,0,0.0,0.0,0,0,Bot
1060655,3,3,0,18,0,0,0.0,0.0,6,6,6.0,0.0,16.9706455,5.656881832000001,212131.0,289816.217,530761,435,1060220,530110.0,1600.889753,531242,528978,1060131,530065.5,1598.768432,531196,528935,0,0,0,0,92,60,2.8284409160000004,2.8284409160000004,0,6,2.571428571,3.207134903,10.28571429,0,0,0,1,0,0,0,0,1,3.0,0.0,6.0,92,0,0,0,0,0,0,3,0,3,18,8192,0,0,28,0.0,0.0,0,0,0.0,0.0,0,0,Bot
996621,3,3,0,18,0,0,0.0,0.0,6,6,6.0,0.0,18.06102821,6.020342737999999,199324.2,272213.2619,498692,512,996087,498043.5,1641.194839,499204,496883,996081,498040.5,1676.550178,499226,496855,0,0,0,0,92,60,3.010171369,3.010171369,0,6,2.571428571,3.207134903,10.28571429,0,0,0,1,0,0,0,0,1,3.0,0.0,6.0,92,0,0,0,0,0,0,3,0,3,18,8192,0,0,28,0.0,0.0,0,0,0.0,0.0,0,0,Bot
1010341,3,3,0,18,0,0,0.0,0.0,6,6,6.0,0.0,17.81576715,5.938589051,202068.2,275875.1328,508598,373,1009968,504984.0,6236.68181,509394,500574,1009680,504840.0,5842.116226,508971,500709,0,0,0,0,92,60,2.969294525,2.969294525,0,6,2.571428571,3.207134903,10.28571429,0,0,0,1,0,0,0,0,1,3.0,0.0,6.0,92,0,0,0,0,0,0,3,0,3,18,8192,0,0,28,0.0,0.0,0,0,0.0,0.0,0,0,Bot
1029363,3,3,0,18,0,0,0.0,0.0,6,6,6.0,0.0,17.48654265,5.828847549,205872.6,281117.7727,515136,512,1028787,514393.5,1774.130914,515648,513139,1028728,514364.0,1906.359882,515712,513016,0,0,0,0,92,60,2.914423775,2.914423775,0,6,2.571428571,3.207134903,10.28571429,0,0,0,1,0,0,0,0,1,3.0,0.0,6.0,92,0,0,0,0,0,0,3,0,3,18,8192,0,0,28,0.0,0.0,0,0,0.0,0.0,0,0,Bot
999637,3,3,0,18,0,0,0.0,0.0,6,6,6.0,0.0,18.00653637,6.002178791,199927.4,273050.6396,499623,388,999249,499624.5,564.9783182,500024,499225,998867,499433.5,816.7083322999997,500011,498856,0,0,0,0,92,60,3.001089395,3.001089395,0,6,2.571428571,3.207134903,10.28571429,0,0,0,1,0,0,0,0,1,3.0,0.0,6.0,92,0,0,0,0,0,0,3,0,3,18,8192,0,0,28,0.0,0.0,0,0,0.0,0.0,0,0,Bot
1045088,3,3,0,18,0,0,0.0,0.0,6,6,6.0,0.0,17.22342999,5.74114333,209017.6,285539.5779,528427,457,1044631,522315.5,9474.523761,529015,515616,1044500,522250.0,9452.603451,528934,515566,0,0,0,0,92,60,2.870571665,2.870571665,0,6,2.571428571,3.207134903,10.28571429,0,0,0,1,0,0,0,0,1,3.0,0.0,6.0,92,0,0,0,0,0,0,3,0,3,18,8192,0,0,28,0.0,0.0,0,0,0.0,0.0,0,0,Bot
997171,3,3,0,18,0,0,0.0,0.0,6,6,6.0,0.0,18.05106647,6.017022156,199434.2,272446.8678,498769,404,996666,498333.0,1187.939392,499173,497493,996677,498338.5,1322.9967880000004,499274,497403,0,0,0,0,92,60,3.008511078,3.008511078,0,6,2.571428571,3.207134903,10.28571429,0,0,0,1,0,0,0,0,1,3.0,0.0,6.0,92,0,0,0,0,0,0,3,0,3,18,8192,0,0,28,0.0,0.0,0,0,0.0,0.0,0,0,Bot
1029753,3,3,0,18,0,0,0.0,0.0,6,6,6.0,0.0,17.47991994,5.8266399810000005,205950.6,280979.2475,515138,487,1028926,514463.0,1643.316159,515625,513301,1028806,514403.0,2209.001584,515965,512841,0,0,0,0,92,60,2.91331999,2.91331999,0,6,2.571428571,3.207134903,10.28571429,0,0,0,1,0,0,0,0,1,3.0,0.0,6.0,92,0,0,0,0,0,0,3,0,3,18,8192,0,0,28,0.0,0.0,0,0,0.0,0.0,0,0,Bot
996758,3,3,0,18,0,0,0.0,0.0,6,6,6.0,0.0,18.05854581,6.019515268999999,199351.6,272102.3512,498553,583,996166,498083.0,1489.166881,499136,497030,996022,498011.0,1603.71818,499145,496877,0,0,0,0,92,60,3.009757634,3.009757634,0,6,2.571428571,3.207134903,10.28571429,0,0,0,1,0,0,0,0,1,3.0,0.0,6.0,92,0,0,0,0,0,0,3,0,3,18,8192,0,0,28,0.0,0.0,0,0,0.0,0.0,0,0,Bot
1011372,3,3,0,18,0,0,0.0,0.0,6,6,6.0,0.0,17.79760563,5.93253521,202274.4,276293.4498,507628,469,1010809,505404.5,3819.083725,508105,502704,1010903,505451.5,3874.238054,508191,502712,0,0,0,0,92,60,2.966267605,2.966267605,0,6,2.571428571,3.207134903,10.28571429,0,0,0,1,0,0,0,0,1,3.0,0.0,6.0,92,0,0,0,0,0,0,3,0,3,18,8192,0,0,28,0.0,0.0,0,0,0.0,0.0,0,0,Bot
1029907,3,3,0,18,0,0,0.0,0.0,6,6,6.0,0.0,17.4773062,5.825768734,205981.4,281392.0164,515195,424,1029363,514681.5,1325.825215,515619,513744,1029428,514714.0,1449.568901,515739,513689,0,0,0,0,92,60,2.912884367,2.912884367,0,6,2.571428571,3.207134903,10.28571429,0,0,0,1,0,0,0,0,1,3.0,0.0,6.0,92,0,0,0,0,0,0,3,0,3,18,8192,0,0,28,0.0,0.0,0,0,0.0,0.0,0,0,Bot
999540,3,3,0,18,0,0,0.0,0.0,6,6,6.0,0.0,18.00828381,6.00276127,199908.0,273113.3579,499523,377,999163,499581.5,617.30422,500018,499145,999049,499524.5,531.0371927,499900,499149,0,0,0,0,92,60,3.001380635,3.001380635,0,6,2.571428571,3.207134903,10.28571429,0,0,0,1,0,0,0,0,1,3.0,0.0,6.0,92,0,0,0,0,0,0,3,0,3,18,8192,0,0,28,0.0,0.0,0,0,0.0,0.0,0,0,Bot
1029491,3,3,0,18,0,0,0.0,0.0,6,6,6.0,0.0,17.48436849,5.82812283,205898.2,281277.4884,515154,460,1028976,514488.0,1612.2034609999994,515628,513348,1029031,514515.5,1631.295344,515669,513362,0,0,0,0,92,60,2.914061415,2.914061415,0,6,2.571428571,3.207134903,10.28571429,0,0,0,1,0,0,0,0,1,3.0,0.0,6.0,92,0,0,0,0,0,0,3,0,3,18,8192,0,0,28,0.0,0.0,0,0,0.0,0.0,0,0,Bot
997247,3,3,0,18,0,0,0.0,0.0,6,6,6.0,0.0,18.0496908,6.0165636,199449.4,272218.1519,498609,548,996699,498349.5,1226.830265,499217,497482,996453,498226.5,1315.92572,499157,497296,0,0,0,0,92,60,3.0082818,3.0082818,0,6,2.571428571,3.207134903,10.28571429,0,0,0,1,0,0,0,0,1,3.0,0.0,6.0,92,0,0,0,0,0,0,3,0,3,18,8192,0,0,28,0.0,0.0,0,0,0.0,0.0,0,0,Bot
1044979,3,3,0,18,0,0,0.0,0.0,6,6,6.0,0.0,17.22522654,5.741742179,208995.8,285348.4082,530777,408,1044571,522285.5,12663.57534,531240,513331,1043864,521932.0,13085.71809,531185,512679,0,0,0,0,92,60,2.8708710889999995,2.8708710889999995,0,6,2.571428571,3.207134903,10.28571429,0,0,0,1,0,0,0,0,1,3.0,0.0,6.0,92,0,0,0,0,0,0,3,0,3,18,8192,0,0,28,0.0,0.0,0,0,0.0,0.0,0,0,Bot
996697,3,3,0,18,0,0,0.0,0.0,6,6,6.0,0.0,18.05965103,6.019883676,199339.4,272210.7033,498660,532,996163,498081.5,1570.484161,499192,496971,996126,498063.0,1599.475539,499194,496932,0,0,0,0,92,60,3.009941838,3.009941838,0,6,2.571428571,3.207134903,10.28571429,0,0,0,1,0,0,0,0,1,3.0,0.0,6.0,92,0,0,0,0,0,0,3,0,3,18,8192,0,0,28,0.0,0.0,0,0,0.0,0.0,0,0,Bot
1010617,3,3,0,18,0,0,0.0,0.0,6,6,6.0,0.0,17.81090166,5.936967219,202123.4,275997.6825,505310,526,1010048,505024.0,1148.341413,505836,504212,1010091,505045.5,1216.93077,505906,504185,0,0,0,0,92,60,2.96848361,2.96848361,0,6,2.571428571,3.207134903,10.28571429,0,0,0,1,0,0,0,0,1,3.0,0.0,6.0,92,0,0,0,0,0,0,3,0,3,18,8192,0,0,28,0.0,0.0,0,0,0.0,0.0,0,0,Bot
1013603,3,3,0,18,0,0,0.0,0.0,6,6,6.0,0.0,17.75843205,5.91947735,202720.6,276893.5079,512458,508,1013024,506512.0,9135.819613,512972,500052,1013089,506544.5,9081.372391,512966,500123,0,0,0,0,92,60,2.959738675,2.959738675,0,6,2.571428571,3.207134903,10.28571429,0,0,0,1,0,0,0,0,1,3.0,0.0,6.0,92,0,0,0,0,0,0,3,0,3,18,8192,0,0,28,0.0,0.0,0,0,0.0,0.0,0,0,Bot
1003680,3,3,0,18,0,0,0.0,0.0,6,6,6.0,0.0,17.93400287,5.978000956,200736.0,274288.0646,503438,360,1003320,501660.0,3305.017095,503997,499323,1003316,501658.0,3026.417023,503798,499518,0,0,0,0,92,60,2.989000478,2.989000478,0,6,2.571428571,3.207134903,10.28571429,0,0,0,1,0,0,0,0,1,3.0,0.0,6.0,92,0,0,0,0,0,0,3,0,3,18,8192,0,0,28,0.0,0.0,0,0,0.0,0.0,0,0,Bot
1029597,3,3,0,18,0,0,0.0,0.0,6,6,6.0,0.0,17.48256842,5.827522807,205919.4,281205.3152,515154,457,1028981,514490.5,1584.626297,515611,513370,1028999,514499.5,1796.7583309999998,515770,513229,0,0,0,0,92,60,2.913761404,2.913761404,0,6,2.571428571,3.207134903,10.28571429,0,0,0,1,0,0,0,0,1,3.0,0.0,6.0,92,0,0,0,0,0,0,3,0,3,18,8192,0,0,28,0.0,0.0,0,0,0.0,0.0,0,0,Bot
997131,3,3,0,18,0,0,0.0,0.0,6,6,6.0,0.0,18.05179059,6.017263529,199426.2,272301.1563,498529,514,996613,498306.5,1256.52875,499195,497418,996617,498308.5,1044.396716,499047,497570,0,0,0,0,92,60,3.008631765,3.008631765,0,6,2.571428571,3.207134903,10.28571429,0,0,0,1,0,0,0,0,1,3.0,0.0,6.0,92,0,0,0,0,0,0,3,0,3,18,8192,0,0,28,0.0,0.0,0,0,0.0,0.0,0,0,Bot
1044955,3,3,0,18,0,0,0.0,0.0,6,6,6.0,0.0,17.22562216,5.741874052000001,208991.0,285632.2155,530821,363,1044592,522296.0,12641.65503,531235,513357,1044392,522196.0,12710.9515,531184,513208,0,0,0,0,92,60,2.8709370260000004,2.8709370260000004,0,6,2.571428571,3.207134903,10.28571429,0,0,0,1,0,0,0,0,1,3.0,0.0,6.0,92,0,0,0,0,0,0,3,0,3,18,8192,0,0,28,0.0,0.0,0,0,0.0,0.0,0,0,Bot
996589,3,3,0,18,0,0,0.0,0.0,6,6,6.0,0.0,18.06160815,6.020536047999999,199317.8,272145.6404,498619,489,996100,498050.0,1622.102956,499197,496903,995941,497970.5,1608.667927,499108,496833,0,0,0,0,92,60,3.010268024,3.010268024,0,6,2.571428571,3.207134903,10.28571429,0,0,0,1,0,0,0,0,1,3.0,0.0,6.0,92,0,0,0,0,0,0,3,0,3,18,8192,0,0,28,0.0,0.0,0,0,0.0,0.0,0,0,Bot
1008913,3,3,0,18,0,0,0.0,0.0,6,6,6.0,0.0,17.84098332,5.946994439,201782.6,275598.5102,507308,424,1008365,504182.5,5019.75104,507732,500633,1008489,504244.5,5175.314532,507904,500585,0,0,0,0,92,60,2.973497219,2.973497219,0,6,2.571428571,3.207134903,10.28571429,0,0,0,1,0,0,0,0,1,3.0,0.0,6.0,92,0,0,0,0,0,0,3,0,3,18,8192,0,0,28,0.0,0.0,0,0,0.0,0.0,0,0,Bot
1029750,3,3,0,18,0,0,0.0,0.0,6,6,6.0,0.0,17.47997087,5.826656956,205950.0,281347.9339,515003,411,1029339,514669.5,1338.553137,515616,513723,1029325,514662.5,1062.781492,515414,513911,0,0,0,0,92,60,2.913328478,2.913328478,0,6,2.571428571,3.207134903,10.28571429,0,0,0,1,0,0,0,0,1,3.0,0.0,6.0,92,0,0,0,0,0,0,3,0,3,18,8192,0,0,28,0.0,0.0,0,0,0.0,0.0,0,0,Bot
1000622,3,3,0,18,0,0,0.0,0.0,6,6,6.0,0.0,17.98881096,5.99627032,200124.4,273172.1715,499467,562,1000060,500030.0,11.3137085,500038,500022,1000051,500025.5,270.8218972,500217,499834,0,0,0,0,92,60,2.99813516,2.99813516,0,6,2.571428571,3.207134903,10.28571429,0,0,0,1,0,0,0,0,1,3.0,0.0,6.0,92,0,0,0,0,0,0,3,0,3,18,8192,0,0,28,0.0,0.0,0,0,0.0,0.0,0,0,Bot
1029409,3,3,0,18,0,0,0.0,0.0,6,6,6.0,0.0,17.48576125,5.828587082,205881.8,281122.1416,514923,410,1028999,514499.5,1593.111578,515626,513373,1028782,514391.0,1332.189176,515333,513449,0,0,0,0,92,60,2.914293541,2.914293541,0,6,2.571428571,3.207134903,10.28571429,0,0,0,1,0,0,0,0,1,3.0,0.0,6.0,92,0,0,0,0,0,0,3,0,3,18,8192,0,0,28,0.0,0.0,0,0,0.0,0.0,0,0,Bot
997122,3,3,0,18,0,0,0.0,0.0,6,6,6.0,0.0,18.05195352,6.0173178410000006,199424.4,272222.2336,498582,601,996521,498260.5,1335.72471,499205,497316,996480,498240.0,1333.603389,499183,497297,0,0,0,0,92,60,3.00865892,3.00865892,0,6,2.571428571,3.207134903,10.28571429,0,0,0,1,0,0,0,0,1,3.0,0.0,6.0,92,0,0,0,0,0,0,3,0,3,18,8192,0,0,28,0.0,0.0,0,0,0.0,0.0,0,0,Bot
1029385,3,3,0,18,0,0,0.0,0.0,6,6,6.0,0.0,17.48616893,5.828722975,205877.0,281152.7604,515240,398,1028985,514492.5,1619.981636,515638,513347,1028523,514261.5,1949.493396,515640,512883,0,0,0,0,92,60,2.914361488,2.914361488,0,6,2.571428571,3.207134903,10.28571429,0,0,0,1,0,0,0,0,1,3.0,0.0,6.0,92,0,0,0,0,0,0,3,0,3,18,8192,0,0,28,0.0,0.0,0,0,0.0,0.0,0,0,Bot
996653,3,3,0,18,0,0,0.0,0.0,6,6,6.0,0.0,18.06044832,6.02014944,199330.6,272163.679,498678,521,996090,498045.0,1632.002451,499199,496891,996023,498011.5,1738.775575,499241,496782,0,0,0,0,92,60,3.01007472,3.01007472,0,6,2.571428571,3.207134903,10.28571429,0,0,0,1,0,0,0,0,1,3.0,0.0,6.0,92,0,0,0,0,0,0,3,0,3,18,8192,0,0,28,0.0,0.0,0,0,0.0,0.0,0,0,Bot
1018856,3,3,0,18,0,0,0.0,0.0,6,6,6.0,0.0,17.66687343,5.888957812,203771.2,278337.8193,515166,465,1018363,509181.5,9357.144035,515798,502565,1018391,509195.5,9140.76936,515659,502732,0,0,0,0,92,60,2.944478906,2.944478906,0,6,2.571428571,3.207134903,10.28571429,0,0,0,1,0,0,0,0,1,3.0,0.0,6.0,92,0,0,0,0,0,0,3,0,3,18,8192,0,0,28,0.0,0.0,0,0,0.0,0.0,0,0,Bot
1029512,3,3,0,18,0,0,0.0,0.0,6,6,6.0,0.0,17.48401184,5.828003947999999,205902.4,280983.8427,514845,625,1028833,514416.5,1738.775575,515646,513187,1028887,514443.5,1528.057754,515524,513363,0,0,0,0,92,60,2.914001974,2.914001974,0,6,2.571428571,3.207134903,10.28571429,0,0,0,1,0,0,0,0,1,3.0,0.0,6.0,92,0,0,0,0,0,0,3,0,3,18,8192,0,0,28,0.0,0.0,0,0,0.0,0.0,0,0,Bot
1020014,3,3,0,18,0,0,0.0,0.0,6,6,6.0,0.0,17.64681661,5.882272204,204002.8,278401.2679,509295,578,1019265,509632.5,562.149891,510030,509235,1019436,509718.0,461.0336213000001,510044,509392,0,0,0,0,92,60,2.941136102,2.941136102,0,6,2.571428571,3.207134903,10.28571429,0,0,0,1,0,0,0,0,1,3.0,0.0,6.0,92,0,0,0,0,0,0,3,0,3,18,8192,0,0,28,0.0,0.0,0,0,0.0,0.0,0,0,Bot
1060848,3,3,0,18,0,0,0.0,0.0,6,6,6.0,0.0,16.96755803,5.655852676,212169.6,289766.0883,530822,420,1060254,530127.0,1576.848122,531242,529012,1060196,530098.0,1863.933475,531416,528780,0,0,0,0,92,60,2.827926338,2.827926338,0,6,2.571428571,3.207134903,10.28571429,0,0,0,1,0,0,0,0,1,3.0,0.0,6.0,92,0,0,0,0,0,0,3,0,3,18,8192,0,0,28,0.0,0.0,0,0,0.0,0.0,0,0,Bot
997361,3,3,0,18,0,0,0.0,0.0,6,6,6.0,0.0,18.04762769,6.015875896,199472.2,272281.4905,498788,445,996656,498328.0,1279.863274,499233,497423,996631,498315.5,1665.2364699999994,499493,497138,0,0,0,0,92,60,3.007937948,3.007937948,0,6,2.571428571,3.207134903,10.28571429,0,0,0,1,0,0,0,0,1,3.0,0.0,6.0,92,0,0,0,0,0,0,3,0,3,18,8192,0,0,28,0.0,0.0,0,0,0.0,0.0,0,0,Bot
1029424,3,3,0,18,0,0,0.0,0.0,6,6,6.0,0.0,17.48550646,5.828502153,205884.8,281212.584,515263,358,1028963,514481.5,1611.496354,515621,513342,1028691,514345.5,1949.493396,515724,512967,0,0,0,0,92,60,2.914251076,2.914251076,0,6,2.571428571,3.207134903,10.28571429,0,0,0,1,0,0,0,0,1,3.0,0.0,6.0,92,0,0,0,0,0,0,3,0,3,18,8192,0,0,28,0.0,0.0,0,0,0.0,0.0,0,0,Bot
1012267,3,3,0,18,0,0,0.0,0.0,6,6,6.0,0.0,17.7818698,5.927289934,202453.4,276573.8448,514242,485,1011782,505891.0,12644.48346,514832,496950,1011768,505884.0,12505.89053,514727,497041,0,0,0,0,92,60,2.963644967,2.963644967,0,6,2.571428571,3.207134903,10.28571429,0,0,0,1,0,0,0,0,1,3.0,0.0,6.0,92,0,0,0,0,0,0,3,0,3,18,8192,0,0,28,0.0,0.0,0,0,0.0,0.0,0,0,Bot
1007384,3,3,0,18,0,0,0.0,0.0,6,6,6.0,0.0,17.86806223,5.956020743,201476.8,275120.2017,505661,489,1006895,503447.5,3993.031993,506271,500624,1006795,503397.5,3892.62283,506150,500645,0,0,0,0,92,60,2.9780103710000003,2.9780103710000003,0,6,2.571428571,3.207134903,10.28571429,0,0,0,1,0,0,0,0,1,3.0,0.0,6.0,92,0,0,0,0,0,0,3,0,3,18,8192,0,0,28,0.0,0.0,0,0,0.0,0.0,0,0,Bot
1025716,3,3,0,18,0,0,0.0,0.0,6,6,6.0,0.0,17.54871719,5.849572396,205143.2,280217.3525,525529,567,1025149,512574.5,19154.8156,526119,499030,1025126,512563.0,19339.37047,526238,498888,0,0,0,0,92,60,2.924786198,2.924786198,0,6,2.571428571,3.207134903,10.28571429,0,0,0,1,0,0,0,0,1,3.0,0.0,6.0,92,0,0,0,0,0,0,3,0,3,18,8192,0,0,28,0.0,0.0,0,0,0.0,0.0,0,0,Bot
999900,3,3,0,18,0,0,0.0,0.0,6,6,6.0,0.0,18.00180018,6.00060006,199980.0,272901.9649,499220,459,999441,499720.5,480.1255044,500060,499381,999157,499578.5,142.12846299999995,499679,499478,0,0,0,0,92,60,3.00030003,3.00030003,0,6,2.571428571,3.207134903,10.28571429,0,0,0,1,0,0,0,0,1,3.0,0.0,6.0,92,0,0,0,0,0,0,3,0,3,18,8192,0,0,28,0.0,0.0,0,0,0.0,0.0,0,0,Bot
1029576,3,3,0,18,0,0,0.0,0.0,6,6,6.0,0.0,17.48292501,5.82764167,205915.2,281130.5284,515016,596,1028980,514490.0,1595.232898,515618,513362,1028952,514476.0,1606.546607,515612,513340,0,0,0,0,92,60,2.913820835,2.913820835,0,6,2.571428571,3.207134903,10.28571429,0,0,0,1,0,0,0,0,1,3.0,0.0,6.0,92,0,0,0,0,0,0,3,0,3,18,8192,0,0,28,0.0,0.0,0,0,0.0,0.0,0,0,Bot
997236,3,3,0,18,0,0,0.0,0.0,6,6,6.0,0.0,18.0498899,6.016629965,199447.2,272442.2632,498751,444,996674,498337.0,1213.395237,499195,497479,996790,498395.0,1298.24805,499313,497477,0,0,0,0,92,60,3.008314983,3.008314983,0,6,2.571428571,3.207134903,10.28571429,0,0,0,1,0,0,0,0,1,3.0,0.0,6.0,92,0,0,0,0,0,0,3,0,3,18,8192,0,0,28,0.0,0.0,0,0,0.0,0.0,0,0,Bot
1060615,3,3,0,18,0,0,0.0,0.0,6,6,6.0,0.0,16.97128553,5.657095176,212123.0,289672.7168,530710,395,1060220,530110.0,1592.404471,531236,528984,1059805,529902.5,1700.591809,531105,528700,0,0,0,0,92,60,2.828547588,2.828547588,0,6,2.571428571,3.207134903,10.28571429,0,0,0,1,0,0,0,0,1,3.0,0.0,6.0,92,0,0,0,0,0,0,3,0,3,18,8192,0,0,28,0.0,0.0,0,0,0.0,0.0,0,0,Bot
996758,3,3,0,18,0,0,0.0,0.0,6,6,6.0,0.0,18.05854581,6.019515268999999,199351.6,272491.976,499741,307,996352,498176.0,2647.407789,500048,496304,996409,498204.5,2747.109845,500147,496262,0,0,0,0,92,60,3.009757634,3.009757634,0,6,2.571428571,3.207134903,10.28571429,0,0,0,1,0,0,0,0,1,3.0,0.0,6.0,92,0,0,0,0,0,0,3,0,3,18,8192,0,0,28,0.0,0.0,0,0,0.0,0.0,0,0,Bot
1021061,3,3,0,18,0,0,0.0,0.0,6,6,6.0,0.0,17.6287215,5.876240499,204212.2,278849.6459,515188,485,1020539,510269.5,8032.025927,515949,504590,1020576,510288.0,7667.865935,515710,504866,0,0,0,0,92,60,2.938120249,2.938120249,0,6,2.571428571,3.207134903,10.28571429,0,0,0,1,0,0,0,0,1,3.0,0.0,6.0,92,0,0,0,0,0,0,3,0,3,18,8192,0,0,28,0.0,0.0,0,0,0.0,0.0,0,0,Bot
1004919,3,3,0,18,0,0,0.0,0.0,6,6,6.0,0.0,17.91189141,5.970630469,200983.8,274377.9026,502011,476,1004443,502221.5,777.1103525000003,502771,501672,1004335,502167.5,451.8412331999999,502487,501848,0,0,0,0,92,60,2.985315234,2.985315234,0,6,2.571428571,3.207134903,10.28571429,0,0,0,1,0,0,0,0,1,3.0,0.0,6.0,92,0,0,0,0,0,0,3,0,3,18,8192,0,0,28,0.0,0.0,0,0,0.0,0.0,0,0,Bot
1000397,3,3,0,18,0,0,0.0,0.0,6,6,6.0,0.0,17.99285684,5.997618945,200079.4,272975.0057,499299,718,999679,499839.5,258.0939751,500022,499657,999658,499829.0,265.8721497,500017,499641,0,0,0,0,92,60,2.998809473,2.998809473,0,6,2.571428571,3.207134903,10.28571429,0,0,0,1,0,0,0,0,1,3.0,0.0,6.0,92,0,0,0,0,0,0,3,0,3,18,8192,0,0,28,0.0,0.0,0,0,0.0,0.0,0,0,Bot
1029382,3,3,0,18,0,0,0.0,0.0,6,6,6.0,0.0,17.48621989,5.828739962,205876.4,281088.156,515035,405,1028977,514488.5,1594.525792,515616,513361,1028569,514284.5,1634.123771,515440,513129,0,0,0,0,92,60,2.914369981,2.914369981,0,6,2.571428571,3.207134903,10.28571429,0,0,0,1,0,0,0,0,1,3.0,0.0,6.0,92,0,0,0,0,0,0,3,0,3,18,8192,0,0,28,0.0,0.0,0,0,0.0,0.0,0,0,Bot
1000658,3,3,0,18,0,0,0.0,0.0,6,6,6.0,0.0,17.98816379,5.9960545960000005,200131.6,273375.57,499609,343,1000315,500157.5,171.8269478,500279,500036,999969,499984.5,45.96194078,500017,499952,0,0,0,0,92,60,2.998027298,2.998027298,0,6,2.571428571,3.207134903,10.28571429,0,0,0,1,0,0,0,0,1,3.0,0.0,6.0,92,0,0,0,0,0,0,3,0,3,18,8192,0,0,28,0.0,0.0,0,0,0.0,0.0,0,0,Bot
1060641,3,3,0,18,0,0,0.0,0.0,6,6,6.0,0.0,16.9708695,5.656956501,212128.2,289494.4134,530464,456,1060185,530092.5,1614.324781,531234,528951,1059730,529865.0,1491.995308,530920,528810,0,0,0,0,92,60,2.82847825,2.82847825,0,6,2.571428571,3.207134903,10.28571429,0,0,0,1,0,0,0,0,1,3.0,0.0,6.0,92,0,0,0,0,0,0,3,0,3,18,8192,0,0,28,0.0,0.0,0,0,0.0,0.0,0,0,Bot
993768,3,3,0,18,0,0,0.0,0.0,6,6,6.0,0.0,18.11287946,6.037626488,198753.6,271381.4833,499490,516,993252,496626.0,4845.095665,500052,493200,993128,496564.0,4867.723082,500006,493122,0,0,0,0,92,60,3.018813244,3.018813244,0,6,2.571428571,3.207134903,10.28571429,0,0,0,1,0,0,0,0,1,3.0,0.0,6.0,92,0,0,0,0,0,0,3,0,3,18,8192,0,0,28,0.0,0.0,0,0,0.0,0.0,0,0,Bot
1001765,3,3,0,18,0,0,0.0,0.0,6,6,6.0,0.0,17.96828598,5.989428658,200353.0,273454.1641,499995,545,1001220,500610.0,31.11269837,500632,500588,1001172,500586.0,313.9554108,500808,500364,0,0,0,0,92,60,2.994714329,2.994714329,0,6,2.571428571,3.207134903,10.28571429,0,0,0,1,0,0,0,0,1,3.0,0.0,6.0,92,0,0,0,0,0,0,3,0,3,18,8192,0,0,28,0.0,0.0,0,0,0.0,0.0,0,0,Bot
1004325,3,3,0,18,0,0,0.0,0.0,6,6,6.0,0.0,17.92248525,5.97416175,200865.0,274407.4154,504059,406,1003819,501909.5,3614.022759,504465,499354,1003825,501912.5,3751.201474,504565,499260,0,0,0,0,92,60,2.987080875,2.987080875,0,6,2.571428571,3.207134903,10.28571429,0,0,0,1,0,0,0,0,1,3.0,0.0,6.0,92,0,0,0,0,0,0,3,0,3,18,8192,0,0,28,0.0,0.0,0,0,0.0,0.0,0,0,Bot
1025230,3,3,0,18,0,0,0.0,0.0,6,6,6.0,0.0,17.55703598,5.852345327,205046.0,279946.7999,514252,516,1024493,512246.5,3565.939498,514768,509725,1024665,512332.5,3756.858328,514989,509676,0,0,0,0,92,60,2.926172664,2.926172664,0,6,2.571428571,3.207134903,10.28571429,0,0,0,1,0,0,0,0,1,3.0,0.0,6.0,92,0,0,0,0,0,0,3,0,3,18,8192,0,0,28,0.0,0.0,0,0,0.0,0.0,0,0,Bot
1029523,3,3,0,18,0,0,0.0,0.0,6,6,6.0,0.0,17.48382503,5.827941677999999,205904.6,281218.2649,515106,501,1028995,514497.5,1569.069947,515607,513388,1028954,514477.0,1636.245092,515634,513320,0,0,0,0,92,60,2.913970839,2.913970839,0,6,2.571428571,3.207134903,10.28571429,0,0,0,1,0,0,0,0,1,3.0,0.0,6.0,92,0,0,0,0,0,0,3,0,3,18,8192,0,0,28,0.0,0.0,0,0,0.0,0.0,0,0,Bot
999661,3,3,0,18,0,0,0.0,0.0,6,6,6.0,0.0,18.00610407,6.00203469,199932.2,273053.8206,499451,404,999257,499628.5,552.2503961,500019,499238,999067,499533.5,454.6696603,499855,499212,0,0,0,0,92,60,3.001017345,3.001017345,0,6,2.571428571,3.207134903,10.28571429,0,0,0,1,0,0,0,0,1,3.0,0.0,6.0,92,0,0,0,0,0,0,3,0,3,18,8192,0,0,28,0.0,0.0,0,0,0.0,0.0,0,0,Bot
1060870,3,3,0,18,0,0,0.0,0.0,6,6,6.0,0.0,16.96720616,5.655735387000001,212174.0,289586.0583,530699,543,1060237,530118.5,1588.868937,531242,528995,1059972,529986.0,1903.531455,531332,528640,0,0,0,0,92,60,2.827867693,2.827867693,0,6,2.571428571,3.207134903,10.28571429,0,0,0,1,0,0,0,0,1,3.0,0.0,6.0,92,0,0,0,0,0,0,3,0,3,18,8192,0,0,28,0.0,0.0,0,0,0.0,0.0,0,0,Bot
992792,3,3,0,18,0,0,0.0,0.0,6,6,6.0,0.0,18.13068598,6.043561995,198558.4,271037.0561,499440,506,992286,496143.0,5514.01868,500042,492244,992005,496002.5,5576.951183,499946,492059,0,0,0,0,92,60,3.021780997,3.021780997,0,6,2.571428571,3.207134903,10.28571429,0,0,0,1,0,0,0,0,1,3.0,0.0,6.0,92,0,0,0,0,0,0,3,0,3,18,8192,0,0,28,0.0,0.0,0,0,0.0,0.0,0,0,Bot
1020376,3,3,0,18,0,0,0.0,0.0,6,6,6.0,0.0,17.64055603,5.880185343,204075.2,278705.0865,512010,522,1019824,509912.0,3705.239533,512532,507292,1019823,509911.5,3748.373047,512562,507261,0,0,0,0,92,60,2.940092672,2.940092672,0,6,2.571428571,3.207134903,10.28571429,0,0,0,1,0,0,0,0,1,3.0,0.0,6.0,92,0,0,0,0,0,0,3,0,3,18,8192,0,0,28,0.0,0.0,0,0,0.0,0.0,0,0,Bot
1014223,3,3,0,18,0,0,0.0,0.0,6,6,6.0,0.0,17.74757622,5.915858741,202844.6,277044.0408,512968,408,1013612,506806.0,9605.338516,513598,500014,1013593,506796.5,9304.818134,513376,500217,0,0,0,0,92,60,2.957929371,2.957929371,0,6,2.571428571,3.207134903,10.28571429,0,0,0,1,0,0,0,0,1,3.0,0.0,6.0,92,0,0,0,0,0,0,3,0,3,18,8192,0,0,28,0.0,0.0,0,0,0.0,0.0,0,0,Bot
1025106,3,3,0,18,0,0,0.0,0.0,6,6,6.0,0.0,17.55915974,5.853053245,205021.2,279935.2006,514112,504,1024602,512301.0,3544.019187,514807,509795,1024537,512268.5,3319.866338,514616,509921,0,0,0,0,92,60,2.926526623,2.926526623,0,6,2.571428571,3.207134903,10.28571429,0,0,0,1,0,0,0,0,1,3.0,0.0,6.0,92,0,0,0,0,0,0,3,0,3,18,8192,0,0,28,0.0,0.0,0,0,0.0,0.0,0,0,Bot
1029619,3,3,0,18,0,0,0.0,0.0,6,6,6.0,0.0,17.48219487,5.82739829,205923.8,281238.8073,515229,395,1028970,514485.0,1610.789248,515624,513346,1029052,514526.0,1912.016736,515878,513174,0,0,0,0,92,60,2.913699145,2.913699145,0,6,2.571428571,3.207134903,10.28571429,0,0,0,1,0,0,0,0,1,3.0,0.0,6.0,92,0,0,0,0,0,0,3,0,3,18,8192,0,0,28,0.0,0.0,0,0,0.0,0.0,0,0,Bot
993747,3,3,0,18,0,0,0.0,0.0,6,6,6.0,0.0,18.11326223,6.037754076000001,198749.4,271540.3836,499642,391,993280,496640.0,4798.426617,500033,493247,993248,496624.0,4928.534265,500109,493139,0,0,0,0,92,60,3.0188770380000003,3.0188770380000003,0,6,2.571428571,3.207134903,10.28571429,0,0,0,1,0,0,0,0,1,3.0,0.0,6.0,92,0,0,0,0,0,0,3,0,3,18,8192,0,0,28,0.0,0.0,0,0,0.0,0.0,0,0,Bot
1029335,3,3,0,18,0,0,0.0,0.0,6,6,6.0,0.0,17.48701832,5.8290061060000005,205867.0,281070.0063,515084,366,1028969,514484.5,1660.993829,515659,513310,1028465,514232.5,1721.805012,515450,513015,0,0,0,0,92,60,2.914503053,2.914503053,0,6,2.571428571,3.207134903,10.28571429,0,0,0,1,0,0,0,0,1,3.0,0.0,6.0,92,0,0,0,0,0,0,3,0,3,18,8192,0,0,28,0.0,0.0,0,0,0.0,0.0,0,0,Bot
998684,3,3,0,18,0,0,0.0,0.0,6,6,6.0,0.0,18.02371921,6.007906405,199736.8,272858.019,499519,407,998277,499138.5,1269.256672,500036,498241,998198,499099.0,1169.554616,499926,498272,0,0,0,0,92,60,3.003953202,3.003953202,0,6,2.571428571,3.207134903,10.28571429,0,0,0,1,0,0,0,0,1,3.0,0.0,6.0,92,0,0,0,0,0,0,3,0,3,18,8192,0,0,28,0.0,0.0,0,0,0.0,0.0,0,0,Bot
1021846,3,3,0,18,0,0,0.0,0.0,6,6,6.0,0.0,17.6151788,5.871726268,204369.2,279114.1143,512950,424,1021261,510630.5,4137.281777,513556,507705,1021422,510711.0,3993.7391,513535,507887,0,0,0,0,92,60,2.935863134,2.935863134,0,6,2.571428571,3.207134903,10.28571429,0,0,0,1,0,0,0,0,1,3.0,0.0,6.0,92,0,0,0,0,0,0,3,0,3,18,8192,0,0,28,0.0,0.0,0,0,0.0,0.0,0,0,Bot
1014068,3,3,0,18,0,0,0.0,0.0,6,6,6.0,0.0,17.75028894,5.916762978,202813.6,276941.3017,514825,506,1013521,506760.5,12522.15399,515615,497906,1013562,506781.0,12149.50871,515372,498190,0,0,0,0,92,60,2.958381489,2.958381489,0,6,2.571428571,3.207134903,10.28571429,0,0,0,1,0,0,0,0,1,3.0,0.0,6.0,92,0,0,0,0,0,0,3,0,3,18,8192,0,0,28,0.0,0.0,0,0,0.0,0.0,0,0,Bot
1025052,3,3,0,18,0,0,0.0,0.0,6,6,6.0,0.0,17.56008476,5.853361586,205010.4,280046.7365,514302,403,1024649,512324.5,3489.571965,514792,509857,1024453,512226.5,3505.128314,514705,509748,0,0,0,0,92,60,2.926680793,2.926680793,0,6,2.571428571,3.207134903,10.28571429,0,0,0,1,0,0,0,0,1,3.0,0.0,6.0,92,0,0,0,0,0,0,3,0,3,18,8192,0,0,28,0.0,0.0,0,0,0.0,0.0,0,0,Bot
1045090,3,3,0,18,0,0,0.0,0.0,6,6,6.0,0.0,17.22339703,5.741132342999999,209018.0,285417.7834,528213,532,1044558,522279.0,9397.449122,528924,515634,1044379,522189.5,9331.688191,528788,515591,0,0,0,0,92,60,2.870566171,2.870566171,0,6,2.571428571,3.207134903,10.28571429,0,0,0,1,0,0,0,0,1,3.0,0.0,6.0,92,0,0,0,0,0,0,3,0,3,18,8192,0,0,28,0.0,0.0,0,0,0.0,0.0,0,0,Bot
993752,3,3,0,18,0,0,0.0,0.0,6,6,6.0,0.0,18.11317109,6.037723698,198750.4,271492.0139,499519,399,993353,496676.5,4735.494114,500025,493328,993192,496596.0,4698.017454,499918,493274,0,0,0,0,92,60,3.018861849,3.018861849,0,6,2.571428571,3.207134903,10.28571429,0,0,0,1,0,0,0,0,1,3.0,0.0,6.0,92,0,0,0,0,0,0,3,0,3,18,8192,0,0,28,0.0,0.0,0,0,0.0,0.0,0,0,Bot
1029494,3,3,0,18,0,0,0.0,0.0,6,6,6.0,0.0,17.48431754,5.828105846000001,205898.8,281131.8565,515022,485,1029009,514504.5,1639.780626,515664,513345,1028851,514425.5,1529.471968,515507,513344,0,0,0,0,92,60,2.9140529230000003,2.9140529230000003,0,6,2.571428571,3.207134903,10.28571429,0,0,0,1,0,0,0,0,1,3.0,0.0,6.0,92,0,0,0,0,0,0,3,0,3,18,8192,0,0,28,0.0,0.0,0,0,0.0,0.0,0,0,Bot
993839,3,3,0,18,0,0,0.0,0.0,6,6,6.0,0.0,18.11158548,6.037195159,198767.8,271439.9045,499596,468,993310,496655.0,4821.054034000002,500064,493246,993203,496601.5,4982.981487,500125,493078,0,0,0,0,92,60,3.01859758,3.01859758,0,6,2.571428571,3.207134903,10.28571429,0,0,0,1,0,0,0,0,1,3.0,0.0,6.0,92,0,0,0,0,0,0,3,0,3,18,8192,0,0,28,0.0,0.0,0,0,0.0,0.0,0,0,Bot
1005963,3,3,0,18,0,0,0.0,0.0,6,6,6.0,0.0,17.89330224,5.96443408,201192.6,274520.0878,502448,639,1005242,502621.0,851.3565645,503223,502019,1005324,502662.0,717.0062761,503169,502155,0,0,0,0,92,60,2.98221704,2.98221704,0,6,2.571428571,3.207134903,10.28571429,0,0,0,1,0,0,0,0,1,3.0,0.0,6.0,92,0,0,0,0,0,0,3,0,3,18,8192,0,0,28,0.0,0.0,0,0,0.0,0.0,0,0,Bot
998797,3,3,0,18,0,0,0.0,0.0,6,6,6.0,0.0,18.02168008,6.007226694,199759.4,272720.3495,499538,477,998133,499066.5,1341.381564,500015,498118,998158,499079.0,1588.161831,500202,497956,0,0,0,0,92,60,3.003613347,3.003613347,0,6,2.571428571,3.207134903,10.28571429,0,0,0,1,0,0,0,0,1,3.0,0.0,6.0,92,0,0,0,0,0,0,3,0,3,18,8192,0,0,28,0.0,0.0,0,0,0.0,0.0,0,0,Bot
1024626,3,3,0,18,0,0,0.0,0.0,6,6,6.0,0.0,17.56738556,5.855795187999999,204925.2,279992.5978,514441,368,1024023,512011.5,3983.132498,514828,509195,1024258,512129.0,4122.432534000001,515044,509214,0,0,0,0,92,60,2.927897594,2.927897594,0,6,2.571428571,3.207134903,10.28571429,0,0,0,1,0,0,0,0,1,3.0,0.0,6.0,92,0,0,0,0,0,0,3,0,3,18,8192,0,0,28,0.0,0.0,0,0,0.0,0.0,0,0,Bot
1044192,3,3,0,18,0,0,0.0,0.0,6,6,6.0,0.0,17.23820906,5.746069688,208838.4,285388.3416,530881,352,1043660,521830.0,13297.85013,531233,512427,1043642,521821.0,13565.13649,531413,512229,0,0,0,0,92,60,2.873034844,2.873034844,0,6,2.571428571,3.207134903,10.28571429,0,0,0,1,0,0,0,0,1,3.0,0.0,6.0,92,0,0,0,0,0,0,3,0,3,18,8192,0,0,28,0.0,0.0,0,0,0.0,0.0,0,0,Bot
993749,3,3,0,18,0,0,0.0,0.0,6,6,6.0,0.0,18.11322577,6.037741925,198749.8,271292.2529,499233,481,993268,496634.0,4784.284482,500017,493251,993114,496557.0,4464.672216,499714,493400,0,0,0,0,92,60,3.018870962,3.018870962,0,6,2.571428571,3.207134903,10.28571429,0,0,0,1,0,0,0,0,1,3.0,0.0,6.0,92,0,0,0,0,0,0,3,0,3,18,8192,0,0,28,0.0,0.0,0,0,0.0,0.0,0,0,Bot
1029486,3,3,0,18,0,0,0.0,0.0,6,6,6.0,0.0,17.48445341,5.828151136000001,205897.2,281033.8679,515121,522,1028964,514482.0,1653.215654,515651,513313,1028557,514278.5,1929.694406,515643,512914,0,0,0,0,92,60,2.9140755680000003,2.9140755680000003,0,6,2.571428571,3.207134903,10.28571429,0,0,0,1,0,0,0,0,1,3.0,0.0,6.0,92,0,0,0,0,0,0,3,0,3,18,8192,0,0,28,0.0,0.0,0,0,0.0,0.0,0,0,Bot
992846,3,3,0,18,0,0,0.0,0.0,6,6,6.0,0.0,18.12969987,6.043233291,198569.2,271211.3687,499552,484,992279,496139.5,5510.483146000001,500036,492243,992353,496176.5,5575.53697,500119,492234,0,0,0,0,92,60,3.021616645,3.021616645,0,6,2.571428571,3.207134903,10.28571429,0,0,0,1,0,0,0,0,1,3.0,0.0,6.0,92,0,0,0,0,0,0,3,0,3,18,8192,0,0,28,0.0,0.0,0,0,0.0,0.0,0,0,Bot
1005384,3,3,0,18,0,0,0.0,0.0,6,6,6.0,0.0,17.90360698,5.967868993,201076.8,274532.1784,502652,478,1004603,502301.5,1207.031275,503155,501448,1004906,502453.0,1385.929291,503433,501473,0,0,0,0,92,60,2.983934497,2.983934497,0,6,2.571428571,3.207134903,10.28571429,0,0,0,1,0,0,0,0,1,3.0,0.0,6.0,92,0,0,0,0,0,0,3,0,3,18,8192,0,0,28,0.0,0.0,0,0,0.0,0.0,0,0,Bot
1003055,3,3,0,18,0,0,0.0,0.0,6,6,6.0,0.0,17.94517748,5.981725827999999,200611.0,273888.2775,507973,570,1002322,501161.0,10439.72452,508543,493779,1002475,501237.5,10562.05399,508706,493769,0,0,0,0,92,60,2.990862914,2.990862914,0,6,2.571428571,3.207134903,10.28571429,0,0,0,1,0,0,0,0,1,3.0,0.0,6.0,92,0,0,0,0,0,0,3,0,3,18,8192,0,0,28,0.0,0.0,0,0,0.0,0.0,0,0,Bot
1024501,3,3,0,18,0,0,0.0,0.0,6,6,6.0,0.0,17.56952897,5.856509657,204900.2,279990.2054,514394,370,1024038,512019.0,3882.016229,514764,509274,1024046,512023.0,4007.881236,514857,509189,0,0,0,0,92,60,2.928254828,2.928254828,0,6,2.571428571,3.207134903,10.28571429,0,0,0,1,0,0,0,0,1,3.0,0.0,6.0,92,0,0,0,0,0,0,3,0,3,18,8192,0,0,28,0.0,0.0,0,0,0.0,0.0,0,0,Bot
1029738,3,3,0,18,0,0,0.0,0.0,6,6,6.0,0.0,17.48017457,5.826724856,205947.6,281216.7534,515279,370,1029001,514500.5,1624.224276,515649,513352,1029114,514557.0,2063.337588,516016,513098,0,0,0,0,92,60,2.913362428,2.913362428,0,6,2.571428571,3.207134903,10.28571429,0,0,0,1,0,0,0,0,1,3.0,0.0,6.0,92,0,0,0,0,0,0,3,0,3,18,8192,0,0,28,0.0,0.0,0,0,0.0,0.0,0,0,Bot
997100,3,3,0,18,0,0,0.0,0.0,6,6,6.0,0.0,18.05235182,6.017450607000001,199420.0,272369.5421,498720,463,996627,498313.5,1229.658692,499183,497444,996506,498253.0,1329.360749,499193,497313,0,0,0,0,92,60,3.0087253030000003,3.0087253030000003,0,6,2.571428571,3.207134903,10.28571429,0,0,0,1,0,0,0,0,1,3.0,0.0,6.0,92,0,0,0,0,0,0,3,0,3,18,8192,0,0,28,0.0,0.0,0,0,0.0,0.0,0,0,Bot
1013827,3,3,0,18,0,0,0.0,0.0,6,6,6.0,0.0,17.75450841,5.918169471000001,202765.4,276907.7835,512666,489,1013338,506669.0,9445.532383,513348,499990,1013145,506572.5,9376.943025,513203,499942,0,0,0,0,92,60,2.959084735,2.959084735,0,6,2.571428571,3.207134903,10.28571429,0,0,0,1,0,0,0,0,1,3.0,0.0,6.0,92,0,0,0,0,0,0,3,0,3,18,8192,0,0,28,0.0,0.0,0,0,0.0,0.0,0,0,Bot
996752,3,3,0,18,0,0,0.0,0.0,6,6,6.0,0.0,18.05865451,6.019551503,199350.4,272181.4224,498605,552,996200,498100.0,1578.262336,499216,496984,996181,498090.5,1508.2587640000006,499157,497024,0,0,0,0,92,60,3.009775752,3.009775752,0,6,2.571428571,3.207134903,10.28571429,0,0,0,1,0,0,0,0,1,3.0,0.0,6.0,92,0,0,0,0,0,0,3,0,3,18,8192,0,0,28,0.0,0.0,0,0,0.0,0.0,0,0,Bot
1023813,3,3,0,18,0,0,0.0,0.0,6,6,6.0,0.0,17.58133565,5.860445218,204762.6,279437.6042,511658,431,1023027,511513.5,1413.506456,512513,510514,1022958,511479.0,862.6702730000003,512089,510869,0,0,0,0,92,60,2.930222609,2.930222609,0,6,2.571428571,3.207134903,10.28571429,0,0,0,1,0,0,0,0,1,3.0,0.0,6.0,92,0,0,0,0,0,0,3,0,3,18,8192,0,0,28,0.0,0.0,0,0,0.0,0.0,0,0,Bot
1013035,3,3,0,18,0,0,0.0,0.0,6,6,6.0,0.0,17.76838905,5.92279635,202607.0,276557.0245,518188,639,1012238,506119.0,18203.75697,518991,493247,1012396,506198.0,18083.54882,518985,493411,0,0,0,0,92,60,2.961398175,2.961398175,0,6,2.571428571,3.207134903,10.28571429,0,0,0,1,0,0,0,0,1,3.0,0.0,6.0,92,0,0,0,0,0,0,3,0,3,18,8192,0,0,28,0.0,0.0,0,0,0.0,0.0,0,0,Bot
1025014,3,3,0,18,0,0,0.0,0.0,6,6,6.0,0.0,17.56073576,5.853578585,205002.8,279944.5626,514366,442,1024552,512276.0,3580.78874,514808,509744,1024223,512111.5,3841.711142,514828,509395,0,0,0,0,92,60,2.926789293,2.926789293,0,6,2.571428571,3.207134903,10.28571429,0,0,0,1,0,0,0,0,1,3.0,0.0,6.0,92,0,0,0,0,0,0,3,0,3,18,8192,0,0,28,0.0,0.0,0,0,0.0,0.0,0,0,Bot
1045270,3,3,0,18,0,0,0.0,0.0,6,6,6.0,0.0,17.22043108,5.740143695,209054.0,285399.0535,528305,601,1044669,522334.5,9470.28112,529031,515638,1044544,522272.0,9439.875529,528947,515597,0,0,0,0,92,60,2.870071847,2.870071847,0,6,2.571428571,3.207134903,10.28571429,0,0,0,1,0,0,0,0,1,3.0,0.0,6.0,92,0,0,0,0,0,0,3,0,3,18,8192,0,0,28,0.0,0.0,0,0,0.0,0.0,0,0,Bot
996989,3,3,0,18,0,0,0.0,0.0,6,6,6.0,0.0,18.05436168,6.018120561,199397.8,272352.6481,498557,371,996618,498309.0,1204.909955,499161,497457,996464,498232.0,984.2926394,498928,497536,0,0,0,0,92,60,3.0090602810000004,3.0090602810000004,0,6,2.571428571,3.207134903,10.28571429,0,0,0,1,0,0,0,0,1,3.0,0.0,6.0,92,0,0,0,0,0,0,3,0,3,18,8192,0,0,28,0.0,0.0,0,0,0.0,0.0,0,0,Bot
1029553,3,3,0,18,0,0,0.0,0.0,6,6,6.0,0.0,17.48331557,5.827771857999999,205910.6,280948.0907,515164,476,1028994,514497.0,1616.446102,515640,513354,1028378,514189.0,2169.403605,515723,512655,0,0,0,0,92,60,2.913885929,2.913885929,0,6,2.571428571,3.207134903,10.28571429,0,0,0,1,0,0,0,0,1,3.0,0.0,6.0,92,0,0,0,0,0,0,3,0,3,18,8192,0,0,28,0.0,0.0,0,0,0.0,0.0,0,0,Bot
996658,3,3,0,18,0,0,0.0,0.0,6,6,6.0,0.0,18.06035772,6.020119238,199331.6,272262.1417,498729,470,996111,498055.5,1636.952198,499213,496898,996188,498094.0,1671.600431,499276,496912,0,0,0,0,92,60,3.010059619,3.010059619,0,6,2.571428571,3.207134903,10.28571429,0,0,0,1,0,0,0,0,1,3.0,0.0,6.0,92,0,0,0,0,0,0,3,0,3,18,8192,0,0,28,0.0,0.0,0,0,0.0,0.0,0,0,Bot
1001713,3,3,0,18,0,0,0.0,0.0,6,6,6.0,0.0,17.96921873,5.989739576,200342.6,273572.7281,500117,533,1001159,500579.5,99.70205615,500650,500509,1001140,500570.0,142.8355698,500671,500469,0,0,0,0,92,60,2.994869788,2.994869788,0,6,2.571428571,3.207134903,10.28571429,0,0,0,1,0,0,0,0,1,3.0,0.0,6.0,92,0,0,0,0,0,0,3,0,3,18,8192,0,0,28,0.0,0.0,0,0,0.0,0.0,0,0,Bot
997608,3,3,0,18,0,0,0.0,0.0,6,6,6.0,0.0,18.04315924,6.014386412,199521.6,272224.5505,498113,650,996901,498450.5,441.9417382,498763,498138,996814,498407.0,584.0702012999999,498820,497994,0,0,0,0,92,60,3.007193206,3.007193206,0,6,2.571428571,3.207134903,10.28571429,0,0,0,1,0,0,0,0,1,3.0,0.0,6.0,92,0,0,0,0,0,0,3,0,3,18,8192,0,0,28,0.0,0.0,0,0,0.0,0.0,0,0,Bot
1008876,3,3,0,18,0,0,0.0,0.0,6,6,6.0,0.0,17.84163762,5.947212541,201775.2,275543.8994,508393,379,1008355,504177.5,7071.774919,509178,499177,1008091,504045.5,6684.280403,508772,499319,0,0,0,0,92,60,2.9736062710000004,2.9736062710000004,0,6,2.571428571,3.207134903,10.28571429,0,0,0,1,0,0,0,0,1,3.0,0.0,6.0,92,0,0,0,0,0,0,3,0,3,18,8192,0,0,28,0.0,0.0,0,0,0.0,0.0,0,0,Bot
1045137,3,3,0,18,0,0,0.0,0.0,6,6,6.0,0.0,17.22262249,5.740874162999999,209027.4,285612.5916,528501,432,1044624,522312.0,9425.733393,528977,515647,1044661,522330.5,9337.345046,528933,515728,0,0,0,0,92,60,2.8704370810000004,2.8704370810000004,0,6,2.571428571,3.207134903,10.28571429,0,0,0,1,0,0,0,0,1,3.0,0.0,6.0,92,0,0,0,0,0,0,3,0,3,18,8192,0,0,28,0.0,0.0,0,0,0.0,0.0,0,0,Bot
997152,3,3,0,18,0,0,0.0,0.0,6,6,6.0,0.0,18.05141042,6.017136806,199430.4,272416.6053,498759,419,996636,498318.0,1216.223664,499178,497458,996629,498314.5,1358.352127,499275,497354,0,0,0,0,92,60,3.008568403,3.008568403,0,6,2.571428571,3.207134903,10.28571429,0,0,0,1,0,0,0,0,1,3.0,0.0,6.0,92,0,0,0,0,0,0,3,0,3,18,8192,0,0,28,0.0,0.0,0,0,0.0,0.0,0,0,Bot
1029450,3,3,0,18,0,0,0.0,0.0,6,6,6.0,0.0,17.48506484,5.828354947,205890.0,281079.0066,515074,476,1028974,514487.0,1629.174024,515639,513335,1028631,514315.5,1745.846643,515550,513081,0,0,0,0,92,60,2.914177473,2.914177473,0,6,2.571428571,3.207134903,10.28571429,0,0,0,1,0,0,0,0,1,3.0,0.0,6.0,92,0,0,0,0,0,0,3,0,3,18,8192,0,0,28,0.0,0.0,0,0,0.0,0.0,0,0,Bot
997180,3,3,0,18,0,0,0.0,0.0,6,6,6.0,0.0,18.05090355,6.016967848999999,199436.0,272459.8643,498805,389,996666,498333.0,1217.637877,499194,497472,996703,498351.5,1368.251622,499319,497384,0,0,0,0,92,60,3.008483925,3.008483925,0,6,2.571428571,3.207134903,10.28571429,0,0,0,1,0,0,0,0,1,3.0,0.0,6.0,92,0,0,0,0,0,0,3,0,3,18,8192,0,0,28,0.0,0.0,0,0,0.0,0.0,0,0,Bot
1012842,3,3,0,18,0,0,0.0,0.0,6,6,6.0,0.0,17.77177487,5.9239249560000005,202568.4,276599.5818,511093,566,1012215,506107.5,7851.006592,511659,500556,1012268,506134.0,7899.796959,511720,500548,0,0,0,0,92,60,2.961962478,2.961962478,0,6,2.571428571,3.207134903,10.28571429,0,0,0,1,0,0,0,0,1,3.0,0.0,6.0,92,0,0,0,0,0,0,3,0,3,18,8192,0,0,28,0.0,0.0,0,0,0.0,0.0,0,0,Bot
1025099,3,3,0,18,0,0,0.0,0.0,6,6,6.0,0.0,17.55927964,5.853093212999999,205019.8,280161.6837,514297,338,1024665,512332.5,3478.258257,514792,509873,1024761,512380.5,3324.108978,514731,510030,0,0,0,0,92,60,2.926546607,2.926546607,0,6,2.571428571,3.207134903,10.28571429,0,0,0,1,0,0,0,0,1,3.0,0.0,6.0,92,0,0,0,0,0,0,3,0,3,18,8192,0,0,28,0.0,0.0,0,0,0.0,0.0,0,0,Bot
1004419,3,3,0,18,0,0,0.0,0.0,6,6,6.0,0.0,17.92080795,5.97360265,200883.8,274405.5066,508846,449,1003970,501985.0,10530.23419,509431,494539,1003884,501942.0,10398.71232,509295,494589,0,0,0,0,92,60,2.986801325,2.986801325,0,6,2.571428571,3.207134903,10.28571429,0,0,0,1,0,0,0,0,1,3.0,0.0,6.0,92,0,0,0,0,0,0,3,0,3,18,8192,0,0,28,0.0,0.0,0,0,0.0,0.0,0,0,Bot
1029381,3,3,0,18,0,0,0.0,0.0,6,6,6.0,0.0,17.48623687,5.828745625,205876.2,281298.6694,515240,376,1029005,514502.5,1617.153209,515646,513359,1028826,514413.0,1701.298916,515616,513210,0,0,0,0,92,60,2.914372812,2.914372812,0,6,2.571428571,3.207134903,10.28571429,0,0,0,1,0,0,0,0,1,3.0,0.0,6.0,92,0,0,0,0,0,0,3,0,3,18,8192,0,0,28,0.0,0.0,0,0,0.0,0.0,0,0,Bot
997269,3,3,0,18,0,0,0.0,0.0,6,6,6.0,0.0,18.04929262,6.016430872999999,199453.8,272466.586,498915,388,996748,498374.0,1313.804399,499303,497445,996759,498379.5,1494.116629,499436,497323,0,0,0,0,92,60,3.0082154360000004,3.0082154360000004,0,6,2.571428571,3.207134903,10.28571429,0,0,0,1,0,0,0,0,1,3.0,0.0,6.0,92,0,0,0,0,0,0,3,0,3,18,8192,0,0,28,0.0,0.0,0,0,0.0,0.0,0,0,Bot
1013765,3,3,0,18,0,0,0.0,0.0,6,6,6.0,0.0,17.75559425,5.918531415,202753.0,276931.5112,512609,390,1013375,506687.5,9437.754208,513361,500014,1013013,506506.5,9301.989707,513084,499929,0,0,0,0,92,60,2.959265708,2.959265708,0,6,2.571428571,3.207134903,10.28571429,0,0,0,1,0,0,0,0,1,3.0,0.0,6.0,92,0,0,0,0,0,0,3,0,3,18,8192,0,0,28,0.0,0.0,0,0,0.0,0.0,0,0,Bot
1012805,3,3,0,18,0,0,0.0,0.0,6,6,6.0,0.0,17.77242411,5.92414137,202561.0,276705.4364,512565,480,1012255,506127.5,9835.14822,513082,499173,1012288,506144.0,9759.487794,513045,499243,0,0,0,0,92,60,2.962070685,2.962070685,0,6,2.571428571,3.207134903,10.28571429,0,0,0,1,0,0,0,0,1,3.0,0.0,6.0,92,0,0,0,0,0,0,3,0,3,18,8192,0,0,28,0.0,0.0,0,0,0.0,0.0,0,0,Bot
1003106,3,3,0,18,0,0,0.0,0.0,6,6,6.0,0.0,17.94426511,5.981421704,200621.2,273966.0536,501422,477,1002549,501274.5,1058.538851,502023,500526,1002505,501252.5,914.2890681,501899,500606,0,0,0,0,92,60,2.990710852,2.990710852,0,6,2.571428571,3.207134903,10.28571429,0,0,0,1,0,0,0,0,1,3.0,0.0,6.0,92,0,0,0,0,0,0,3,0,3,18,8192,0,0,28,0.0,0.0,0,0,0.0,0.0,0,0,Bot
1024559,3,3,0,18,0,0,0.0,0.0,6,6,6.0,0.0,17.56853436,5.856178122,204911.8,279761.2311,514203,592,1023923,511961.5,4014.245197,514800,509123,1023967,511983.5,4038.286827,514839,509128,0,0,0,0,92,60,2.928089061,2.928089061,0,6,2.571428571,3.207134903,10.28571429,0,0,0,1,0,0,0,0,1,3.0,0.0,6.0,92,0,0,0,0,0,0,3,0,3,18,8192,0,0,28,0.0,0.0,0,0,0.0,0.0,0,0,Bot
998624,3,3,0,18,0,0,0.0,0.0,6,6,6.0,0.0,18.02480213,6.008267376,199724.8,272772.1379,501465,427,998141,499070.5,3990.203566,501892,496249,998197,499098.5,4291.431055,502133,496064,0,0,0,0,92,60,3.004133688,3.004133688,0,6,2.571428571,3.207134903,10.28571429,0,0,0,1,0,0,0,0,1,3.0,0.0,6.0,92,0,0,0,0,0,0,3,0,3,18,8192,0,0,28,0.0,0.0,0,0,0.0,0.0,0,0,Bot
1045254,3,3,0,18,0,0,0.0,0.0,6,6,6.0,0.0,17.22069468,5.740231561,209050.8,285484.4249,528223,379,1044619,522309.5,9429.268927,528977,515642,1044500,522250.0,8983.084548,528602,515898,0,0,0,0,92,60,2.87011578,2.87011578,0,6,2.571428571,3.207134903,10.28571429,0,0,0,1,0,0,0,0,1,3.0,0.0,6.0,92,0,0,0,0,0,0,3,0,3,18,8192,0,0,28,0.0,0.0,0,0,0.0,0.0,0,0,Bot
997088,3,3,0,18,0,0,0.0,0.0,6,6,6.0,0.0,18.05256908,6.017523027,199417.6,272354.6388,498830,403,996612,498306.0,1310.975972,499233,497379,996411,498205.5,1556.342025,499306,497105,0,0,0,0,92,60,3.008761514,3.008761514,0,6,2.571428571,3.207134903,10.28571429,0,0,0,1,0,0,0,0,1,3.0,0.0,6.0,92,0,0,0,0,0,0,3,0,3,18,8192,0,0,28,0.0,0.0,0,0,0.0,0.0,0,0,Bot
1013942,3,3,0,18,0,0,0.0,0.0,6,6,6.0,0.0,17.75249472,5.91749824,202788.4,276827.5287,512450,442,1013356,506678.0,9465.331373,513371,499985,1013021,506510.5,9024.803848,512892,500129,0,0,0,0,92,60,2.95874912,2.95874912,0,6,2.571428571,3.207134903,10.28571429,0,0,0,1,0,0,0,0,1,3.0,0.0,6.0,92,0,0,0,0,0,0,3,0,3,18,8192,0,0,28,0.0,0.0,0,0,0.0,0.0,0,0,Bot
997158,3,3,0,18,0,0,0.0,0.0,6,6,6.0,0.0,18.0513018,6.017100599999999,199431.6,272377.9706,498648,457,996569,498284.5,1221.173411,499148,497421,996701,498350.5,1253.700323,499237,497464,0,0,0,0,92,60,3.0085503,3.0085503,0,6,2.571428571,3.207134903,10.28571429,0,0,0,1,0,0,0,0,1,3.0,0.0,6.0,92,0,0,0,0,0,0,3,0,3,18,8192,0,0,28,0.0,0.0,0,0,0.0,0.0,0,0,Bot
1014679,3,3,0,18,0,0,0.0,0.0,6,6,6.0,0.0,17.73960041,5.913200135,202935.8,277197.2583,512175,360,1014123,507061.5,7740.697934000002,512535,501588,1014034,507017.0,8080.816295,512731,501303,0,0,0,0,92,60,2.956600068,2.956600068,0,6,2.571428571,3.207134903,10.28571429,0,0,0,1,0,0,0,0,1,3.0,0.0,6.0,92,0,0,0,0,0,0,3,0,3,18,8192,0,0,28,0.0,0.0,0,0,0.0,0.0,0,0,Bot
1025186,3,3,0,18,0,0,0.0,0.0,6,6,6.0,0.0,17.55778951,5.852596504,205037.2,280097.7819,514329,457,1024663,512331.5,3471.187189,514786,509877,1024706,512353.0,3534.119692,514852,509854,0,0,0,0,92,60,2.926298252,2.926298252,0,6,2.571428571,3.207134903,10.28571429,0,0,0,1,0,0,0,0,1,3.0,0.0,6.0,92,0,0,0,0,0,0,3,0,3,18,8192,0,0,28,0.0,0.0,0,0,0.0,0.0,0,0,Bot
1030344,3,3,0,18,0,0,0.0,0.0,6,6,6.0,0.0,17.46989355,5.82329785,206068.8,281575.0418,522647,424,1029862,514931.0,11663.01925,523178,506684,1029813,514906.5,11546.34663,523071,506742,0,0,0,0,92,60,2.911648925,2.911648925,0,6,2.571428571,3.207134903,10.28571429,0,0,0,1,0,0,0,0,1,3.0,0.0,6.0,92,0,0,0,0,0,0,3,0,3,18,8192,0,0,28,0.0,0.0,0,0,0.0,0.0,0,0,Bot
1045241,3,3,0,18,0,0,0.0,0.0,6,6,6.0,0.0,17.22090886,5.740302954,209048.2,285513.51300000004,530784,467,1044636,522318.0,12633.16975,531251,513385,1044540,522270.0,12896.21348,531389,513151,0,0,0,0,92,60,2.870151477,2.870151477,0,6,2.571428571,3.207134903,10.28571429,0,0,0,1,0,0,0,0,1,3.0,0.0,6.0,92,0,0,0,0,0,0,3,0,3,18,8192,0,0,28,0.0,0.0,0,0,0.0,0.0,0,0,Bot
997414,3,3,0,18,0,0,0.0,0.0,6,6,6.0,0.0,18.04666869,6.015556228,199482.8,272371.0653,498755,445,996651,498325.5,1236.72976,499200,497451,996907,498453.5,1505.430337,499518,497389,0,0,0,0,92,60,3.007778114,3.007778114,0,6,2.571428571,3.207134903,10.28571429,0,0,0,1,0,0,0,0,1,3.0,0.0,6.0,92,0,0,0,0,0,0,3,0,3,18,8192,0,0,28,0.0,0.0,0,0,0.0,0.0,0,0,Bot
1045044,3,3,0,18,0,0,0.0,0.0,6,6,6.0,0.0,17.22415516,5.741385052,209008.8,285366.7757,530573,497,1044547,522273.5,12713.07282,531263,513284,1044255,522127.5,12646.60478,531070,513185,0,0,0,0,92,60,2.870692526,2.870692526,0,6,2.571428571,3.207134903,10.28571429,0,0,0,1,0,0,0,0,1,3.0,0.0,6.0,92,0,0,0,0,0,0,3,0,3,18,8192,0,0,28,0.0,0.0,0,0,0.0,0.0,0,0,Bot
997186,3,3,0,18,0,0,0.0,0.0,6,6,6.0,0.0,18.05079494,6.016931646000001,199437.2,272610.0398,514406,394,996564,498282.0,23359.97962,514800,481764,996594,498297.0,23661.20711,515028,481566,0,0,0,0,92,60,3.0084658230000003,3.0084658230000003,0,6,2.571428571,3.207134903,10.28571429,0,0,0,1,0,0,0,0,1,3.0,0.0,6.0,92,0,0,0,0,0,0,3,0,3,18,8192,0,0,28,0.0,0.0,0,0,0.0,0.0,0,0,Bot
1029871,3,3,0,18,0,0,0.0,0.0,6,6,6.0,0.0,17.47791714,5.825972379,205974.2,281329.3776,515208,429,1029374,514687.0,1343.502884,515637,513737,1029234,514617.0,1538.664356,515705,513529,0,0,0,0,92,60,2.91298619,2.91298619,0,6,2.571428571,3.207134903,10.28571429,0,0,0,1,0,0,0,0,1,3.0,0.0,6.0,92,0,0,0,0,0,0,3,0,3,18,8192,0,0,28,0.0,0.0,0,0,0.0,0.0,0,0,Bot
1009492,3,3,0,18,0,0,0.0,0.0,6,6,6.0,0.0,17.83075052,5.943583505,201898.4,275818.6159,509330,479,1009013,504506.5,7524.323259000002,509827,499186,1008995,504497.5,7522.909045,509817,499178,0,0,0,0,92,60,2.971791753,2.971791753,0,6,2.571428571,3.207134903,10.28571429,0,0,0,1,0,0,0,0,1,3.0,0.0,6.0,92,0,0,0,0,0,0,3,0,3,18,8192,0,0,28,0.0,0.0,0,0,0.0,0.0,0,0,Bot
996686,3,3,0,18,0,0,0.0,0.0,6,6,6.0,0.0,18.05985034,6.019950115,199337.2,272273.9143,499667,423,996199,498099.5,3048.337334,500255,495944,996098,498049.0,2886.409881,500090,496008,0,0,0,0,92,60,3.009975057,3.009975057,0,6,2.571428571,3.207134903,10.28571429,0,0,0,1,0,0,0,0,1,3.0,0.0,6.0,92,0,0,0,0,0,0,3,0,3,18,8192,0,0,28,0.0,0.0,0,0,0.0,0.0,0,0,Bot
1029548,3,3,0,18,0,0,0.0,0.0,6,6,6.0,0.0,17.48340048,5.827800161,205909.6,281129.1383,515155,490,1029058,514529.0,1605.132393,515664,513394,1028738,514369.0,1804.536506,515645,513093,0,0,0,0,92,60,2.91390008,2.91390008,0,6,2.571428571,3.207134903,10.28571429,0,0,0,1,0,0,0,0,1,3.0,0.0,6.0,92,0,0,0,0,0,0,3,0,3,18,8192,0,0,28,0.0,0.0,0,0,0.0,0.0,0,0,Bot
997200,3,3,0,18,0,0,0.0,0.0,6,6,6.0,0.0,18.05054152,6.016847172,199440.0,272358.2386,498786,426,996604,498302.0,1286.934342,499212,497392,996607,498303.5,1525.229327,499382,497225,0,0,0,0,92,60,3.008423586,3.008423586,0,6,2.571428571,3.207134903,10.28571429,0,0,0,1,0,0,0,0,1,3.0,0.0,6.0,92,0,0,0,0,0,0,3,0,3,18,8192,0,0,28,0.0,0.0,0,0,0.0,0.0,0,0,Bot
1029562,3,3,0,18,0,0,0.0,0.0,6,6,6.0,0.0,17.48316274,5.827720914,205912.4,281107.7941,515109,522,1028969,514484.5,1621.395849,515631,513338,1028813,514406.5,1832.11367,515702,513111,0,0,0,0,92,60,2.913860457,2.913860457,0,6,2.571428571,3.207134903,10.28571429,0,0,0,1,0,0,0,0,1,3.0,0.0,6.0,92,0,0,0,0,0,0,3,0,3,18,8192,0,0,28,0.0,0.0,0,0,0.0,0.0,0,0,Bot
996473,3,3,0,18,0,0,0.0,0.0,6,6,6.0,0.0,18.06371071,6.021236902999999,199294.6,272126.016,498679,374,996099,498049.5,1615.738995,499192,496907,995671,497835.5,1721.805012,499053,496618,0,0,0,0,92,60,3.010618451,3.010618451,0,6,2.571428571,3.207134903,10.28571429,0,0,0,1,0,0,0,0,1,3.0,0.0,6.0,92,0,0,0,0,0,0,3,0,3,18,8192,0,0,28,0.0,0.0,0,0,0.0,0.0,0,0,Bot
1014408,3,3,0,18,0,0,0.0,0.0,6,6,6.0,0.0,17.74433956,5.914779852000001,202881.6,276991.7219,507997,509,1013899,506949.5,2320.017349,508590,505309,1013718,506859.0,2329.209737,508506,505212,0,0,0,0,92,60,2.9573899260000003,2.9573899260000003,0,6,2.571428571,3.207134903,10.28571429,0,0,0,1,0,0,0,0,1,3.0,0.0,6.0,92,0,0,0,0,0,0,3,0,3,18,8192,0,0,28,0.0,0.0,0,0,0.0,0.0,0,0,Bot
1014112,3,3,0,18,0,0,0.0,0.0,6,6,6.0,0.0,17.74951879,5.916506264,202822.4,277034.0724,506409,408,1013704,506852.0,222.0315293,507009,506695,1013512,506756.0,227.6883835,506917,506595,0,0,0,0,92,60,2.958253132,2.958253132,0,6,2.571428571,3.207134903,10.28571429,0,0,0,1,0,0,0,0,1,3.0,0.0,6.0,92,0,0,0,0,0,0,3,0,3,18,8192,0,0,28,0.0,0.0,0,0,0.0,0.0,0,0,Bot
1024630,3,3,0,18,0,0,0.0,0.0,6,6,6.0,0.0,17.56731698,5.855772328,204926.0,279795.6916,514153,485,1024004,512002.0,4003.638595,514833,509171,1024145,512072.5,3827.569007,514779,509366,0,0,0,0,92,60,2.927886164,2.927886164,0,6,2.571428571,3.207134903,10.28571429,0,0,0,1,0,0,0,0,1,3.0,0.0,6.0,92,0,0,0,0,0,0,3,0,3,18,8192,0,0,28,0.0,0.0,0,0,0.0,0.0,0,0,Bot
1029475,3,3,0,18,0,0,0.0,0.0,6,6,6.0,0.0,17.48464023,5.82821341,205895.0,281112.0298,514987,482,1028993,514496.5,1627.052704,515647,513346,1028815,514407.5,1501.1876960000006,515469,513346,0,0,0,0,92,60,2.914106705,2.914106705,0,6,2.571428571,3.207134903,10.28571429,0,0,0,1,0,0,0,0,1,3.0,0.0,6.0,92,0,0,0,0,0,0,3,0,3,18,8192,0,0,28,0.0,0.0,0,0,0.0,0.0,0,0,Bot
997035,3,3,0,18,0,0,0.0,0.0,6,6,6.0,0.0,18.05352871,6.017842904,199407.0,272422.9082,498746,426,996587,498293.5,1242.386615,499172,497415,996535,498267.5,1310.268866,499194,497341,0,0,0,0,92,60,3.008921452,3.008921452,0,6,2.571428571,3.207134903,10.28571429,0,0,0,1,0,0,0,0,1,3.0,0.0,6.0,92,0,0,0,0,0,0,3,0,3,18,8192,0,0,28,0.0,0.0,0,0,0.0,0.0,0,0,Bot
1045052,3,3,0,18,0,0,0.0,0.0,6,6,6.0,0.0,17.224023300000002,5.741341101000001,209010.4,285363.1728,528070,467,1044585,522292.5,9379.771452,528925,515660,1044197,522098.5,9280.776503,528661,515536,0,0,0,0,92,60,2.87067055,2.87067055,0,6,2.571428571,3.207134903,10.28571429,0,0,0,1,0,0,0,0,1,3.0,0.0,6.0,92,0,0,0,0,0,0,3,0,3,18,8192,0,0,28,0.0,0.0,0,0,0.0,0.0,0,0,Bot
997057,3,3,0,18,0,0,0.0,0.0,6,6,6.0,0.0,18.05313036,6.017710121,199411.4,272449.3382,498692,374,996642,498321.0,1288.348555,499232,497410,996683,498341.5,1082.580482,499107,497576,0,0,0,0,92,60,3.00885506,3.00885506,0,6,2.571428571,3.207134903,10.28571429,0,0,0,1,0,0,0,0,1,3.0,0.0,6.0,92,0,0,0,0,0,0,3,0,3,18,8192,0,0,28,0.0,0.0,0,0,0.0,0.0,0,0,Bot
1018221,3,3,0,18,0,0,0.0,0.0,6,6,6.0,0.0,17.67789115,5.892630382,203644.2,278168.6151,515125,408,1017813,508906.5,9525.435449,515642,502171,1017559,508779.5,9550.891293,515533,502026,0,0,0,0,92,60,2.946315191,2.946315191,0,6,2.571428571,3.207134903,10.28571429,0,0,0,1,0,0,0,0,1,3.0,0.0,6.0,92,0,0,0,0,0,0,3,0,3,18,8192,0,0,28,0.0,0.0,0,0,0.0,0.0,0,0,Bot
1010704,3,3,0,18,0,0,0.0,0.0,6,6,6.0,0.0,17.80936852,5.936456173,202140.8,276029.954,506381,518,1010186,505093.0,2588.010819,506923,503263,1010086,505043.0,2624.780372,506899,503187,0,0,0,0,92,60,2.968228087,2.968228087,0,6,2.571428571,3.207134903,10.28571429,0,0,0,1,0,0,0,0,1,3.0,0.0,6.0,92,0,0,0,0,0,0,3,0,3,18,8192,0,0,28,0.0,0.0,0,0,0.0,0.0,0,0,Bot
1024441,3,3,0,18,0,0,0.0,0.0,6,6,6.0,0.0,17.57055799,5.856852664,204888.2,279813.7073,514123,441,1024000,512000.0,3906.057859000002,514762,509238,1023883,511941.5,3708.775067,514564,509319,0,0,0,0,92,60,2.928426332,2.928426332,0,6,2.571428571,3.207134903,10.28571429,0,0,0,1,0,0,0,0,1,3.0,0.0,6.0,92,0,0,0,0,0,0,3,0,3,18,8192,0,0,28,0.0,0.0,0,0,0.0,0.0,0,0,Bot
1029486,3,3,0,18,0,0,0.0,0.0,6,6,6.0,0.0,17.48445341,5.828151136000001,205897.2,281166.7319,515106,527,1028959,514479.5,1645.43748,515643,513316,1028861,514430.5,1700.591809,515633,513228,0,0,0,0,92,60,2.9140755680000003,2.9140755680000003,0,6,2.571428571,3.207134903,10.28571429,0,0,0,1,0,0,0,0,1,3.0,0.0,6.0,92,0,0,0,0,0,0,3,0,3,18,8192,0,0,28,0.0,0.0,0,0,0.0,0.0,0,0,Bot
997258,3,3,0,18,0,0,0.0,0.0,6,6,6.0,0.0,18.04949171,6.016497235,199451.6,272218.2869,498764,443,996611,498305.5,1274.913526,499207,497404,996391,498195.5,1718.976585,499411,496980,0,0,0,0,92,60,3.008248618,3.008248618,0,6,2.571428571,3.207134903,10.28571429,0,0,0,1,0,0,0,0,1,3.0,0.0,6.0,92,0,0,0,0,0,0,3,0,3,18,8192,0,0,28,0.0,0.0,0,0,0.0,0.0,0,0,Bot
1045265,3,3,0,18,0,0,0.0,0.0,6,6,6.0,0.0,17.22051346,5.740171153,209053.0,285278.4064,530457,656,1044609,522304.5,12680.54591,531271,513338,1044435,522217.5,12580.13674,531113,513322,0,0,0,0,92,60,2.870085576,2.870085576,0,6,2.571428571,3.207134903,10.28571429,0,0,0,1,0,0,0,0,1,3.0,0.0,6.0,92,0,0,0,0,0,0,3,0,3,18,8192,0,0,28,0.0,0.0,0,0,0.0,0.0,0,0,Bot
996437,3,3,0,18,0,0,0.0,0.0,6,6,6.0,0.0,18.06436333,6.0214544420000005,199287.4,272222.561,498813,391,995996,497998.0,1705.541556,499204,496792,995813,497906.5,1905.652775,499254,496559,0,0,0,0,92,60,3.010727221,3.010727221,0,6,2.571428571,3.207134903,10.28571429,0,0,0,1,0,0,0,0,1,3.0,0.0,6.0,92,0,0,0,0,0,0,3,0,3,18,8192,0,0,28,0.0,0.0,0,0,0.0,0.0,0,0,Bot
1014712,3,3,0,18,0,0,0.0,0.0,6,6,6.0,0.0,17.73902349,5.913007829,202942.4,277169.5381,513410,533,1014154,507077.0,9779.286784,513992,500162,1014130,507065.0,9726.960882,513943,500187,0,0,0,0,92,60,2.956503914,2.956503914,0,6,2.571428571,3.207134903,10.28571429,0,0,0,1,0,0,0,0,1,3.0,0.0,6.0,92,0,0,0,0,0,0,3,0,3,18,8192,0,0,28,0.0,0.0,0,0,0.0,0.0,0,0,Bot
1020579,3,3,0,18,0,0,0.0,0.0,6,6,6.0,0.0,17.63704721,5.879015735,204115.8,278888.6779,512730,406,1020079,510039.5,4435.680838,513176,506903,1020133,510066.5,4340.92853,513136,506997,0,0,0,0,92,60,2.939507868,2.939507868,0,6,2.571428571,3.207134903,10.28571429,0,0,0,1,0,0,0,0,1,3.0,0.0,6.0,92,0,0,0,0,0,0,3,0,3,18,8192,0,0,28,0.0,0.0,0,0,0.0,0.0,0,0,Bot
1009265,3,3,0,18,0,0,0.0,0.0,6,6,6.0,0.0,17.83476094,5.944920313,201853.0,275607.8595,508834,556,1008693,504346.5,7274.007458,509490,499203,1008609,504304.5,7191.983071,509390,499219,0,0,0,0,92,60,2.972460157,2.972460157,0,6,2.571428571,3.207134903,10.28571429,0,0,0,1,0,0,0,0,1,3.0,0.0,6.0,92,0,0,0,0,0,0,3,0,3,18,8192,0,0,28,0.0,0.0,0,0,0.0,0.0,0,0,Bot
1029428,3,3,0,18,0,0,0.0,0.0,6,6,6.0,0.0,17.48543852,5.828479505,205885.6,281267.6889,515202,431,1028968,514484.0,1624.931383,515633,513335,1028886,514443.0,1723.926333,515662,513224,0,0,0,0,92,60,2.914239753,2.914239753,0,6,2.571428571,3.207134903,10.28571429,0,0,0,1,0,0,0,0,1,3.0,0.0,6.0,92,0,0,0,0,0,0,3,0,3,18,8192,0,0,28,0.0,0.0,0,0,0.0,0.0,0,0,Bot
997159,3,3,0,18,0,0,0.0,0.0,6,6,6.0,0.0,18.0512837,6.017094566,199431.8,272389.795,498748,454,996604,498302.0,1272.792206,499202,497402,996647,498323.5,1385.222184,499303,497344,0,0,0,0,92,60,3.008547283,3.008547283,0,6,2.571428571,3.207134903,10.28571429,0,0,0,1,0,0,0,0,1,3.0,0.0,6.0,92,0,0,0,0,0,0,3,0,3,18,8192,0,0,28,0.0,0.0,0,0,0.0,0.0,0,0,Bot
1029248,3,3,0,18,0,0,0.0,0.0,6,6,6.0,0.0,17.48849646,5.829498818999999,205849.6,281159.0176,515021,360,1028888,514444.0,1702.713129,515648,513240,1028672,514336.0,1477.853173,515381,513291,0,0,0,0,92,60,2.914749409,2.914749409,0,6,2.571428571,3.207134903,10.28571429,0,0,0,1,0,0,0,0,1,3.0,0.0,6.0,92,0,0,0,0,0,0,3,0,3,18,8192,0,0,28,0.0,0.0,0,0,0.0,0.0,0,0,Bot
996607,3,3,0,18,0,0,0.0,0.0,6,6,6.0,0.0,18.06128193,6.02042731,199321.4,272214.6176,498761,396,996211,498105.5,1713.3197309999994,499317,496894,995984,497992.0,1647.5588,499157,496827,0,0,0,0,92,60,3.010213655,3.010213655,0,6,2.571428571,3.207134903,10.28571429,0,0,0,1,0,0,0,0,1,3.0,0.0,6.0,92,0,0,0,0,0,0,3,0,3,18,8192,0,0,28,0.0,0.0,0,0,0.0,0.0,0,0,Bot
1030405,3,3,0,18,0,0,0.0,0.0,6,6,6.0,0.0,17.46885933,5.822953111,206081.0,281271.2555,515309,583,1029822,514911.0,1407.1424949999994,515906,513916,1029574,514787.0,1562.705986,515892,513682,0,0,0,0,92,60,2.911476555,2.911476555,0,6,2.571428571,3.207134903,10.28571429,0,0,0,1,0,0,0,0,1,3.0,0.0,6.0,92,0,0,0,0,0,0,3,0,3,18,8192,0,0,28,0.0,0.0,0,0,0.0,0.0,0,0,Bot
1007531,3,3,0,18,0,0,0.0,0.0,6,6,6.0,0.0,17.86545526,5.955151752000001,201506.2,275174.9699,512060,399,1007132,503566.0,12829.74544,512638,494494,1006699,503349.5,12882.77845,512459,494240,0,0,0,0,92,60,2.9775758760000004,2.9775758760000004,0,6,2.571428571,3.207134903,10.28571429,0,0,0,1,0,0,0,0,1,3.0,0.0,6.0,92,0,0,0,0,0,0,3,0,3,18,8192,0,0,28,0.0,0.0,0,0,0.0,0.0,0,0,Bot
1024626,3,3,0,18,0,0,0.0,0.0,6,6,6.0,0.0,17.56738556,5.855795187999999,204925.2,279746.1549,514179,594,1023983,511991.5,3933.635024,514773,509210,1023965,511982.5,4015.65941,514822,509143,0,0,0,0,92,60,2.927897594,2.927897594,0,6,2.571428571,3.207134903,10.28571429,0,0,0,1,0,0,0,0,1,3.0,0.0,6.0,92,0,0,0,0,0,0,3,0,3,18,8192,0,0,28,0.0,0.0,0,0,0.0,0.0,0,0,Bot
1045210,3,3,0,18,0,0,0.0,0.0,6,6,6.0,0.0,17.22141962,5.740473206,209042.0,285363.8588,528210,547,1044663,522331.5,9467.452693,529026,515637,1044394,522197.0,9417.248112,528856,515538,0,0,0,0,92,60,2.870236603,2.870236603,0,6,2.571428571,3.207134903,10.28571429,0,0,0,1,0,0,0,0,1,3.0,0.0,6.0,92,0,0,0,0,0,0,3,0,3,18,8192,0,0,28,0.0,0.0,0,0,0.0,0.0,0,0,Bot
997220,3,3,0,18,0,0,0.0,0.0,6,6,6.0,0.0,18.0501795,6.0167265,199444.0,272433.86,498788,420,996610,498305.0,1277.034847,499208,497402,996789,498394.5,1419.16331,499398,497391,0,0,0,0,92,60,3.00836325,3.00836325,0,6,2.571428571,3.207134903,10.28571429,0,0,0,1,0,0,0,0,1,3.0,0.0,6.0,92,0,0,0,0,0,0,3,0,3,18,8192,0,0,28,0.0,0.0,0,0,0.0,0.0,0,0,Bot
1029537,3,3,0,18,0,0,0.0,0.0,6,6,6.0,0.0,17.48358728,5.827862427,205907.4,281091.4856,515136,510,1028963,514481.5,1646.851693,515646,513317,1028736,514368.0,1897.874601,515710,513026,0,0,0,0,92,60,2.913931214,2.913931214,0,6,2.571428571,3.207134903,10.28571429,0,0,0,1,0,0,0,0,1,3.0,0.0,6.0,92,0,0,0,0,0,0,3,0,3,18,8192,0,0,28,0.0,0.0,0,0,0.0,0.0,0,0,Bot
996418,3,3,0,18,0,0,0.0,0.0,6,6,6.0,0.0,18.06470778,6.021569261000001,199283.6,272180.6925,498705,472,995946,497973.0,1738.068468,499202,496744,995851,497925.5,1769.888273,499177,496674,0,0,0,0,92,60,3.0107846310000004,3.0107846310000004,0,6,2.571428571,3.207134903,10.28571429,0,0,0,1,0,0,0,0,1,3.0,0.0,6.0,92,0,0,0,0,0,0,3,0,3,18,8192,0,0,28,0.0,0.0,0,0,0.0,0.0,0,0,Bot
1030281,3,3,0,18,0,0,0.0,0.0,6,6,6.0,0.0,17.47096181,5.823653935,206056.2,281387.8435,515381,534,1029736,514868.0,1480.6816,515915,513821,1029679,514839.5,1536.543036,515926,513753,0,0,0,0,92,60,2.911826968,2.911826968,0,6,2.571428571,3.207134903,10.28571429,0,0,0,1,0,0,0,0,1,3.0,0.0,6.0,92,0,0,0,0,0,0,3,0,3,18,8192,0,0,28,0.0,0.0,0,0,0.0,0.0,0,0,Bot
1017097,3,3,0,18,0,0,0.0,0.0,6,6,6.0,0.0,17.69742709,5.899142362999999,203419.4,277636.9128,512699,468,1016629,508314.5,7329.161787000001,513497,503132,1016299,508149.5,7527.151686,513472,502827,0,0,0,0,92,60,2.949571182,2.949571182,0,6,2.571428571,3.207134903,10.28571429,0,0,0,1,0,0,0,0,1,3.0,0.0,6.0,92,0,0,0,0,0,0,3,0,3,18,8192,0,0,28,0.0,0.0,0,0,0.0,0.0,0,0,Bot
1024271,3,3,0,18,0,0,0.0,0.0,6,6,6.0,0.0,17.57347421,5.857824736,204854.2,279766.1869,514117,407,1023864,511932.0,4038.9939340000014,514788,509076,1023708,511854.0,3775.950212,514524,509184,0,0,0,0,92,60,2.928912368,2.928912368,0,6,2.571428571,3.207134903,10.28571429,0,0,0,1,0,0,0,0,1,3.0,0.0,6.0,92,0,0,0,0,0,0,3,0,3,18,8192,0,0,28,0.0,0.0,0,0,0.0,0.0,0,0,Bot
1045013,3,3,0,18,0,0,0.0,0.0,6,6,6.0,0.0,17.224666100000004,5.741555367999999,209002.6,285533.6156,530756,414,1044599,522299.5,12659.3327,531251,513348,1044330,522165.0,12734.99313,531170,513160,0,0,0,0,92,60,2.870777684,2.870777684,0,6,2.571428571,3.207134903,10.28571429,0,0,0,1,0,0,0,0,1,3.0,0.0,6.0,92,0,0,0,0,0,0,3,0,3,18,8192,0,0,28,0.0,0.0,0,0,0.0,0.0,0,0,Bot
997046,3,3,0,18,0,0,0.0,0.0,6,6,6.0,0.0,18.05332954,6.017776512,199409.2,272354.1657,498611,411,996635,498317.5,1235.3155470000004,499191,497444,996506,498253.0,1087.530229,499022,497484,0,0,0,0,92,60,3.008888256,3.008888256,0,6,2.571428571,3.207134903,10.28571429,0,0,0,1,0,0,0,0,1,3.0,0.0,6.0,92,0,0,0,0,0,0,3,0,3,18,8192,0,0,28,0.0,0.0,0,0,0.0,0.0,0,0,Bot
1029718,3,3,0,18,0,0,0.0,0.0,6,6,6.0,0.0,17.48051408,5.826838027000001,205943.6,281039.476,515190,453,1028971,514485.5,1636.952198,515643,513328,1028810,514405.0,2166.575178,515937,512873,0,0,0,0,92,60,2.913419014,2.913419014,0,6,2.571428571,3.207134903,10.28571429,0,0,0,1,0,0,0,0,1,3.0,0.0,6.0,92,0,0,0,0,0,0,3,0,3,18,8192,0,0,28,0.0,0.0,0,0,0.0,0.0,0,0,Bot
996421,3,3,0,18,0,0,0.0,0.0,6,6,6.0,0.0,18.06465339,6.021551131,199284.2,272081.1111,498592,407,996014,498007.0,1699.884702,499209,496805,995689,497844.5,1632.709558,498999,496690,0,0,0,0,92,60,3.0107755660000004,3.0107755660000004,0,6,2.571428571,3.207134903,10.28571429,0,0,0,1,0,0,0,0,1,3.0,0.0,6.0,92,0,0,0,0,0,0,3,0,3,18,8192,0,0,28,0.0,0.0,0,0,0.0,0.0,0,0,Bot
1030046,3,3,0,18,0,0,0.0,0.0,6,6,6.0,0.0,17.47494772,5.824982574,206009.2,281485.759,515320,387,1029659,514829.5,1417.749096,515832,513827,1029620,514810.0,1268.549565,515707,513913,0,0,0,0,92,60,2.912491287,2.912491287,0,6,2.571428571,3.207134903,10.28571429,0,0,0,1,0,0,0,0,1,3.0,0.0,6.0,92,0,0,0,0,0,0,3,0,3,18,8192,0,0,28,0.0,0.0,0,0,0.0,0.0,0,0,Bot
1022963,3,3,0,18,0,0,0.0,0.0,6,6,6.0,0.0,17.59594433,5.865314777,204592.6,279469.2512,512428,388,1022448,511224.0,2542.755985,513022,509426,1022369,511184.5,2307.289427,512816,509553,0,0,0,0,92,60,2.932657388,2.932657388,0,6,2.571428571,3.207134903,10.28571429,0,0,0,1,0,0,0,0,1,3.0,0.0,6.0,92,0,0,0,0,0,0,3,0,3,18,8192,0,0,28,0.0,0.0,0,0,0.0,0.0,0,0,Bot
1024470,3,3,0,18,0,0,0.0,0.0,6,6,6.0,0.0,17.57006062,5.856686872,204894.0,279838.1658,514174,493,1023977,511988.5,3954.848227,514785,509192,1023972,511986.0,3791.506561,514667,509305,0,0,0,0,92,60,2.928343436,2.928343436,0,6,2.571428571,3.207134903,10.28571429,0,0,0,1,0,0,0,0,1,3.0,0.0,6.0,92,0,0,0,0,0,0,3,0,3,18,8192,0,0,28,0.0,0.0,0,0,0.0,0.0,0,0,Bot
1029654,3,3,0,18,0,0,0.0,0.0,6,6,6.0,0.0,17.48160062,5.827200205,205930.8,281134.8571,514961,545,1029000,514500.0,1585.333403,515621,513379,1029109,514554.5,1499.773483,515615,513494,0,0,0,0,92,60,2.9136001030000003,2.9136001030000003,0,6,2.571428571,3.207134903,10.28571429,0,0,0,1,0,0,0,0,1,3.0,0.0,6.0,92,0,0,0,0,0,0,3,0,3,18,8192,0,0,28,0.0,0.0,0,0,0.0,0.0,0,0,Bot
997221,3,3,0,18,0,0,0.0,0.0,6,6,6.0,0.0,18.0501614,6.016720466000001,199444.2,272261.912,498758,455,996661,498330.5,1248.043469,499213,497448,996397,498198.5,1583.212083,499318,497079,0,0,0,0,92,60,3.0083602330000003,3.0083602330000003,0,6,2.571428571,3.207134903,10.28571429,0,0,0,1,0,0,0,0,1,3.0,0.0,6.0,92,0,0,0,0,0,0,3,0,3,18,8192,0,0,28,0.0,0.0,0,0,0.0,0.0,0,0,Bot
1029592,3,3,0,18,0,0,0.0,0.0,6,6,6.0,0.0,17.48265332,5.827551108,205918.4,281179.2946,515125,528,1028974,514487.0,1648.973014,515653,513321,1029013,514506.5,1748.67507,515743,513270,0,0,0,0,92,60,2.913775554,2.913775554,0,6,2.571428571,3.207134903,10.28571429,0,0,0,1,0,0,0,0,1,3.0,0.0,6.0,92,0,0,0,0,0,0,3,0,3,18,8192,0,0,28,0.0,0.0,0,0,0.0,0.0,0,0,Bot
996594,3,3,0,18,0,0,0.0,0.0,6,6,6.0,0.0,18.06151753,6.020505843,199318.8,272233.9444,498598,426,996097,498048.5,1627.052704,499199,496898,996168,498084.0,1429.769912,499095,497073,0,0,0,0,92,60,3.010252921,3.010252921,0,6,2.571428571,3.207134903,10.28571429,0,0,0,1,0,0,0,0,1,3.0,0.0,6.0,92,0,0,0,0,0,0,3,0,3,18,8192,0,0,28,0.0,0.0,0,0,0.0,0.0,0,0,Bot
1015182,3,3,0,18,0,0,0.0,0.0,6,6,6.0,0.0,17.73081083,5.910270277,203036.4,277432.5289,513391,416,1014766,507383.0,9086.322138,513808,500958,1014765,507382.5,9253.906445,513926,500839,0,0,0,0,92,60,2.955135138,2.955135138,0,6,2.571428571,3.207134903,10.28571429,0,0,0,1,0,0,0,0,1,3.0,0.0,6.0,92,0,0,0,0,0,0,3,0,3,18,8192,0,0,28,0.0,0.0,0,0,0.0,0.0,0,0,Bot
1008046,3,3,0,18,0,0,0.0,0.0,6,6,6.0,0.0,17.85632799,5.952109328,201609.2,275432.9001,511987,482,1007564,503782.0,12412.55244,512559,495005,1007564,503782.0,12285.27322,512469,495095,0,0,0,0,92,60,2.976054664,2.976054664,0,6,2.571428571,3.207134903,10.28571429,0,0,0,1,0,0,0,0,1,3.0,0.0,6.0,92,0,0,0,0,0,0,3,0,3,18,8192,0,0,28,0.0,0.0,0,0,0.0,0.0,0,0,Bot
1009436,3,3,0,18,0,0,0.0,0.0,6,6,6.0,0.0,17.8317397,5.943913235,201887.2,275685.5195,509171,476,1008960,504480.0,7476.947104000003,509767,499193,1008840,504420.0,7636.753237000001,509820,499020,0,0,0,0,92,60,2.971956617,2.971956617,0,6,2.571428571,3.207134903,10.28571429,0,0,0,1,0,0,0,0,1,3.0,0.0,6.0,92,0,0,0,0,0,0,3,0,3,18,8192,0,0,28,0.0,0.0,0,0,0.0,0.0,0,0,Bot
1060803,3,3,0,18,0,0,0.0,0.0,6,6,6.0,0.0,16.968277800000003,5.656092602,212160.6,289690.5276,530815,431,1060244,530122.0,1589.576044,531246,528998,1059988,529994.0,1951.614716,531374,528614,0,0,0,0,92,60,2.828046301,2.828046301,0,6,2.571428571,3.207134903,10.28571429,0,0,0,1,0,0,0,0,1,3.0,0.0,6.0,92,0,0,0,0,0,0,3,0,3,18,8192,0,0,28,0.0,0.0,0,0,0.0,0.0,0,0,Bot
997256,3,3,0,18,0,0,0.0,0.0,6,6,6.0,0.0,18.0495279,6.016509302,199451.2,272313.0657,498599,560,996660,498330.0,1216.223664,499190,497470,996696,498348.0,1197.838887,499195,497501,0,0,0,0,92,60,3.008254651,3.008254651,0,6,2.571428571,3.207134903,10.28571429,0,0,0,1,0,0,0,0,1,3.0,0.0,6.0,92,0,0,0,0,0,0,3,0,3,18,8192,0,0,28,0.0,0.0,0,0,0.0,0.0,0,0,Bot
1029532,3,3,0,18,0,0,0.0,0.0,6,6,6.0,0.0,17.48367219,5.827890731,205906.4,281328.5043,528158,392,1028981,514490.5,20478.51949,528971,500010,1028719,514359.5,20068.39756,528550,500169,0,0,0,0,92,60,2.913945365,2.913945365,0,6,2.571428571,3.207134903,10.28571429,0,0,0,1,0,0,0,0,1,3.0,0.0,6.0,92,0,0,0,0,0,0,3,0,3,18,8192,0,0,28,0.0,0.0,0,0,0.0,0.0,0,0,Bot
996518,3,3,0,18,0,0,0.0,0.0,6,6,6.0,0.0,18.062895,6.020965,199303.6,272274.424,498693,381,995991,497995.5,1668.064897,499175,496816,996137,498068.5,1628.466917,499220,496917,0,0,0,0,92,60,3.0104825,3.0104825,0,6,2.571428571,3.207134903,10.28571429,0,0,0,1,0,0,0,0,1,3.0,0.0,6.0,92,0,0,0,0,0,0,3,0,3,18,8192,0,0,28,0.0,0.0,0,0,0.0,0.0,0,0,Bot
1012912,3,3,0,18,0,0,0.0,0.0,6,6,6.0,0.0,17.7705467,5.923515567000001,202582.4,276674.2042,511845,418,1012494,506247.0,8824.692629000001,512487,500007,1012270,506135.0,8925.101792,512446,499824,0,0,0,0,92,60,2.961757783,2.961757783,0,6,2.571428571,3.207134903,10.28571429,0,0,0,1,0,0,0,0,1,3.0,0.0,6.0,92,0,0,0,0,0,0,3,0,3,18,8192,0,0,28,0.0,0.0,0,0,0.0,0.0,0,0,Bot
1030192,3,3,0,18,0,0,0.0,0.0,6,6,6.0,0.0,17.47247115,5.82415705,206038.4,281393.0525,515320,437,1029576,514788.0,1370.372942,515757,513819,1029629,514814.5,1586.04051,515936,513693,0,0,0,0,92,60,2.912078525,2.912078525,0,6,2.571428571,3.207134903,10.28571429,0,0,0,1,0,0,0,0,1,3.0,0.0,6.0,92,0,0,0,0,0,0,3,0,3,18,8192,0,0,28,0.0,0.0,0,0,0.0,0.0,0,0,Bot
1024690,3,3,0,18,0,0,0.0,0.0,6,6,6.0,0.0,17.56628834,5.855429447000001,204938.0,279786.9172,514134,487,1023991,511995.5,3957.676654,514794,509197,1024203,512101.5,3862.924346,514833,509370,0,0,0,0,92,60,2.927714723,2.927714723,0,6,2.571428571,3.207134903,10.28571429,0,0,0,1,0,0,0,0,1,3.0,0.0,6.0,92,0,0,0,0,0,0,3,0,3,18,8192,0,0,28,0.0,0.0,0,0,0.0,0.0,0,0,Bot
1029595,3,3,0,18,0,0,0.0,0.0,6,6,6.0,0.0,17.48260238,5.827534127000001,205919.0,281166.3838,515092,531,1029024,514512.0,1571.191268,515623,513401,1028942,514471.0,1685.742566,515663,513279,0,0,0,0,92,60,2.913767064,2.913767064,0,6,2.571428571,3.207134903,10.28571429,0,0,0,1,0,0,0,0,1,3.0,0.0,6.0,92,0,0,0,0,0,0,3,0,3,18,8192,0,0,28,0.0,0.0,0,0,0.0,0.0,0,0,Bot
997076,3,3,0,18,0,0,0.0,0.0,6,6,6.0,0.0,18.05278635,6.017595449,199415.2,272467.3771,498755,400,996622,498311.0,1260.064284,499202,497420,996676,498338.0,1231.780013,499209,497467,0,0,0,0,92,60,3.008797725,3.008797725,0,6,2.571428571,3.207134903,10.28571429,0,0,0,1,0,0,0,0,1,3.0,0.0,6.0,92,0,0,0,0,0,0,3,0,3,18,8192,0,0,28,0.0,0.0,0,0,0.0,0.0,0,0,Bot
1045169,3,3,0,18,0,0,0.0,0.0,6,6,6.0,0.0,17.22209518,5.740698394,209033.8,285232.5792,528055,575,1044594,522297.0,9421.490753,528959,515635,1044265,522132.5,9497.151178,528848,515417,0,0,0,0,92,60,2.870349197,2.870349197,0,6,2.571428571,3.207134903,10.28571429,0,0,0,1,0,0,0,0,1,3.0,0.0,6.0,92,0,0,0,0,0,0,3,0,3,18,8192,0,0,28,0.0,0.0,0,0,0.0,0.0,0,0,Bot
996582,3,3,0,18,0,0,0.0,0.0,6,6,6.0,0.0,18.06173501,6.020578337000001,199316.4,272159.2875,498406,420,996162,498081.0,1592.404471,499207,496955,996123,498061.5,1081.166268,498826,497297,0,0,0,0,92,60,3.010289168,3.010289168,0,6,2.571428571,3.207134903,10.28571429,0,0,0,1,0,0,0,0,1,3.0,0.0,6.0,92,0,0,0,0,0,0,3,0,3,18,8192,0,0,28,0.0,0.0,0,0,0.0,0.0,0,0,Bot
1020237,3,3,0,18,0,0,0.0,0.0,6,6,6.0,0.0,17.64295943,5.880986477,204047.4,278692.2967,510062,490,1019747,509873.5,1059.953065,510623,509124,1019676,509838.0,1035.204328,510570,509106,0,0,0,0,92,60,2.940493238,2.940493238,0,6,2.571428571,3.207134903,10.28571429,0,0,0,1,0,0,0,0,1,3.0,0.0,6.0,92,0,0,0,0,0,0,3,0,3,18,8192,0,0,28,0.0,0.0,0,0,0.0,0.0,0,0,Bot
1029864,3,3,0,18,0,0,0.0,0.0,6,6,6.0,0.0,17.47803593,5.826011978,205972.8,281404.0439,515235,389,1029445,514722.5,1274.913526,515624,513821,1029277,514638.5,1436.133873,515654,513623,0,0,0,0,92,60,2.913005989,2.913005989,0,6,2.571428571,3.207134903,10.28571429,0,0,0,1,0,0,0,0,1,3.0,0.0,6.0,92,0,0,0,0,0,0,3,0,3,18,8192,0,0,28,0.0,0.0,0,0,0.0,0.0,0,0,Bot
1024326,3,3,0,18,0,0,0.0,0.0,6,6,6.0,0.0,17.57253062,5.857510207000001,204865.2,279768.0166,514222,468,1023723,511861.5,4186.779251,514822,508901,1023858,511929.0,4095.562477,514825,509033,0,0,0,0,92,60,2.9287551030000003,2.9287551030000003,0,6,2.571428571,3.207134903,10.28571429,0,0,0,1,0,0,0,0,1,3.0,0.0,6.0,92,0,0,0,0,0,0,3,0,3,18,8192,0,0,28,0.0,0.0,0,0,0.0,0.0,0,0,Bot
1060663,3,3,0,18,0,0,0.0,0.0,6,6,6.0,0.0,16.9705175,5.656839166,212132.6,289675.7987,530490,414,1060249,530124.5,1578.969442,531241,529008,1060076,530038.0,1224.708945,530904,529172,0,0,0,0,92,60,2.828419583,2.828419583,0,6,2.571428571,3.207134903,10.28571429,0,0,0,1,0,0,0,0,1,3.0,0.0,6.0,92,0,0,0,0,0,0,3,0,3,18,8192,0,0,28,0.0,0.0,0,0,0.0,0.0,0,0,Bot
997255,3,3,0,18,0,0,0.0,0.0,6,6,6.0,0.0,18.049546,6.016515335,199451.0,272331.5477,498644,516,996625,498312.5,1260.771391,499204,497421,996739,498369.5,1279.156167,499274,497465,0,0,0,0,92,60,3.008257667,3.008257667,0,6,2.571428571,3.207134903,10.28571429,0,0,0,1,0,0,0,0,1,3.0,0.0,6.0,92,0,0,0,0,0,0,3,0,3,18,8192,0,0,28,0.0,0.0,0,0,0.0,0.0,0,0,Bot
1029541,3,3,0,18,0,0,0.0,0.0,6,6,6.0,0.0,17.48351935,5.827839785,205908.2,280950.2427,514806,574,1028967,514483.5,1625.63849,515633,513334,1028746,514373.0,1424.113057,515380,513366,0,0,0,0,92,60,2.913919892,2.913919892,0,6,2.571428571,3.207134903,10.28571429,0,0,0,1,0,0,0,0,1,3.0,0.0,6.0,92,0,0,0,0,0,0,3,0,3,18,8192,0,0,28,0.0,0.0,0,0,0.0,0.0,0,0,Bot
996582,3,3,0,18,0,0,0.0,0.0,6,6,6.0,0.0,18.06173501,6.020578337000001,199316.4,272085.5833,498457,422,996160,498080.0,1646.144587,499244,496916,995949,497974.5,1279.156167,498879,497070,0,0,0,0,92,60,3.010289168,3.010289168,0,6,2.571428571,3.207134903,10.28571429,0,0,0,1,0,0,0,0,1,3.0,0.0,6.0,92,0,0,0,0,0,0,3,0,3,18,8192,0,0,28,0.0,0.0,0,0,0.0,0.0,0,0,Bot
1020696,3,3,0,18,0,0,0.0,0.0,6,6,6.0,0.0,17.63502551,5.878341837000001,204139.2,278905.0971,513548,410,1020208,510104.0,5450.379069,513958,506250,1020286,510143.0,5521.089747999999,514047,506239,0,0,0,0,92,60,2.939170919,2.939170919,0,6,2.571428571,3.207134903,10.28571429,0,0,0,1,0,0,0,0,1,3.0,0.0,6.0,92,0,0,0,0,0,0,3,0,3,18,8192,0,0,28,0.0,0.0,0,0,0.0,0.0,0,0,Bot
1010674,3,3,0,18,0,0,0.0,0.0,6,6,6.0,0.0,17.80989716,5.936632386,202134.8,276037.5308,508961,456,1010218,505109.0,6223.953888,509510,500708,1010003,505001.5,6244.459985,509417,500586,0,0,0,0,92,60,2.968316193,2.968316193,0,6,2.571428571,3.207134903,10.28571429,0,0,0,1,0,0,0,0,1,3.0,0.0,6.0,92,0,0,0,0,0,0,3,0,3,18,8192,0,0,28,0.0,0.0,0,0,0.0,0.0,0,0,Bot
1024663,3,3,0,18,0,0,0.0,0.0,6,6,6.0,0.0,17.56675121,5.855583737999999,204932.6,279623.2643,514009,597,1024066,512033.0,3944.241625,514822,509244,1023884,511942.0,3767.46493,514606,509278,0,0,0,0,92,60,2.9277918689999995,2.9277918689999995,0,6,2.571428571,3.207134903,10.28571429,0,0,0,1,0,0,0,0,1,3.0,0.0,6.0,92,0,0,0,0,0,0,3,0,3,18,8192,0,0,28,0.0,0.0,0,0,0.0,0.0,0,0,Bot
1013832,3,3,0,18,0,0,0.0,0.0,6,6,6.0,0.0,17.75442085,5.918140284,202766.4,276948.1121,512687,454,1013378,506689.0,9435.632888,513361,500017,1013158,506579.0,9336.637939,513181,499977,0,0,0,0,92,60,2.959070142,2.959070142,0,6,2.571428571,3.207134903,10.28571429,0,0,0,1,0,0,0,0,1,3.0,0.0,6.0,92,0,0,0,0,0,0,3,0,3,18,8192,0,0,28,0.0,0.0,0,0,0.0,0.0,0,0,Bot
997390,3,3,0,18,0,0,0.0,0.0,6,6,6.0,0.0,18.04710294,6.01570098,199478.0,272227.423,498757,421,996629,498314.5,1221.173411,499178,497451,996556,498278.0,1753.624817,499518,497038,0,0,0,0,92,60,3.00785049,3.00785049,0,6,2.571428571,3.207134903,10.28571429,0,0,0,1,0,0,0,0,1,3.0,0.0,6.0,92,0,0,0,0,0,0,3,0,3,18,8192,0,0,28,0.0,0.0,0,0,0.0,0.0,0,0,Bot
1029614,3,3,0,18,0,0,0.0,0.0,6,6,6.0,0.0,17.48227977,5.827426589,205922.8,280995.1386,514990,621,1028993,514496.5,1610.082141,515635,513358,1028738,514369.0,1756.453244,515611,513127,0,0,0,0,92,60,2.913713294,2.913713294,0,6,2.571428571,3.207134903,10.28571429,0,0,0,1,0,0,0,0,1,3.0,0.0,6.0,92,0,0,0,0,0,0,3,0,3,18,8192,0,0,28,0.0,0.0,0,0,0.0,0.0,0,0,Bot
996412,3,3,0,18,0,0,0.0,0.0,6,6,6.0,0.0,18.06481656,6.021605521000001,199282.4,272015.8687,498591,381,996031,498015.5,1679.378605,499203,496828,995511,497755.5,1720.3907989999998,498972,496539,0,0,0,0,92,60,3.01080276,3.01080276,0,6,2.571428571,3.207134903,10.28571429,0,0,0,1,0,0,0,0,1,3.0,0.0,6.0,92,0,0,0,0,0,0,3,0,3,18,8192,0,0,28,0.0,0.0,0,0,0.0,0.0,0,0,Bot
1027175,3,3,0,18,0,0,0.0,0.0,6,6,6.0,0.0,17.52379098,5.84126366,205435.0,280685.083,513686,355,1026820,513410.0,1224.708945,514276,512544,1026764,513382.0,931.9667376,514041,512723,0,0,0,0,92,60,2.92063183,2.92063183,0,6,2.571428571,3.207134903,10.28571429,0,0,0,1,0,0,0,0,1,3.0,0.0,6.0,92,0,0,0,0,0,0,3,0,3,18,8192,0,0,28,0.0,0.0,0,0,0.0,0.0,0,0,Bot
1004879,3,3,0,18,0,0,0.0,0.0,6,6,6.0,0.0,17.9126044,5.970868134,200975.8,274512.9136,505163,433,1004446,502223.0,4821.054034000002,505632,498814,1004257,502128.5,4903.785528,505596,498661,0,0,0,0,92,60,2.985434067,2.985434067,0,6,2.571428571,3.207134903,10.28571429,0,0,0,1,0,0,0,0,1,3.0,0.0,6.0,92,0,0,0,0,0,0,3,0,3,18,8192,0,0,28,0.0,0.0,0,0,0.0,0.0,0,0,Bot
1024670,3,3,0,18,0,0,0.0,0.0,6,6,6.0,0.0,17.56663121,5.855543736,204934.0,279700.4653,513996,552,1024000,512000.0,3955.555334000001,514797,509203,1024118,512059.0,3686.854757,514666,509452,0,0,0,0,92,60,2.927771868,2.927771868,0,6,2.571428571,3.207134903,10.28571429,0,0,0,1,0,0,0,0,1,3.0,0.0,6.0,92,0,0,0,0,0,0,3,0,3,18,8192,0,0,28,0.0,0.0,0,0,0.0,0.0,0,0,Bot
1029616,3,3,0,18,0,0,0.0,0.0,6,6,6.0,0.0,17.48224581,5.827415268999999,205923.2,281208.4499,515044,540,1029061,514530.5,1546.44253,515624,513437,1029076,514538.0,1500.48059,515599,513477,0,0,0,0,92,60,2.913707635,2.913707635,0,6,2.571428571,3.207134903,10.28571429,0,0,0,1,0,0,0,0,1,3.0,0.0,6.0,92,0,0,0,0,0,0,3,0,3,18,8192,0,0,28,0.0,0.0,0,0,0.0,0.0,0,0,Bot
997075,3,3,0,18,0,0,0.0,0.0,6,6,6.0,0.0,18.05280445,6.017601484,199415.0,272287.2941,498563,404,996671,498335.5,1222.587625,499200,497471,996421,498210.5,1069.85256,498967,497454,0,0,0,0,92,60,3.008800742,3.008800742,0,6,2.571428571,3.207134903,10.28571429,0,0,0,1,0,0,0,0,1,3.0,0.0,6.0,92,0,0,0,0,0,0,3,0,3,18,8192,0,0,28,0.0,0.0,0,0,0.0,0.0,0,0,Bot
1045016,3,3,0,18,0,0,0.0,0.0,6,6,6.0,0.0,17.22461666,5.741538886,209003.2,285256.884,530795,427,1044589,522294.5,12696.10226,531272,513317,1043707,521853.5,13249.05976,531222,512485,0,0,0,0,92,60,2.870769443,2.870769443,0,6,2.571428571,3.207134903,10.28571429,0,0,0,1,0,0,0,0,1,3.0,0.0,6.0,92,0,0,0,0,0,0,3,0,3,18,8192,0,0,28,0.0,0.0,0,0,0.0,0.0,0,0,Bot
996514,3,3,0,18,0,0,0.0,0.0,6,6,6.0,0.0,18.0629675,6.020989168,199302.8,272087.4888,498440,400,996114,498057.0,1610.789248,499196,496918,995873,497936.5,1277.741954,498840,497033,0,0,0,0,92,60,3.010494584,3.010494584,0,6,2.571428571,3.207134903,10.28571429,0,0,0,1,0,0,0,0,1,3.0,0.0,6.0,92,0,0,0,0,0,0,3,0,3,18,8192,0,0,28,0.0,0.0,0,0,0.0,0.0,0,0,Bot
1029281,3,3,0,18,0,0,0.0,0.0,6,6,6.0,0.0,17.48793575,5.829311917999999,205856.2,281270.0897,515263,346,1028894,514447.0,1643.316159,515609,513285,1028674,514337.0,1856.862407,515650,513024,0,0,0,0,92,60,2.914655959,2.914655959,0,6,2.571428571,3.207134903,10.28571429,0,0,0,1,0,0,0,0,1,3.0,0.0,6.0,92,0,0,0,0,0,0,3,0,3,18,8192,0,0,28,0.0,0.0,0,0,0.0,0.0,0,0,Bot
1030737,3,3,0,18,0,0,0.0,0.0,6,6,6.0,0.0,17.46323262,5.82107754,206147.4,281401.6189,515067,566,1030087,515043.5,833.678895,515633,514454,1030030,515015.0,992.7779207999996,515717,514313,0,0,0,0,92,60,2.91053877,2.91053877,0,6,2.571428571,3.207134903,10.28571429,0,0,0,1,0,0,0,0,1,3.0,0.0,6.0,92,0,0,0,0,0,0,3,0,3,18,8192,0,0,28,0.0,0.0,0,0,0.0,0.0,0,0,Bot
1024741,3,3,0,18,0,0,0.0,0.0,6,6,6.0,0.0,17.56541409,5.85513803,204948.2,279845.7612,514241,564,1024127,512063.5,3877.066481,514805,509322,1024171,512085.5,3916.664461,514855,509316,0,0,0,0,92,60,2.927569015,2.927569015,0,6,2.571428571,3.207134903,10.28571429,0,0,0,1,0,0,0,0,1,3.0,0.0,6.0,92,0,0,0,0,0,0,3,0,3,18,8192,0,0,28,0.0,0.0,0,0,0.0,0.0,0,0,Bot
1045211,3,3,0,18,0,0,0.0,0.0,6,6,6.0,0.0,17.22140314,5.740467713999999,209042.2,285362.3537,528173,569,1044642,522321.0,9483.716149,529027,515615,1044357,522178.5,9310.474988,528762,515595,0,0,0,0,92,60,2.870233857,2.870233857,0,6,2.571428571,3.207134903,10.28571429,0,0,0,1,0,0,0,0,1,3.0,0.0,6.0,92,0,0,0,0,0,0,3,0,3,18,8192,0,0,28,0.0,0.0,0,0,0.0,0.0,0,0,Bot
997272,3,3,0,18,0,0,0.0,0.0,6,6,6.0,0.0,18.04923832,6.016412774,199454.4,272338.6263,498736,456,996643,498321.5,1231.072906,499192,497451,996656,498328.0,1466.539464,499365,497291,0,0,0,0,92,60,3.008206387,3.008206387,0,6,2.571428571,3.207134903,10.28571429,0,0,0,1,0,0,0,0,1,3.0,0.0,6.0,92,0,0,0,0,0,0,3,0,3,18,8192,0,0,28,0.0,0.0,0,0,0.0,0.0,0,0,Bot
1003414,3,3,0,18,0,0,0.0,0.0,6,6,6.0,0.0,17.93875708,5.979585694,200682.8,273855.1147,500863,600,1002766,501383.0,415.7787873,501677,501089,1002600,501300.0,230.5168107,501463,501137,0,0,0,0,92,60,2.989792847,2.989792847,0,6,2.571428571,3.207134903,10.28571429,0,0,0,1,0,0,0,0,1,3.0,0.0,6.0,92,0,0,0,0,0,0,3,0,3,18,8192,0,0,28,0.0,0.0,0,0,0.0,0.0,0,0,Bot
996833,3,3,0,18,0,0,0.0,0.0,6,6,6.0,0.0,18.05718711,6.019062371,199366.6,272043.2845,498626,608,996049,498024.5,1710.491304,499234,496815,996139,498069.5,1895.75328,499410,496729,0,0,0,0,92,60,3.009531185,3.009531185,0,6,2.571428571,3.207134903,10.28571429,0,0,0,1,0,0,0,0,1,3.0,0.0,6.0,92,0,0,0,0,0,0,3,0,3,18,8192,0,0,28,0.0,0.0,0,0,0.0,0.0,0,0,Bot
1014242,3,3,0,18,0,0,0.0,0.0,6,6,6.0,0.0,17.74724375,5.915747917999999,202848.4,277154.1605,513236,371,1013871,506935.5,9812.520803,513874,499997,1013604,506802.0,9684.534475,513650,499954,0,0,0,0,92,60,2.957873959,2.957873959,0,6,2.571428571,3.207134903,10.28571429,0,0,0,1,0,0,0,0,1,3.0,0.0,6.0,92,0,0,0,0,0,0,3,0,3,18,8192,0,0,28,0.0,0.0,0,0,0.0,0.0,0,0,Bot
1017626,3,3,0,18,0,0,0.0,0.0,6,6,6.0,0.0,17.68822731,5.896075768999999,203525.2,277927.4635,510099,351,1016893,508446.5,3174.202341,510691,506202,1017034,508517.0,2733.674816,510450,506584,0,0,0,0,92,60,2.948037884,2.948037884,0,6,2.571428571,3.207134903,10.28571429,0,0,0,1,0,0,0,0,1,3.0,0.0,6.0,92,0,0,0,0,0,0,3,0,3,18,8192,0,0,28,0.0,0.0,0,0,0.0,0.0,0,0,Bot
1009051,3,3,0,18,0,0,0.0,0.0,6,6,6.0,0.0,17.83854334,5.946181115,201810.2,275651.29600000003,508818,479,1008499,504249.5,7138.242956,509297,499202,1008572,504286.0,7157.334839,509347,499225,0,0,0,0,92,60,2.973090557,2.973090557,0,6,2.571428571,3.207134903,10.28571429,0,0,0,1,0,0,0,0,1,3.0,0.0,6.0,92,0,0,0,0,0,0,3,0,3,18,8192,0,0,28,0.0,0.0,0,0,0.0,0.0,0,0,Bot
1001893,3,3,0,18,0,0,0.0,0.0,6,6,6.0,0.0,17.96599038,5.98866346,200378.6,273712.8119,500876,335,1001558,500779.0,1066.317026,501533,500025,1001236,500618.0,1029.547473,501346,499890,0,0,0,0,92,60,2.99433173,2.99433173,0,6,2.571428571,3.207134903,10.28571429,0,0,0,1,0,0,0,0,1,3.0,0.0,6.0,92,0,0,0,0,0,0,3,0,3,18,8192,0,0,28,0.0,0.0,0,0,0.0,0.0,0,0,Bot
997145,3,3,0,18,0,0,0.0,0.0,6,6,6.0,0.0,18.05153714,6.017179046,199429.0,272326.1771,498680,511,996634,498317.0,1244.507935,499197,497437,996521,498260.5,1315.92572,499191,497330,0,0,0,0,92,60,3.008589523,3.008589523,0,6,2.571428571,3.207134903,10.28571429,0,0,0,1,0,0,0,0,1,3.0,0.0,6.0,92,0,0,0,0,0,0,3,0,3,18,8192,0,0,28,0.0,0.0,0,0,0.0,0.0,0,0,Bot
1045093,3,3,0,18,0,0,0.0,0.0,6,6,6.0,0.0,17.22334759,5.741115862000001,209018.6,285414.1113,530809,431,1044577,522288.5,12659.3327,531240,513337,1044132,522066.0,13094.20337,531325,512807,0,0,0,0,92,60,2.8705579310000005,2.8705579310000005,0,6,2.571428571,3.207134903,10.28571429,0,0,0,1,0,0,0,0,1,3.0,0.0,6.0,92,0,0,0,0,0,0,3,0,3,18,8192,0,0,28,0.0,0.0,0,0,0.0,0.0,0,0,Bot
996732,3,3,0,18,0,0,0.0,0.0,6,6,6.0,0.0,18.05901687,6.019672289,199346.4,272105.6084,498700,506,996094,498047.0,1639.073519,499206,496888,995987,497993.5,1901.410135,499338,496649,0,0,0,0,92,60,3.009836145,3.009836145,0,6,2.571428571,3.207134903,10.28571429,0,0,0,1,0,0,0,0,1,3.0,0.0,6.0,92,0,0,0,0,0,0,3,0,3,18,8192,0,0,28,0.0,0.0,0,0,0.0,0.0,0,0,Bot
1016293,3,3,0,18,0,0,0.0,0.0,6,6,6.0,0.0,17.71142771,5.903809236,203258.6,277779.4262,514090,400,1015872,507936.0,9268.755688,514490,501382,1015893,507946.5,9333.102405,514546,501347,0,0,0,0,92,60,2.951904618,2.951904618,0,6,2.571428571,3.207134903,10.28571429,0,0,0,1,0,0,0,0,1,3.0,0.0,6.0,92,0,0,0,0,0,0,3,0,3,18,8192,0,0,28,0.0,0.0,0,0,0.0,0.0,0,0,Bot
1001512,3,3,0,18,0,0,0.0,0.0,6,6,6.0,0.0,17.97282509,5.990941696,200302.4,273393.0652,503235,561,1000686,500343.0,4883.279431,503796,496890,1000951,500475.5,4708.6240560000015,503805,497146,0,0,0,0,92,60,2.995470848,2.995470848,0,6,2.571428571,3.207134903,10.28571429,0,0,0,1,0,0,0,0,1,3.0,0.0,6.0,92,0,0,0,0,0,0,3,0,3,18,8192,0,0,28,0.0,0.0,0,0,0.0,0.0,0,0,Bot
1024437,3,3,0,18,0,0,0.0,0.0,6,6,6.0,0.0,17.5706266,5.856875532999999,204887.4,279624.8558,513972,534,1023903,511951.5,4029.801546,514801,509102,1023750,511875.0,3720.795883,514506,509244,0,0,0,0,92,60,2.928437766,2.928437766,0,6,2.571428571,3.207134903,10.28571429,0,0,0,1,0,0,0,0,1,3.0,0.0,6.0,92,0,0,0,0,0,0,3,0,3,18,8192,0,0,28,0.0,0.0,0,0,0.0,0.0,0,0,Bot
1045043,3,3,0,18,0,0,0.0,0.0,6,6,6.0,0.0,17.22417164,5.741390546,209008.6,285375.3232,528201,452,1044591,522295.5,9447.653703,528976,515615,1044268,522134.0,9509.171993,528858,515410,0,0,0,0,92,60,2.870695273,2.870695273,0,6,2.571428571,3.207134903,10.28571429,0,0,0,1,0,0,0,0,1,3.0,0.0,6.0,92,0,0,0,0,0,0,3,0,3,18,8192,0,0,28,0.0,0.0,0,0,0.0,0.0,0,0,Bot
997175,3,3,0,18,0,0,0.0,0.0,6,6,6.0,0.0,18.05099406,6.016998019,199435.0,272454.8379,498796,406,996676,498338.0,1221.880518,499202,497474,996692,498346.0,1342.088671,499295,497397,0,0,0,0,92,60,3.00849901,3.00849901,0,6,2.571428571,3.207134903,10.28571429,0,0,0,1,0,0,0,0,1,3.0,0.0,6.0,92,0,0,0,0,0,0,3,0,3,18,8192,0,0,28,0.0,0.0,0,0,0.0,0.0,0,0,Bot
1029344,3,3,0,18,0,0,0.0,0.0,6,6,6.0,0.0,17.48686542,5.82895514,205868.8,281025.8496,515194,433,1028784,514392.0,1746.55375,515627,513157,1028423,514211.5,2181.42442,515754,512669,0,0,0,0,92,60,2.91447757,2.91447757,0,6,2.571428571,3.207134903,10.28571429,0,0,0,1,0,0,0,0,1,3.0,0.0,6.0,92,0,0,0,0,0,0,3,0,3,18,8192,0,0,28,0.0,0.0,0,0,0.0,0.0,0,0,Bot
996593,3,3,0,18,0,0,0.0,0.0,6,6,6.0,0.0,18.06153565,6.020511883999999,199318.6,272142.6095,498609,509,996084,498042.0,1622.102956,499189,496895,995958,497979.0,1610.789248,499118,496840,0,0,0,0,92,60,3.010255942,3.010255942,0,6,2.571428571,3.207134903,10.28571429,0,0,0,1,0,0,0,0,1,3.0,0.0,6.0,92,0,0,0,0,0,0,3,0,3,18,8192,0,0,28,0.0,0.0,0,0,0.0,0.0,0,0,Bot
1030558,3,3,0,18,0,0,0.0,0.0,6,6,6.0,0.0,17.46626585,5.822088616,206111.6,281353.93,514938,498,1029824,514912.0,1009.748484,515626,514198,1030060,515030.0,907.925107,515672,514388,0,0,0,0,92,60,2.911044308,2.911044308,0,6,2.571428571,3.207134903,10.28571429,0,0,0,1,0,0,0,0,1,3.0,0.0,6.0,92,0,0,0,0,0,0,3,0,3,18,8192,0,0,28,0.0,0.0,0,0,0.0,0.0,0,0,Bot
1008819,3,3,0,18,0,0,0.0,0.0,6,6,6.0,0.0,17.84264571,5.947548568999999,201763.8,275600.1029,508667,408,1008411,504205.5,7054.804356000002,509194,499217,1008292,504146.0,7237.945012,509264,499028,0,0,0,0,92,60,2.973774285,2.973774285,0,6,2.571428571,3.207134903,10.28571429,0,0,0,1,0,0,0,0,1,3.0,0.0,6.0,92,0,0,0,0,0,0,3,0,3,18,8192,0,0,28,0.0,0.0,0,0,0.0,0.0,0,0,Bot
1032755,3,3,0,18,0,0,0.0,0.0,6,6,6.0,0.0,17.42910952,5.809703173,206551.0,281919.2666,518164,616,1032034,516017.0,3907.472073,518780,513254,1032078,516039.0,4024.851799,518885,513193,0,0,0,0,92,60,2.9048515860000004,2.9048515860000004,0,6,2.571428571,3.207134903,10.28571429,0,0,0,1,0,0,0,0,1,3.0,0.0,6.0,92,0,0,0,0,0,0,3,0,3,18,8192,0,0,28,0.0,0.0,0,0,0.0,0.0,0,0,Bot
1045087,3,3,0,18,0,0,0.0,0.0,6,6,6.0,0.0,17.22344647,5.741148823,209017.4,285524.4734,528391,481,1044606,522303.0,9468.1598,528998,515608,1044480,522240.0,9400.277549,528887,515593,0,0,0,0,92,60,2.870574412,2.870574412,0,6,2.571428571,3.207134903,10.28571429,0,0,0,1,0,0,0,0,1,3.0,0.0,6.0,92,0,0,0,0,0,0,3,0,3,18,8192,0,0,28,0.0,0.0,0,0,0.0,0.0,0,0,Bot
997161,3,3,0,18,0,0,0.0,0.0,6,6,6.0,0.0,18.05124749,6.0170824970000005,199432.2,272346.4376,498649,499,996662,498331.0,1234.60844,499204,497458,996598,498299.0,1200.667314,499148,497450,0,0,0,0,92,60,3.008541249,3.008541249,0,6,2.571428571,3.207134903,10.28571429,0,0,0,1,0,0,0,0,1,3.0,0.0,6.0,92,0,0,0,0,0,0,3,0,3,18,8192,0,0,28,0.0,0.0,0,0,0.0,0.0,0,0,Bot
42664070,5,6,141,291,93,0,28.2,38.8612918,267,0,48.5,107.0696035,10.12561624,0.257828191,4266407.0,13400000.0,42400000,29,255908,63977.0,94867.03992,201415,609,42700000,8532630.2,18900000.0,42400000,595,0,0,0,0,112,132,0.1171946319999999,0.140633559,0,267,36.0,77.39978858,5990.727273,0,0,0,1,0,0,0,0,1,39.27272727,28.2,48.5,112,0,0,0,0,0,0,5,141,6,291,8192,229,4,20,0.0,0.0,0,0,0.0,0.0,0,0,Infiltration
2030,2,0,12,0,6,6,6.0,0.0,0,0,0.0,0.0,5911.330049,985.2216749,2030.0,0.0,2030,2030,2030,2030.0,0.0,2030,2030,0,0.0,0.0,0,0,0,0,0,0,40,0,985.2216749,0.0,6,6,6.0,0.0,0.0,0,0,0,0,1,0,0,0,0,9.0,6.0,0.0,40,0,0,0,0,0,0,2,12,0,0,255,-1,1,20,0.0,0.0,0,0,0.0,0.0,0,0,Infiltration
119991834,5523,5525,2866110,33406,1274,0,518.940793,204.2035303,267,0,6.046334842,3.512317683,24164.27771,92.07293223,10861.93844,112321.3571,9432176,3,120000000,21729.777980000006,158193.1653,9432951,493,120000000,21721.7529,158125.0232,9432176,582,0,0,0,0,110472,110512,46.02813221,46.04480002,0,1274,262.4233867,294.3120341,86619.57344,0,0,0,1,0,0,0,0,1,262.4471398,518.940793,6.046334842,110472,0,0,0,0,0,0,5523,2866110,5525,33406,8192,3294,5522,20,997842.0,831471.3076,1585781,409903,8143987.5,1821773.648,9432176,6855799,Infiltration
5005212,15,15,0,90,0,0,0.0,0.0,6,6,6.0,0.0,17.98125634,5.993752112999999,172593.5172,241196.3685,513363,297,5004692,357478.0,233594.2419,513925,771,5004624,357473.1429,233602.7404,513927,832,0,0,0,0,460,300,2.996876056,2.996876056,0,6,2.903225806,3.048003048,9.290322581,0,0,0,1,0,0,0,0,1,3.0,0.0,6.0,460,0,0,0,0,0,0,15,0,15,90,8192,0,0,28,0.0,0.0,0,0,0.0,0.0,0,0,Infiltration
119973135,4376,4374,2321478,26244,1273,6,530.5022852,262.76881480000003,6,6,6.0,0.0,19568.73095,72.93299454,13712.7826,20459.26463,1163091,1,120000000,27422.430860000004,23472.11964,1196394,95,120000000,27431.07249,22575.23889,1163557,527,0,0,0,0,87520,87480,36.47483247,36.45816207,6,1273,268.2811107,321.4144458,103307.246,0,0,0,0,1,0,0,0,0,268.3117714,530.5022852,6.0,87520,0,0,0,0,0,0,4376,2321478,4374,26244,3294,3294,4375,20,0.0,0.0,0,0,0.0,0.0,0,0,Infiltration
119974830,3398,3398,1645814,20643,1153,0,484.3478517,302.0574541000001,267,0,6.075044144,4.47864339,13890.05511,56.64521467,17656.33996,122163.8171,9785751,-1,120000000,35317.877539999994,171327.1062,9786561,515,120000000,35317.636739999994,171453.1821,9785751,528,0,0,0,0,67972,67972,28.32260733,28.32260733,0,1153,245.1753715,320.6415749,102811.0196,0,0,0,1,0,0,0,0,1,245.2114479,484.3478517,6.075044144,67972,0,0,0,0,0,0,3398,1645814,3398,20643,8192,3977,3397,20,824363.0,0.0,824363,824363,9785751.0,0.0,9785751,9785751,Infiltration
119993844,3813,3811,1752551,22866,1271,6,459.6252295,246.7309368,6,6,6.0,0.0,14795.9007,63.53659276,15741.02637,23598.93704,841617,1,120000000,31477.9234,26457.84929,861387,93,120000000,31485.6021,25623.9489,842050,519,0,0,0,0,76260,76220,31.77663014,31.75996262,6,1271,232.8423607,286.1621682,81888.78653,0,0,0,0,1,0,0,0,0,232.8729014,459.6252295,6.0,76260,0,0,0,0,0,0,3813,1752551,3811,22866,3294,3294,3812,20,0.0,0.0,0,0,0.0,0.0,0,0,Infiltration
78233714,48,52,12042,586,1460,0,250.875,422.7945341,267,0,11.26923077,36.2470366,161.4137864,1.278221305,790239.5354,3643348.334,29500000,1,78200000,1664536.872,5176657.015,29500000,4,78200000,1533983.02,4985581.973,29500000,1,0,0,0,0,972,1052,0.613546226,0.664675079,0,1460,125.029703,314.9169241,99172.66911,0,0,0,1,0,0,0,0,1,126.28,250.875,11.26923077,972,0,0,0,0,0,0,48,12042,52,586,8192,538,47,20,2024843.8,3093999.209,7461188,3051,13600000.0,10200000.0,29500000,5662979,Infiltration
118573317,3733,3732,1827335,22392,1271,6,489.5084383,269.6103044,6,6,6.0,0.0,15599.85878,62.95682864,15886.02854,20191.09006,466018,5,119000000,31770.25884,19986.37668,483765,89,119000000,31777.69472,19424.20401,466527,549,0,0,0,0,74660,74640,31.48263112,31.47419752,6,1271,247.7542191,307.8845905,94792.9211,0,0,0,0,1,0,0,0,0,247.7874079,489.5084383,6.0,74660,0,0,0,0,0,0,3733,1827335,3732,22392,3977,3977,3732,20,0.0,0.0,0,0,0.0,0.0,0,0,Infiltration
119992821,2252,2250,929308,13500,1272,6,412.6589698,304.9632397,6,6,6.0,0.0,7857.203391,37.51891124,26659.14708,478609.8093,30300000,1,120000000,53306.45091,676742.9543,30300000,113,120000000,53339.03112,676148.0116,30300000,476,0,0,0,0,45040,45000,18.76778945,18.75112179,6,1272,209.3746391,296.40065689999994,87853.3494,0,0,0,0,1,0,0,0,0,209.4211462,412.6589698,6.0,45040,0,0,0,0,0,0,2252,929308,2250,13500,3294,3294,2251,20,34300000.0,11400000.0,42400000,26200000,19400000.0,15500000.0,30300000,8400626,Infiltration
119382036,1157,1157,319630,6942,1271,6,276.2575627,265.155894,6,6,6.0,0.0,2735.520443,19.38315074,51613.50454,688536.9003,24800000,1,119000000,103271.2249,972656.1248,24800000,352,119000000,103271.2033,971529.3733,24800000,464,1,0,0,0,23140,23140,9.691575372,9.691575372,6,1271,141.10885530000004,231.0500967,53384.14718,0,1,0,0,1,0,0,0,1,141.1698358,276.2575627,6.0,23140,0,0,0,0,0,0,1157,319630,1157,6942,255,3977,1156,20,8742788.75,8670543.965,21700000,3735603,13600000.0,9693511.151,24800000,5373451,Infiltration
119995180,1819,1817,489184,10902,1271,6,268.9301814,265.6506388,6,6,6.0,0.0,4167.55073,30.3012171,33011.05365,583232.1056,33200000,3,120000000,66003.94939,824243.9552,33300000,91,120000000,66067.39537,823984.1491,33200000,476,0,0,0,0,36380,36340,15.15894222,15.14227488,6,1271,137.5012373,229.2879261,52572.95304,0,0,0,0,1,0,0,0,0,137.5390539,268.9301814,6.0,36380,0,0,0,0,0,0,1819,489184,1817,10902,3294,3294,1818,20,5863632.333,4482321.645,9355307,809115,14700000.0,16100000.0,33200000,5108213,Infiltration
69365637,1031,1031,307939,6186,1271,6,298.6799224,270.0715266,6,6,6.0,0.0,4528.539109,29.72653448,33656.30131,341655.4599,13900000,6,69300000,67329.11748,482164.7132,13900000,369,69400000,67344.6699,481227.4033,13900000,462,1,0,0,0,20620,20620,14.86326724,14.86326724,6,1271,152.31216669999995,240.5221819,57850.91996,0,1,0,0,1,0,0,0,1,152.386033,298.6799224,6.0,20620,0,0,0,0,0,0,1031,307939,1031,6186,255,3977,1030,20,16400000.0,0.0,16400000,16400000,13900000.0,0.0,13900000,13900000,Infiltration
116393329,504,504,171452,3024,1027,6,340.1825397,232.8178974,6,6,6.0,0.0,1499.020618,8.660290144,115584.2393,2049749.033,49900000,3,66500000,132266.4513,1864597.947,41500000,86,116000000,231365.3658,2897059.779,49900000,525,0,0,0,0,10080,10080,4.330145072,4.330145072,6,1027,172.925669,234.5111418,54995.47562000001,0,0,0,0,1,0,0,0,1,173.09722219999998,340.1825397,6.0,10080,0,0,0,0,0,0,504,171452,504,3024,3294,3294,503,20,21900000.0,0.0,21900000,21900000,41500000.0,0.0,41500000,41500000,Infiltration
86726608,1775,1775,785275,10650,1274,6,442.4084507,251.4469546,6,6,6.0,0.0,9177.402626,40.93322778,24436.91406,502642.9002,28800000,20,86700000,48886.20913,711050.767,28900000,413,86700000,48887.41657,710231.7432,28800000,526,1,0,0,0,35500,35500,20.46661389,20.46661389,6,1274,224.16784,281.44761600000004,79212.76055,0,1,0,0,1,0,0,0,1,224.2309859,442.4084507,6.0,35500,0,0,0,0,0,0,1775,785275,1775,10650,255,3977,1774,20,23100000.0,26100000.0,41600000,4649995,17400000.0,16200000.0,28800000,5953706,Infiltration
20,2,0,12,0,6,6,6.0,0.0,0,0,0.0,0.0,600000.0,100000.0,20.0,0.0,20,20,20,20.0,0.0,20,20,0,0.0,0.0,0,0,0,0,0,0,40,0,100000.0,0.0,6,6,6.0,0.0,0.0,0,0,0,0,1,1,0,0,0,9.0,6.0,0.0,40,0,0,0,0,0,0,2,12,0,0,538,-1,1,20,0.0,0.0,0,0,0.0,0.0,0,0,Infiltration
4042518,2,1,101,6,95,6,50.5,62.93250353,6,6,6.0,0.0,26.46865147,0.742111723,2021259.0,2857728.216,4041978,540,4041978,4041978.0,0.0,4041978,4041978,0,0.0,0.0,0,0,0,0,0,0,40,20,0.494741149,0.2473705739999999,6,95,28.25,44.5,1980.25,0,0,0,0,1,0,0,0,0,37.66666667,50.5,6.0,40,0,0,0,0,0,0,2,101,1,6,255,0,1,20,0.0,0.0,0,0,0.0,0.0,0,0,Infiltration
18897509,8,0,7366,0,1460,6,920.75,634.2340149,0,0,0.0,0.0,389.7868232,0.4233362189999999,2699644.143,3456029.564,9600510,291814,18900000,2699644.143,3456029.564,9600510,291814,0,0.0,0.0,0,0,1,0,0,0,160,0,0.4233362189999999,0.0,6,1460,825.1111111,659.0086199,434292.3611,0,1,0,0,1,0,0,0,0,928.25,920.75,0.0,160,0,0,0,0,0,0,8,7366,0,0,255,-1,7,20,9296999.0,0.0,9296999,9296999,9600510.0,0.0,9600510,9600510,Infiltration
66695827,32,34,11898,460,1460,0,371.8125,505.35502930000007,267,0,13.52941176,44.79937452,185.2889537,0.989567158,1026089.646,5280456.166,37000000,2,66700000,2151464.935,7548995.503,37000000,4,66700000,2021070.818,7327578.027000003,37000000,2,0,0,0,0,652,692,0.479790137,0.509777021,0,1460,184.4477612,391.8442905,153541.948,0,0,0,1,0,0,0,0,1,187.2424242,371.8125,13.52941176,652,0,0,0,0,0,0,32,11898,34,460,8192,492,31,20,376331.0,362570.0288,730747,6123,21700000.0,14900000.0,37000000,7268675,Infiltration
99651130,15,15,5108,90,1460,6,340.5333333000001,456.2038809,6,6,6.0,0.0,52.16197749,0.301050274,3436245.862,18300000.0,98500000,3,99700000,7117887.429,26300000.0,98500000,3,99700000,7117903.286,26300000.0,98500000,4,1,0,0,0,300,300,0.150525137,0.150525137,6,1460,169.61290319999995,354.2817784,125515.5785,0,1,0,0,1,0,0,0,1,175.2666667,340.5333333000001,6.0,300,0,0,0,0,0,0,15,5108,15,90,255,652,14,20,570315.0,0.0,570315,570315,98500000.0,0.0,98500000,98500000,Infiltration
100460141,26,26,5776,156,1002,6,222.1538462,304.5652235,6,6,6.0,0.0,59.04829459,0.5176182260000001,1969806.686,8655557.349,54800000,36,100000000,4018386.92,12100000.0,54800000,463,100000000,4018391.52,12100000.0,54800000,528,1,0,0,0,520,520,0.258809113,0.258809113,6,1002,112.6037736,237.4695397,56391.78229,0,1,0,0,1,0,0,0,1,114.7692308,222.1538462,6.0,520,0,0,0,0,0,0,26,5776,26,156,255,880,25,20,568411.6667,5121.989587,574107,564183,32700000.0,19100000.0,54800000,21400000,Infiltration
69714525,20,20,3737,120,705,6,186.85,227.1610315,6,6,6.0,0.0,55.32562977,0.5737685220000001,1787551.9230000004,8993025.335,55000000,33,69700000,3669160.421,12800000.0,55000000,417,69700000,3669169.263,12800000.0,55000000,530,1,0,0,0,400,400,0.286884261,0.286884261,6,705,94.95121951,181.0434963,32776.74756,0,1,0,0,1,0,0,0,1,97.325,186.85,6.0,400,0,0,0,0,0,0,20,3737,20,120,255,1063,19,20,557579.0,11.3137085,557587,557571,34000000.0,29700000.0,55000000,13000000,Infiltration
24006815,35,35,13418,210,1460,6,383.37142860000006,499.5694079,6,6,6.0,0.0,567.6721381,2.91583869,347924.8551,2264259.724,18500000,0,24000000,706071.1176,3210073.627,18500000,3,24000000,706060.5588,3210093.825,18500000,0,1,0,0,0,700,700,1.457919345,1.457919345,6,1460,192.4507042,396.4548898,157176.4797,0,1,0,0,1,0,0,0,1,195.2,383.37142860000006,6.0,700,0,0,0,0,0,0,35,13418,35,210,255,1428,34,20,4963369.0,0.0,4963369,4963369,18500000.0,0.0,18500000,18500000,Infiltration
99891716,15,15,5065,90,1460,6,337.6666667,457.9431759,6,6,6.0,0.0,51.60588091,0.300325204,3444541.9310000013,18300000.0,98800000,3,99900000,7135098.642999997,26400000.0,98800000,4,99900000,7135085.857000003,26400000.0,98800000,3,1,0,0,0,300,300,0.150162602,0.150162602,6,1460,168.2258065,354.64026,125769.714,0,1,0,0,1,0,0,0,1,173.83333330000005,337.6666667,6.0,300,0,0,0,0,0,0,15,5065,15,90,255,1452,14,20,569902.0,0.0,569902,569902,98800000.0,0.0,98800000,98800000,Infiltration
101086101,25,25,5821,150,1181,6,232.84,369.0485153,6,6,6.0,0.0,59.0684569,0.494627842,2062981.653,8874378.866,55000000,30,101000000,4211903.416999999,12400000.0,55000000,441,101000000,4211891.666999999,12400000.0,55000000,501,1,0,0,0,500,500,0.247313921,0.247313921,6,1181,117.7843137,279.955376,78375.01255,0,1,0,0,1,0,0,0,1,120.14,232.84,6.0,500,0,0,0,0,0,0,25,5821,25,150,255,1452,24,20,569880.0,14944.52311,582609,553425,32900000.0,19100000.0,55000000,21800000,Infiltration
67917167,20,20,3738,120,705,6,186.9,227.2302102,6,6,6.0,0.0,56.8044895,0.588952716,1741465.821,8907306.251,54800000,32,67900000,3574561.1580000008,12700000.0,54800000,438,67900000,3574570.579,12700000.0,54800000,530,1,0,0,0,400,400,0.294476358,0.294476358,6,705,94.97560976,181.0974169,32796.27439,0,1,0,0,1,0,0,0,1,97.35,186.9,6.0,400,0,0,0,0,0,0,20,3738,20,120,255,1452,19,20,566477.5,11731.60861,574773,558182,33100000.0,30600000.0,54800000,11400000,Infiltration
25009948,34,32,13504,192,1460,6,397.1764706,509.46112180000006,6,6,6.0,0.0,547.6220902000001,2.638949909,384768.4308,2445453.426,19400000,1,25000000,757867.6364,3416248.524,19400000,3,25000000,806760.2258,3522363.739,19400000,1,1,0,0,0,680,640,1.359459044,1.279490865,6,1460,204.9552239,410.4071309,168434.0131,0,1,0,0,1,0,0,0,0,208.0606061,397.1764706,6.0,680,0,0,0,0,0,0,34,13504,32,192,255,1452,33,20,5045921.0,0.0,5045921,5045921,19400000.0,0.0,19400000,19400000,Infiltration
104790355,15,15,5066,90,1036,6,337.7333333,402.1434475,6,6,6.0,0.0,49.20300155,0.28628589,3613460.517,19200000.0,104000000,63,105000000,7484994.357000003,27700000.0,104000000,446,105000000,7485002.071,27700000.0,104000000,653,1,0,0,0,300,300,0.143142945,0.143142945,6,1036,168.2580645,321.5345463999999,103384.4645,0,1,0,0,1,0,0,0,1,173.8666667,337.7333333,6.0,300,0,0,0,0,0,0,15,5066,15,90,255,1452,14,20,571580.0,0.0,571580,571580,104000000.0,0.0,104000000,104000000,Infiltration
101039258,26,26,5810,156,1177,6,223.4615385,324.5229398,6,6,6.0,0.0,59.04635602,0.514651444,1981161.922,8701276.406,55000000,31,101000000,4041554.32,12200000.0,55000000,411,101000000,4041546.56,12200000.0,55000000,528,1,0,0,0,520,520,0.257325722,0.257325722,6,1177,113.245283,250.1431825,62571.61176,0,1,0,0,1,0,0,0,1,115.4230769,223.4615385,6.0,520,0,0,0,0,0,0,26,5810,26,156,255,1452,25,20,558285.6667,10919.81636,570883,551515,32900000.0,19100000.0,55000000,21600000,Infiltration
69483113,20,20,3734,120,705,6,186.7,226.9546906,6,6,6.0,0.0,55.46671462,0.575679446,1781618.282,8982985.218,55000000,33,69500000,3656979.632,12800000.0,55000000,545,69500000,3656980.316,12800000.0,55000000,574,1,0,0,0,400,400,0.287839723,0.287839723,6,705,94.87804878,180.8824473,32718.45976,0,1,0,0,1,0,0,0,1,97.25,186.7,6.0,400,0,0,0,0,0,0,20,3734,20,120,255,1452,19,20,567480.0,12679.8388,576446,558514,33900000.0,29900000.0,55000000,12800000,Infiltration
117923038,45,40,15754,240,1460,6,350.0888889,505.5940171,6,6,6.0,0.0,135.63083410000002,0.7208091090000001,1403845.69,10300000.0,92800000,1,118000000,2680057.409,14200000.0,92800000,1,118000000,3023659.462,15100000.0,92800000,1,1,0,0,0,900,800,0.381604823,0.339204287,6,1460,186.3953488,402.603769,162089.7948,0,1,0,0,1,0,0,0,0,188.5882353,350.0888889,6.0,900,0,0,0,0,0,0,45,15754,40,240,255,1452,44,20,2982953.5,2987574.941,5095488,870419,55700000.0,52500000.0,92800000,18600000,Infiltration
99912925,26,26,6674,156,1164,6,256.6923077,366.0205207,6,6,6.0,0.0,68.35952406,0.520453185,1959076.961,8638857.306,55000000,32,99900000,3996503.52,12100000.0,55000000,512,99900000,3996499.4,12100000.0,55000000,550,1,0,0,0,520,520,0.260226592,0.260226592,6,1164,130.0,283.2257865,80216.84615,0,1,0,0,1,0,0,0,1,132.5,256.6923077,6.0,520,0,0,0,0,0,0,26,6674,26,156,255,1452,25,20,631225.6667,94442.97423,740279,576642,32500000.0,19500000.0,55000000,20900000,Infiltration
111406728,21,21,4584,126,705,6,218.2857143,254.82486980000004,6,6,6.0,0.0,42.27751846,0.37699698,2717237.268,12000000.0,54800000,34,111000000,5570320.6,16900000.0,54800000,426,111000000,5570320.45,16900000.0,54800000,534,1,0,0,0,420,420,0.18849849,0.18849849,6,705,110.372093,205.7253165,42322.90587,0,1,0,0,1,0,0,0,1,113.0,218.2857143,6.0,420,0,0,0,0,0,0,21,4584,21,126,255,1452,20,20,583227.0,1907.774096,584576,581878,54800000.0,1449.568901,54800000,54800000,Infiltration
79492070,41,39,14666,234,1460,6,357.7073171,472.2611695000001,6,6,6.0,0.0,187.4400805,1.006389694,1006228.734,6506653.616,55100000,1,79500000,1987290.55,9092648.59,55100000,3,79500000,2091882.921,9323046.481,55100000,1,1,0,0,0,820,780,0.515774718,0.490614976,6,1460,184.6419753,377.66378260000016,142629.9327,0,1,0,0,1,0,0,0,0,186.95,357.7073171,6.0,820,0,0,0,0,0,0,41,14666,39,234,255,1452,40,20,2774772.5,3121181.353,4981781,567764,36700000.0,26000000.0,55100000,18300000,Infiltration
48450959,7,8,1959,48,963,6,279.8571429,369.4633173,6,6,6.0,0.0,41.42332869,0.309591395,3460782.786000001,12600000.0,47200000,42,1211280,201880.0,469521.0107,1159621,453,48500000,6921524.142999997,17800000.0,47200000,714,1,0,0,0,140,160,0.144475984,0.165115411,6,963,129.1875,271.3075054,73607.7625,0,1,0,0,1,0,0,0,1,137.8,279.8571429,6.0,140,0,0,0,0,0,0,7,1959,8,48,255,1452,6,20,0.0,0.0,0,0,0.0,0.0,0,0,Infiltration
56538478,2,1,66,6,60,6,33.0,38.18376618,6,6,6.0,0.0,1.273469017,0.053061209,28300000.0,40000000.0,56500000,389,56500000,56500000.0,0.0,56500000,56500000,0,0.0,0.0,0,0,0,0,0,0,40,20,0.035374139,0.01768707,6,60,19.5,27.0,729.0,0,0,0,0,1,0,0,0,0,26.0,33.0,6.0,40,0,0,0,0,0,0,2,66,1,6,255,0,1,20,0.0,0.0,0,0,56500000.0,0.0,56500000,56500000,Infiltration
